architecture,horizon,run,success,errors_introduced,errors_detected,errors_recovered,escaped_errors,agent_calls
single,10,0,1,0,0,0,0,10
reflection,10,0,1,0,2,2,0,12
static_team,10,0,1,0,0,0,0,20
corpus_mesh,10,0,1,0,0,0,0,21
single,10,1,1,0,0,0,0,10
reflection,10,1,1,0,4,4,0,14
static_team,10,1,1,0,0,0,0,20
corpus_mesh,10,1,1,0,0,0,0,22
single,10,2,1,0,0,0,0,10
reflection,10,2,1,0,3,3,0,13
static_team,10,2,1,0,0,0,0,20
corpus_mesh,10,2,1,0,0,0,0,20
single,10,3,1,0,0,0,0,10
reflection,10,3,1,0,6,6,0,16
static_team,10,3,1,0,0,0,0,21
corpus_mesh,10,3,1,0,0,0,0,21
single,10,4,1,0,0,0,0,10
reflection,10,4,1,0,4,4,0,14
static_team,10,4,1,0,0,0,0,20
corpus_mesh,10,4,1,0,0,0,0,21
single,10,5,1,0,0,0,0,10
reflection,10,5,1,0,3,3,0,13
static_team,10,5,1,1,1,1,0,21
corpus_mesh,10,5,1,0,0,0,0,22
single,10,6,1,0,0,0,0,10
reflection,10,6,1,0,4,4,0,14
static_team,10,6,1,0,0,0,0,20
corpus_mesh,10,6,1,0,0,0,0,20
single,10,7,1,0,0,0,0,10
reflection,10,7,1,0,4,4,0,14
static_team,10,7,1,0,0,0,0,21
corpus_mesh,10,7,1,0,0,0,0,23
single,10,8,1,0,0,0,0,10
reflection,10,8,1,0,5,5,0,15
static_team,10,8,1,0,0,0,0,20
corpus_mesh,10,8,1,0,0,0,0,20
single,10,9,1,0,0,0,0,10
reflection,10,9,1,0,4,4,0,14
static_team,10,9,1,0,0,0,0,20
corpus_mesh,10,9,1,0,0,0,0,20
single,10,10,1,0,0,0,0,10
reflection,10,10,1,0,2,2,0,12
static_team,10,10,1,0,0,0,0,20
corpus_mesh,10,10,1,0,0,0,0,23
single,10,11,1,0,0,0,0,10
reflection,10,11,1,0,2,2,0,12
static_team,10,11,1,0,0,0,0,20
corpus_mesh,10,11,1,0,0,0,0,21
single,10,12,1,0,0,0,0,10
reflection,10,12,1,0,2,2,0,12
static_team,10,12,1,0,0,0,0,20
corpus_mesh,10,12,1,0,0,0,0,20
single,10,13,1,0,0,0,0,10
reflection,10,13,1,0,2,2,0,12
static_team,10,13,1,0,0,0,0,20
corpus_mesh,10,13,1,0,0,0,0,20
single,10,14,1,0,0,0,0,10
reflection,10,14,1,0,2,2,0,12
static_team,10,14,1,0,0,0,0,20
corpus_mesh,10,14,1,0,0,0,0,20
single,10,15,1,0,0,0,0,10
reflection,10,15,1,0,2,2,0,12
static_team,10,15,1,0,0,0,0,20
corpus_mesh,10,15,1,0,0,0,0,23
single,10,16,0,1,0,0,1,10
reflection,10,16,1,0,3,3,0,13
static_team,10,16,1,0,0,0,0,20
corpus_mesh,10,16,1,0,0,0,0,21
single,10,17,1,0,0,0,0,10
reflection,10,17,1,0,4,4,0,14
static_team,10,17,1,0,0,0,0,20
corpus_mesh,10,17,1,0,0,0,0,22
single,10,18,1,0,0,0,0,10
reflection,10,18,1,0,4,4,0,14
static_team,10,18,1,1,1,1,0,21
corpus_mesh,10,18,1,0,0,0,0,22
single,10,19,1,0,0,0,0,10
reflection,10,19,0,0,5,4,1,15
static_team,10,19,1,0,0,0,0,20
corpus_mesh,10,19,1,0,0,0,0,21
single,10,20,1,0,0,0,0,10
reflection,10,20,0,1,3,3,1,13
static_team,10,20,1,0,0,0,0,20
corpus_mesh,10,20,1,0,0,0,0,20
single,10,21,1,0,0,0,0,10
reflection,10,21,1,0,4,4,0,14
static_team,10,21,1,0,0,0,0,20
corpus_mesh,10,21,1,0,0,0,0,22
single,10,22,1,0,0,0,0,10
reflection,10,22,1,0,5,5,0,15
static_team,10,22,1,0,0,0,0,20
corpus_mesh,10,22,1,0,0,0,0,20
single,10,23,1,0,0,0,0,10
reflection,10,23,1,0,3,3,0,13
static_team,10,23,1,0,0,0,0,20
corpus_mesh,10,23,1,0,0,0,0,20
single,10,24,1,0,0,0,0,10
reflection,10,24,1,0,4,4,0,14
static_team,10,24,1,0,0,0,0,20
corpus_mesh,10,24,1,0,0,0,0,21
single,10,25,1,0,0,0,0,10
reflection,10,25,1,0,3,3,0,13
static_team,10,25,1,0,0,0,0,20
corpus_mesh,10,25,1,0,0,0,0,22
single,10,26,1,0,0,0,0,10
reflection,10,26,1,0,2,2,0,12
static_team,10,26,1,0,0,0,0,20
corpus_mesh,10,26,1,0,0,0,0,21
single,10,27,1,0,0,0,0,10
reflection,10,27,1,0,1,1,0,11
static_team,10,27,1,1,1,1,0,21
corpus_mesh,10,27,1,1,1,1,0,23
single,10,28,1,0,0,0,0,10
reflection,10,28,1,0,3,3,0,13
static_team,10,28,1,0,0,0,0,20
corpus_mesh,10,28,1,1,1,1,0,22
single,10,29,1,0,0,0,0,10
reflection,10,29,1,0,4,4,0,14
static_team,10,29,0,0,0,0,1,22
corpus_mesh,10,29,1,0,0,0,0,20
single,10,30,1,0,0,0,0,10
reflection,10,30,1,0,4,4,0,14
static_team,10,30,1,1,1,1,0,21
corpus_mesh,10,30,1,0,0,0,0,20
single,10,31,1,0,0,0,0,10
reflection,10,31,0,1,4,4,1,14
static_team,10,31,1,1,1,1,0,21
corpus_mesh,10,31,1,1,1,1,0,22
single,10,32,0,1,0,0,1,10
reflection,10,32,1,0,1,1,0,11
static_team,10,32,1,0,0,0,0,20
corpus_mesh,10,32,1,0,0,0,0,20
single,10,33,1,0,0,0,0,10
reflection,10,33,1,0,4,4,0,14
static_team,10,33,1,0,0,0,0,20
corpus_mesh,10,33,1,0,0,0,0,20
single,10,34,1,0,0,0,0,10
reflection,10,34,1,1,2,2,0,12
static_team,10,34,1,0,0,0,0,20
corpus_mesh,10,34,1,0,0,0,0,22
single,10,35,1,0,0,0,0,10
reflection,10,35,1,0,6,6,0,16
static_team,10,35,1,0,0,0,0,20
corpus_mesh,10,35,1,0,0,0,0,21
single,10,36,0,1,0,0,1,10
reflection,10,36,1,0,4,4,0,14
static_team,10,36,1,0,0,0,0,20
corpus_mesh,10,36,1,0,0,0,0,22
single,10,37,1,0,0,0,0,10
reflection,10,37,1,0,0,0,0,10
static_team,10,37,1,0,0,0,0,20
corpus_mesh,10,37,1,0,0,0,0,20
single,10,38,1,0,0,0,0,10
reflection,10,38,1,0,4,4,0,14
static_team,10,38,1,0,0,0,0,20
corpus_mesh,10,38,1,0,0,0,0,21
single,10,39,1,0,0,0,0,10
reflection,10,39,1,0,1,1,0,11
static_team,10,39,1,0,0,0,0,21
corpus_mesh,10,39,1,1,1,1,0,23
single,10,40,1,0,0,0,0,10
reflection,10,40,1,0,6,6,0,16
static_team,10,40,1,1,1,1,0,21
corpus_mesh,10,40,1,0,0,0,0,21
single,10,41,0,1,0,0,1,10
reflection,10,41,0,0,2,1,1,12
static_team,10,41,1,1,1,1,0,21
corpus_mesh,10,41,1,0,0,0,0,20
single,10,42,1,0,0,0,0,10
reflection,10,42,1,0,2,2,0,12
static_team,10,42,1,0,0,0,0,20
corpus_mesh,10,42,1,0,0,0,0,21
single,10,43,0,1,0,0,1,10
reflection,10,43,1,0,4,4,0,14
static_team,10,43,1,1,1,1,0,21
corpus_mesh,10,43,1,0,0,0,0,20
single,10,44,0,1,0,0,1,10
reflection,10,44,1,0,3,3,0,13
static_team,10,44,1,0,0,0,0,20
corpus_mesh,10,44,1,0,0,0,0,21
single,10,45,1,0,0,0,0,10
reflection,10,45,1,0,4,4,0,14
static_team,10,45,1,0,0,0,0,20
corpus_mesh,10,45,1,0,0,0,0,20
single,10,46,1,0,0,0,0,10
reflection,10,46,1,0,3,3,0,13
static_team,10,46,1,0,0,0,0,21
corpus_mesh,10,46,1,0,0,0,0,20
single,10,47,1,0,0,0,0,10
reflection,10,47,1,0,2,2,0,12
static_team,10,47,1,0,0,0,0,20
corpus_mesh,10,47,1,0,0,0,0,21
single,10,48,1,0,0,0,0,10
reflection,10,48,1,0,2,2,0,12
static_team,10,48,1,1,1,1,0,21
corpus_mesh,10,48,1,0,0,0,0,21
single,10,49,0,1,0,0,1,10
reflection,10,49,1,0,2,2,0,12
static_team,10,49,1,0,0,0,0,20
corpus_mesh,10,49,1,0,0,0,0,21
single,10,50,1,0,0,0,0,10
reflection,10,50,0,0,4,3,1,14
static_team,10,50,1,0,0,0,0,20
corpus_mesh,10,50,1,0,0,0,0,21
single,10,51,1,0,0,0,0,10
reflection,10,51,1,0,0,0,0,10
static_team,10,51,1,0,0,0,0,20
corpus_mesh,10,51,1,0,0,0,0,23
single,10,52,1,0,0,0,0,10
reflection,10,52,1,0,4,4,0,14
static_team,10,52,1,0,0,0,0,20
corpus_mesh,10,52,1,0,0,0,0,20
single,10,53,0,1,0,0,1,10
reflection,10,53,1,0,2,2,0,12
static_team,10,53,1,0,0,0,0,20
corpus_mesh,10,53,1,0,0,0,0,21
single,10,54,1,0,0,0,0,10
reflection,10,54,1,0,3,3,0,13
static_team,10,54,1,0,0,0,0,20
corpus_mesh,10,54,1,0,0,0,0,21
single,10,55,1,0,0,0,0,10
reflection,10,55,1,1,2,2,0,12
static_team,10,55,1,0,0,0,0,20
corpus_mesh,10,55,1,0,0,0,0,22
single,10,56,1,0,0,0,0,10
reflection,10,56,1,0,2,2,0,12
static_team,10,56,1,0,0,0,0,20
corpus_mesh,10,56,1,0,0,0,0,20
single,10,57,0,1,0,0,1,10
reflection,10,57,1,0,2,2,0,12
static_team,10,57,1,0,0,0,0,20
corpus_mesh,10,57,1,0,0,0,0,21
single,10,58,1,0,0,0,0,10
reflection,10,58,1,0,4,4,0,14
static_team,10,58,1,0,0,0,0,20
corpus_mesh,10,58,1,0,0,0,0,20
single,10,59,1,0,0,0,0,10
reflection,10,59,1,0,1,1,0,11
static_team,10,59,1,0,0,0,0,20
corpus_mesh,10,59,1,0,0,0,0,20
single,10,60,0,1,0,0,1,10
reflection,10,60,1,0,3,3,0,13
static_team,10,60,1,0,0,0,0,20
corpus_mesh,10,60,1,0,0,0,0,21
single,10,61,1,0,0,0,0,10
reflection,10,61,1,0,3,3,0,13
static_team,10,61,1,0,0,0,0,20
corpus_mesh,10,61,1,0,0,0,0,21
single,10,62,1,0,0,0,0,10
reflection,10,62,1,0,3,3,0,13
static_team,10,62,1,0,0,0,0,20
corpus_mesh,10,62,1,1,1,1,0,24
single,10,63,1,0,0,0,0,10
reflection,10,63,1,0,1,1,0,11
static_team,10,63,1,0,0,0,0,20
corpus_mesh,10,63,1,0,0,0,0,20
single,10,64,1,0,0,0,0,10
reflection,10,64,1,0,3,3,0,13
static_team,10,64,1,0,0,0,0,20
corpus_mesh,10,64,1,1,1,1,0,23
single,10,65,1,0,0,0,0,10
reflection,10,65,1,0,2,2,0,12
static_team,10,65,1,0,0,0,0,20
corpus_mesh,10,65,1,1,1,1,0,23
single,10,66,1,0,0,0,0,10
reflection,10,66,1,0,1,1,0,11
static_team,10,66,1,0,0,0,0,20
corpus_mesh,10,66,1,0,0,0,0,21
single,10,67,1,0,0,0,0,10
reflection,10,67,1,0,6,6,0,16
static_team,10,67,1,0,0,0,0,20
corpus_mesh,10,67,1,0,0,0,0,23
single,10,68,1,0,0,0,0,10
reflection,10,68,1,1,2,2,0,12
static_team,10,68,1,0,0,0,0,20
corpus_mesh,10,68,1,0,0,0,0,21
single,10,69,1,0,0,0,0,10
reflection,10,69,1,0,4,4,0,14
static_team,10,69,1,0,0,0,0,20
corpus_mesh,10,69,1,0,0,0,0,21
single,10,70,1,0,0,0,0,10
reflection,10,70,1,0,2,2,0,12
static_team,10,70,1,0,0,0,0,20
corpus_mesh,10,70,1,0,0,0,0,21
single,10,71,1,0,0,0,0,10
reflection,10,71,1,0,3,3,0,13
static_team,10,71,1,0,0,0,0,20
corpus_mesh,10,71,1,0,0,0,0,21
single,10,72,1,0,0,0,0,10
reflection,10,72,1,0,2,2,0,12
static_team,10,72,1,0,0,0,0,20
corpus_mesh,10,72,1,1,1,1,0,23
single,10,73,0,1,0,0,1,10
reflection,10,73,1,0,3,3,0,13
static_team,10,73,1,0,0,0,0,20
corpus_mesh,10,73,1,0,0,0,0,21
single,10,74,1,0,0,0,0,10
reflection,10,74,1,0,5,5,0,15
static_team,10,74,1,0,0,0,0,20
corpus_mesh,10,74,1,0,0,0,0,20
single,10,75,1,0,0,0,0,10
reflection,10,75,1,0,6,6,0,16
static_team,10,75,1,0,0,0,0,20
corpus_mesh,10,75,1,0,0,0,0,21
single,10,76,1,0,0,0,0,10
reflection,10,76,1,0,3,3,0,13
static_team,10,76,1,0,0,0,0,21
corpus_mesh,10,76,1,0,0,0,0,22
single,10,77,1,0,0,0,0,10
reflection,10,77,0,1,2,2,1,12
static_team,10,77,1,1,1,1,0,21
corpus_mesh,10,77,1,0,0,0,0,22
single,10,78,1,0,0,0,0,10
reflection,10,78,1,0,4,4,0,14
static_team,10,78,1,1,1,1,0,21
corpus_mesh,10,78,1,1,1,1,0,22
single,10,79,1,0,0,0,0,10
reflection,10,79,1,0,2,2,0,12
static_team,10,79,1,0,0,0,0,20
corpus_mesh,10,79,1,0,0,0,0,20
single,10,80,1,0,0,0,0,10
reflection,10,80,0,1,6,6,1,16
static_team,10,80,1,0,0,0,0,20
corpus_mesh,10,80,1,0,0,0,0,21
single,10,81,1,0,0,0,0,10
reflection,10,81,0,1,0,0,1,10
static_team,10,81,1,1,1,1,0,21
corpus_mesh,10,81,1,0,0,0,0,21
single,10,82,1,0,0,0,0,10
reflection,10,82,1,0,3,3,0,13
static_team,10,82,1,0,0,0,0,20
corpus_mesh,10,82,1,0,0,0,0,21
single,10,83,0,1,0,0,1,10
reflection,10,83,1,0,2,2,0,12
static_team,10,83,1,0,0,0,0,20
corpus_mesh,10,83,1,0,0,0,0,21
single,10,84,1,0,0,0,0,10
reflection,10,84,1,0,1,1,0,11
static_team,10,84,1,0,0,0,0,20
corpus_mesh,10,84,1,0,0,0,0,20
single,10,85,1,0,0,0,0,10
reflection,10,85,1,0,3,3,0,13
static_team,10,85,1,0,0,0,0,20
corpus_mesh,10,85,1,1,1,1,0,22
single,10,86,1,0,0,0,0,10
reflection,10,86,1,0,1,1,0,11
static_team,10,86,1,0,0,0,0,20
corpus_mesh,10,86,1,0,0,0,0,21
single,10,87,1,0,0,0,0,10
reflection,10,87,1,0,0,0,0,10
static_team,10,87,1,0,0,0,0,20
corpus_mesh,10,87,1,0,0,0,0,21
single,10,88,1,0,0,0,0,10
reflection,10,88,1,0,1,1,0,11
static_team,10,88,1,0,0,0,0,20
corpus_mesh,10,88,1,2,2,2,0,25
single,10,89,1,0,0,0,0,10
reflection,10,89,1,0,1,1,0,11
static_team,10,89,1,1,1,1,0,21
corpus_mesh,10,89,1,0,0,0,0,22
single,10,90,1,0,0,0,0,10
reflection,10,90,0,1,4,4,1,14
static_team,10,90,1,0,0,0,0,20
corpus_mesh,10,90,1,0,0,0,0,22
single,10,91,1,0,0,0,0,10
reflection,10,91,0,1,2,2,1,12
static_team,10,91,1,0,0,0,0,20
corpus_mesh,10,91,1,0,0,0,0,22
single,10,92,1,0,0,0,0,10
reflection,10,92,1,0,3,3,0,13
static_team,10,92,1,0,0,0,0,21
corpus_mesh,10,92,1,0,0,0,0,21
single,10,93,1,0,0,0,0,10
reflection,10,93,0,1,3,3,1,13
static_team,10,93,1,0,0,0,0,20
corpus_mesh,10,93,1,0,0,0,0,22
single,10,94,1,0,0,0,0,10
reflection,10,94,1,0,4,4,0,14
static_team,10,94,1,0,0,0,0,20
corpus_mesh,10,94,1,1,1,1,0,23
single,10,95,0,1,0,0,1,10
reflection,10,95,1,0,3,3,0,13
static_team,10,95,1,0,0,0,0,20
corpus_mesh,10,95,1,0,0,0,0,21
single,10,96,1,0,0,0,0,10
reflection,10,96,1,0,2,2,0,12
static_team,10,96,1,0,0,0,0,20
corpus_mesh,10,96,1,0,0,0,0,22
single,10,97,1,0,0,0,0,10
reflection,10,97,1,0,3,3,0,13
static_team,10,97,1,0,0,0,0,20
corpus_mesh,10,97,1,0,0,0,0,20
single,10,98,1,0,0,0,0,10
reflection,10,98,0,0,5,4,1,15
static_team,10,98,1,0,0,0,0,20
corpus_mesh,10,98,1,1,1,1,0,26
single,10,99,1,0,0,0,0,10
reflection,10,99,0,1,4,4,1,14
static_team,10,99,1,0,0,0,0,20
corpus_mesh,10,99,1,0,0,0,0,23
single,10,100,1,0,0,0,0,10
reflection,10,100,1,0,4,4,0,14
static_team,10,100,1,0,0,0,0,20
corpus_mesh,10,100,1,0,0,0,0,21
single,10,101,1,0,0,0,0,10
reflection,10,101,1,0,5,5,0,15
static_team,10,101,1,0,0,0,0,20
corpus_mesh,10,101,1,0,0,0,0,22
single,10,102,1,0,0,0,0,10
reflection,10,102,1,0,2,2,0,12
static_team,10,102,1,0,0,0,0,20
corpus_mesh,10,102,1,1,1,1,0,22
single,10,103,1,0,0,0,0,10
reflection,10,103,1,0,2,2,0,12
static_team,10,103,1,0,0,0,0,20
corpus_mesh,10,103,1,0,0,0,0,24
single,10,104,1,0,0,0,0,10
reflection,10,104,1,0,1,1,0,11
static_team,10,104,1,0,0,0,0,21
corpus_mesh,10,104,1,0,0,0,0,21
single,10,105,1,0,0,0,0,10
reflection,10,105,1,0,3,3,0,13
static_team,10,105,1,0,0,0,0,20
corpus_mesh,10,105,1,0,0,0,0,20
single,10,106,1,0,0,0,0,10
reflection,10,106,1,0,3,3,0,13
static_team,10,106,1,0,0,0,0,20
corpus_mesh,10,106,1,1,1,1,0,24
single,10,107,1,0,0,0,0,10
reflection,10,107,1,0,7,7,0,17
static_team,10,107,1,0,0,0,0,20
corpus_mesh,10,107,1,0,0,0,0,20
single,10,108,1,0,0,0,0,10
reflection,10,108,1,0,2,2,0,12
static_team,10,108,1,0,0,0,0,20
corpus_mesh,10,108,1,0,0,0,0,20
single,10,109,1,0,0,0,0,10
reflection,10,109,1,0,3,3,0,13
static_team,10,109,1,0,0,0,0,20
corpus_mesh,10,109,1,0,0,0,0,23
single,10,110,1,0,0,0,0,10
reflection,10,110,1,0,3,3,0,13
static_team,10,110,1,0,0,0,0,20
corpus_mesh,10,110,1,1,1,1,0,23
single,10,111,1,0,0,0,0,10
reflection,10,111,1,0,2,2,0,12
static_team,10,111,1,0,0,0,0,21
corpus_mesh,10,111,1,1,1,1,0,22
single,10,112,1,0,0,0,0,10
reflection,10,112,1,0,5,5,0,15
static_team,10,112,1,1,1,1,0,21
corpus_mesh,10,112,1,0,0,0,0,21
single,10,113,1,0,0,0,0,10
reflection,10,113,1,0,3,3,0,13
static_team,10,113,1,0,0,0,0,20
corpus_mesh,10,113,1,0,0,0,0,22
single,10,114,1,0,0,0,0,10
reflection,10,114,1,0,3,3,0,13
static_team,10,114,1,1,1,1,0,21
corpus_mesh,10,114,1,0,0,0,0,20
single,10,115,1,0,0,0,0,10
reflection,10,115,1,0,2,2,0,12
static_team,10,115,1,1,1,1,0,21
corpus_mesh,10,115,1,0,0,0,0,21
single,10,116,1,0,0,0,0,10
reflection,10,116,1,0,2,2,0,12
static_team,10,116,1,0,0,0,0,20
corpus_mesh,10,116,1,0,0,0,0,20
single,10,117,1,0,0,0,0,10
reflection,10,117,1,0,5,5,0,15
static_team,10,117,1,0,0,0,0,20
corpus_mesh,10,117,1,1,1,1,0,23
single,10,118,1,0,0,0,0,10
reflection,10,118,1,0,2,2,0,12
static_team,10,118,1,0,0,0,0,20
corpus_mesh,10,118,1,0,0,0,0,22
single,10,119,0,1,0,0,1,10
reflection,10,119,1,0,1,1,0,11
static_team,10,119,1,0,0,0,0,20
corpus_mesh,10,119,1,0,0,0,0,21
single,10,120,1,0,0,0,0,10
reflection,10,120,1,0,5,5,0,15
static_team,10,120,1,0,0,0,0,21
corpus_mesh,10,120,1,0,0,0,0,21
single,10,121,1,0,0,0,0,10
reflection,10,121,1,0,3,3,0,13
static_team,10,121,1,0,0,0,0,20
corpus_mesh,10,121,1,0,0,0,0,21
single,10,122,1,0,0,0,0,10
reflection,10,122,1,0,5,5,0,15
static_team,10,122,1,1,1,1,0,21
corpus_mesh,10,122,1,1,1,1,0,23
single,10,123,1,0,0,0,0,10
reflection,10,123,1,0,2,2,0,12
static_team,10,123,1,0,0,0,0,20
corpus_mesh,10,123,1,0,0,0,0,22
single,10,124,1,0,0,0,0,10
reflection,10,124,0,0,3,2,1,13
static_team,10,124,1,0,0,0,0,20
corpus_mesh,10,124,1,0,0,0,0,22
single,10,125,1,0,0,0,0,10
reflection,10,125,1,0,2,2,0,12
static_team,10,125,1,0,0,0,0,20
corpus_mesh,10,125,1,0,0,0,0,20
single,10,126,1,0,0,0,0,10
reflection,10,126,1,0,3,3,0,13
static_team,10,126,1,0,0,0,0,20
corpus_mesh,10,126,1,0,0,0,0,20
single,10,127,1,0,0,0,0,10
reflection,10,127,0,0,3,2,1,13
static_team,10,127,1,0,0,0,0,20
corpus_mesh,10,127,1,0,0,0,0,22
single,10,128,1,0,0,0,0,10
reflection,10,128,0,1,2,2,1,12
static_team,10,128,1,1,1,1,0,21
corpus_mesh,10,128,1,0,0,0,0,22
single,10,129,1,0,0,0,0,10
reflection,10,129,1,0,2,2,0,12
static_team,10,129,1,0,0,0,0,20
corpus_mesh,10,129,1,1,1,1,0,24
single,10,130,1,0,0,0,0,10
reflection,10,130,1,0,3,3,0,13
static_team,10,130,1,0,0,0,0,20
corpus_mesh,10,130,1,0,0,0,0,20
single,10,131,0,1,0,0,1,10
reflection,10,131,0,1,1,1,1,11
static_team,10,131,1,0,0,0,0,20
corpus_mesh,10,131,1,0,0,0,0,21
single,10,132,1,0,0,0,0,10
reflection,10,132,1,0,3,3,0,13
static_team,10,132,1,0,0,0,0,20
corpus_mesh,10,132,1,1,1,1,0,22
single,10,133,1,0,0,0,0,10
reflection,10,133,1,0,2,2,0,12
static_team,10,133,1,0,0,0,0,20
corpus_mesh,10,133,1,0,0,0,0,21
single,10,134,0,1,0,0,1,10
reflection,10,134,1,0,1,1,0,11
static_team,10,134,1,0,0,0,0,21
corpus_mesh,10,134,1,0,0,0,0,22
single,10,135,1,0,0,0,0,10
reflection,10,135,1,0,5,5,0,15
static_team,10,135,1,1,1,1,0,21
corpus_mesh,10,135,1,0,0,0,0,20
single,10,136,1,0,0,0,0,10
reflection,10,136,1,0,2,2,0,12
static_team,10,136,1,0,0,0,0,20
corpus_mesh,10,136,1,0,0,0,0,20
single,10,137,1,0,0,0,0,10
reflection,10,137,1,0,1,1,0,11
static_team,10,137,1,0,0,0,0,20
corpus_mesh,10,137,1,0,0,0,0,20
single,10,138,1,0,0,0,0,10
reflection,10,138,1,0,4,4,0,14
static_team,10,138,1,2,2,2,0,22
corpus_mesh,10,138,1,0,0,0,0,21
single,10,139,1,0,0,0,0,10
reflection,10,139,1,1,4,4,0,14
static_team,10,139,1,0,0,0,0,20
corpus_mesh,10,139,1,0,0,0,0,22
single,10,140,1,0,0,0,0,10
reflection,10,140,1,0,4,4,0,14
static_team,10,140,1,0,0,0,0,20
corpus_mesh,10,140,1,0,0,0,0,20
single,10,141,0,1,0,0,1,10
reflection,10,141,1,0,3,3,0,13
static_team,10,141,1,0,0,0,0,20
corpus_mesh,10,141,1,0,0,0,0,22
single,10,142,1,0,0,0,0,10
reflection,10,142,0,1,5,5,1,15
static_team,10,142,1,0,0,0,0,20
corpus_mesh,10,142,1,0,0,0,0,21
single,10,143,1,0,0,0,0,10
reflection,10,143,1,0,3,3,0,13
static_team,10,143,0,0,0,0,1,21
corpus_mesh,10,143,1,0,0,0,0,20
single,10,144,1,0,0,0,0,10
reflection,10,144,1,0,4,4,0,14
static_team,10,144,1,1,1,1,0,21
corpus_mesh,10,144,1,1,1,1,0,24
single,10,145,1,0,0,0,0,10
reflection,10,145,1,0,1,1,0,11
static_team,10,145,1,0,0,0,0,20
corpus_mesh,10,145,1,1,1,1,0,22
single,10,146,1,0,0,0,0,10
reflection,10,146,1,0,2,2,0,12
static_team,10,146,1,0,0,0,0,20
corpus_mesh,10,146,1,0,0,0,0,21
single,10,147,1,0,0,0,0,10
reflection,10,147,1,0,1,1,0,11
static_team,10,147,1,0,0,0,0,20
corpus_mesh,10,147,1,1,1,1,0,23
single,10,148,1,0,0,0,0,10
reflection,10,148,1,0,5,5,0,15
static_team,10,148,1,1,1,1,0,21
corpus_mesh,10,148,1,0,0,0,0,21
single,10,149,1,0,0,0,0,10
reflection,10,149,1,0,7,7,0,17
static_team,10,149,1,0,0,0,0,20
corpus_mesh,10,149,1,0,0,0,0,21
single,10,150,1,0,0,0,0,10
reflection,10,150,1,0,3,3,0,13
static_team,10,150,1,0,0,0,0,20
corpus_mesh,10,150,1,0,0,0,0,21
single,10,151,1,0,0,0,0,10
reflection,10,151,1,0,3,3,0,13
static_team,10,151,1,0,0,0,0,20
corpus_mesh,10,151,1,0,0,0,0,21
single,10,152,1,0,0,0,0,10
reflection,10,152,1,0,4,4,0,14
static_team,10,152,1,1,1,1,0,21
corpus_mesh,10,152,1,0,0,0,0,21
single,10,153,1,0,0,0,0,10
reflection,10,153,1,0,1,1,0,11
static_team,10,153,1,0,0,0,0,20
corpus_mesh,10,153,1,0,0,0,0,21
single,10,154,1,0,0,0,0,10
reflection,10,154,1,0,0,0,0,10
static_team,10,154,1,0,0,0,0,20
corpus_mesh,10,154,1,1,1,1,0,23
single,10,155,0,1,0,0,1,10
reflection,10,155,1,0,3,3,0,13
static_team,10,155,1,0,0,0,0,20
corpus_mesh,10,155,0,1,1,0,1,23
single,10,156,1,0,0,0,0,10
reflection,10,156,1,0,4,4,0,14
static_team,10,156,1,1,1,1,0,21
corpus_mesh,10,156,1,0,0,0,0,20
single,10,157,1,0,0,0,0,10
reflection,10,157,1,0,2,2,0,12
static_team,10,157,1,0,0,0,0,20
corpus_mesh,10,157,1,0,0,0,0,20
single,10,158,1,0,0,0,0,10
reflection,10,158,1,0,3,3,0,13
static_team,10,158,1,0,0,0,0,20
corpus_mesh,10,158,1,0,0,0,0,20
single,10,159,1,0,0,0,0,10
reflection,10,159,1,0,3,3,0,13
static_team,10,159,1,0,0,0,0,20
corpus_mesh,10,159,1,0,0,0,0,20
single,10,160,1,0,0,0,0,10
reflection,10,160,1,0,4,4,0,14
static_team,10,160,1,1,1,1,0,21
corpus_mesh,10,160,1,1,1,1,0,22
single,10,161,1,0,0,0,0,10
reflection,10,161,1,0,4,4,0,14
static_team,10,161,1,1,1,1,0,21
corpus_mesh,10,161,1,0,0,0,0,20
single,10,162,1,0,0,0,0,10
reflection,10,162,0,1,4,4,1,14
static_team,10,162,1,0,0,0,0,20
corpus_mesh,10,162,1,1,1,1,0,23
single,10,163,1,0,0,0,0,10
reflection,10,163,0,0,4,3,1,14
static_team,10,163,1,0,0,0,0,20
corpus_mesh,10,163,1,0,0,0,0,22
single,10,164,1,0,0,0,0,10
reflection,10,164,0,1,2,2,1,12
static_team,10,164,1,0,0,0,0,20
corpus_mesh,10,164,1,0,0,0,0,20
single,10,165,1,0,0,0,0,10
reflection,10,165,0,0,2,1,1,12
static_team,10,165,1,0,0,0,0,20
corpus_mesh,10,165,1,0,0,0,0,20
single,10,166,1,0,0,0,0,10
reflection,10,166,1,0,2,2,0,12
static_team,10,166,1,0,0,0,0,20
corpus_mesh,10,166,1,0,0,0,0,21
single,10,167,1,0,0,0,0,10
reflection,10,167,1,0,3,3,0,13
static_team,10,167,1,2,2,2,0,22
corpus_mesh,10,167,1,0,0,0,0,25
single,10,168,0,1,0,0,1,10
reflection,10,168,1,0,3,3,0,13
static_team,10,168,1,0,0,0,0,20
corpus_mesh,10,168,1,0,0,0,0,21
single,10,169,1,0,0,0,0,10
reflection,10,169,1,0,2,2,0,12
static_team,10,169,1,0,0,0,0,20
corpus_mesh,10,169,1,0,0,0,0,21
single,10,170,1,0,0,0,0,10
reflection,10,170,1,0,4,4,0,14
static_team,10,170,1,0,0,0,0,20
corpus_mesh,10,170,1,0,0,0,0,21
single,10,171,1,0,0,0,0,10
reflection,10,171,1,0,0,0,0,10
static_team,10,171,1,0,0,0,0,20
corpus_mesh,10,171,1,0,0,0,0,21
single,10,172,1,0,0,0,0,10
reflection,10,172,1,1,4,4,0,14
static_team,10,172,1,1,1,1,0,22
corpus_mesh,10,172,1,1,1,1,0,23
single,10,173,1,0,0,0,0,10
reflection,10,173,1,0,3,3,0,13
static_team,10,173,1,0,0,0,0,20
corpus_mesh,10,173,1,0,0,0,0,21
single,10,174,1,0,0,0,0,10
reflection,10,174,1,0,3,3,0,13
static_team,10,174,1,0,0,0,0,20
corpus_mesh,10,174,1,0,0,0,0,21
single,10,175,1,0,0,0,0,10
reflection,10,175,1,0,2,2,0,12
static_team,10,175,1,0,0,0,0,20
corpus_mesh,10,175,1,0,0,0,0,25
single,10,176,1,0,0,0,0,10
reflection,10,176,1,0,1,1,0,11
static_team,10,176,1,0,0,0,0,20
corpus_mesh,10,176,1,0,0,0,0,20
single,10,177,0,1,0,0,1,10
reflection,10,177,1,0,1,1,0,11
static_team,10,177,1,0,0,0,0,20
corpus_mesh,10,177,1,0,0,0,0,22
single,10,178,1,0,0,0,0,10
reflection,10,178,0,0,3,2,1,13
static_team,10,178,1,0,0,0,0,20
corpus_mesh,10,178,0,0,0,0,1,22
single,10,179,1,0,0,0,0,10
reflection,10,179,1,0,1,1,0,11
static_team,10,179,1,1,1,1,0,21
corpus_mesh,10,179,1,0,0,0,0,20
single,10,180,0,1,0,0,1,10
reflection,10,180,1,0,4,4,0,14
static_team,10,180,1,0,0,0,0,20
corpus_mesh,10,180,1,0,0,0,0,20
single,10,181,0,1,0,0,1,10
reflection,10,181,1,0,4,4,0,14
static_team,10,181,1,0,0,0,0,20
corpus_mesh,10,181,1,2,2,2,0,25
single,10,182,1,0,0,0,0,10
reflection,10,182,1,0,6,6,0,16
static_team,10,182,1,1,1,1,0,21
corpus_mesh,10,182,1,0,0,0,0,22
single,10,183,1,0,0,0,0,10
reflection,10,183,1,0,2,2,0,12
static_team,10,183,1,0,0,0,0,20
corpus_mesh,10,183,1,0,0,0,0,21
single,10,184,1,0,0,0,0,10
reflection,10,184,1,0,1,1,0,11
static_team,10,184,1,0,0,0,0,20
corpus_mesh,10,184,1,0,0,0,0,20
single,10,185,1,0,0,0,0,10
reflection,10,185,0,1,3,3,1,13
static_team,10,185,1,0,0,0,0,21
corpus_mesh,10,185,1,1,1,1,0,23
single,10,186,1,0,0,0,0,10
reflection,10,186,1,0,1,1,0,11
static_team,10,186,1,0,0,0,0,21
corpus_mesh,10,186,1,2,2,2,0,26
single,10,187,1,0,0,0,0,10
reflection,10,187,1,0,3,3,0,13
static_team,10,187,1,0,0,0,0,20
corpus_mesh,10,187,1,0,0,0,0,21
single,10,188,1,0,0,0,0,10
reflection,10,188,0,1,4,3,1,14
static_team,10,188,1,0,0,0,0,20
corpus_mesh,10,188,1,1,1,1,0,23
single,10,189,1,0,0,0,0,10
reflection,10,189,1,0,4,4,0,14
static_team,10,189,1,0,0,0,0,20
corpus_mesh,10,189,1,0,0,0,0,21
single,10,190,0,1,0,0,1,10
reflection,10,190,1,0,3,3,0,13
static_team,10,190,1,0,0,0,0,20
corpus_mesh,10,190,1,0,0,0,0,23
single,10,191,0,1,0,0,1,10
reflection,10,191,1,0,1,1,0,11
static_team,10,191,1,0,0,0,0,20
corpus_mesh,10,191,1,0,0,0,0,20
single,10,192,1,0,0,0,0,10
reflection,10,192,1,0,0,0,0,10
static_team,10,192,1,0,0,0,0,20
corpus_mesh,10,192,1,0,0,0,0,21
single,10,193,0,1,0,0,1,10
reflection,10,193,1,0,6,6,0,16
static_team,10,193,1,0,0,0,0,21
corpus_mesh,10,193,1,2,2,2,0,24
single,10,194,1,0,0,0,0,10
reflection,10,194,0,1,2,2,1,12
static_team,10,194,0,1,1,0,1,21
corpus_mesh,10,194,1,0,0,0,0,21
single,10,195,1,0,0,0,0,10
reflection,10,195,1,0,3,3,0,13
static_team,10,195,1,1,1,1,0,21
corpus_mesh,10,195,1,0,0,0,0,23
single,10,196,1,0,0,0,0,10
reflection,10,196,1,0,2,2,0,12
static_team,10,196,1,0,0,0,0,20
corpus_mesh,10,196,1,0,0,0,0,21
single,10,197,1,0,0,0,0,10
reflection,10,197,1,0,3,3,0,13
static_team,10,197,1,1,1,1,0,21
corpus_mesh,10,197,1,0,0,0,0,21
single,10,198,0,1,0,0,1,10
reflection,10,198,0,0,4,3,1,14
static_team,10,198,1,0,0,0,0,21
corpus_mesh,10,198,1,0,0,0,0,23
single,10,199,1,0,0,0,0,10
reflection,10,199,1,0,2,2,0,12
static_team,10,199,1,0,0,0,0,20
corpus_mesh,10,199,1,0,0,0,0,23
single,10,200,1,0,0,0,0,10
reflection,10,200,1,0,2,2,0,12
static_team,10,200,1,0,0,0,0,20
corpus_mesh,10,200,1,0,0,0,0,21
single,10,201,1,0,0,0,0,10
reflection,10,201,1,0,4,4,0,14
static_team,10,201,1,0,0,0,0,20
corpus_mesh,10,201,1,0,0,0,0,22
single,10,202,1,0,0,0,0,10
reflection,10,202,0,1,2,2,1,12
static_team,10,202,1,0,0,0,0,21
corpus_mesh,10,202,1,1,1,1,0,23
single,10,203,1,0,0,0,0,10
reflection,10,203,1,0,1,1,0,11
static_team,10,203,1,0,0,0,0,20
corpus_mesh,10,203,1,0,0,0,0,20
single,10,204,1,0,0,0,0,10
reflection,10,204,1,0,3,3,0,13
static_team,10,204,1,1,1,1,0,21
corpus_mesh,10,204,1,1,1,1,0,22
single,10,205,1,0,0,0,0,10
reflection,10,205,1,0,0,0,0,10
static_team,10,205,1,1,1,1,0,21
corpus_mesh,10,205,1,0,0,0,0,21
single,10,206,1,0,0,0,0,10
reflection,10,206,0,1,5,5,1,15
static_team,10,206,1,0,0,0,0,20
corpus_mesh,10,206,1,0,0,0,0,23
single,10,207,1,0,0,0,0,10
reflection,10,207,1,0,2,2,0,12
static_team,10,207,1,0,0,0,0,20
corpus_mesh,10,207,1,0,0,0,0,21
single,10,208,1,0,0,0,0,10
reflection,10,208,1,0,1,1,0,11
static_team,10,208,1,0,0,0,0,20
corpus_mesh,10,208,1,0,0,0,0,21
single,10,209,1,0,0,0,0,10
reflection,10,209,1,0,1,1,0,11
static_team,10,209,1,0,0,0,0,20
corpus_mesh,10,209,1,1,1,1,0,23
single,10,210,1,0,0,0,0,10
reflection,10,210,0,2,2,2,1,12
static_team,10,210,1,1,1,1,0,21
corpus_mesh,10,210,1,0,0,0,0,21
single,10,211,1,0,0,0,0,10
reflection,10,211,1,1,2,2,0,12
static_team,10,211,1,0,0,0,0,20
corpus_mesh,10,211,1,0,0,0,0,23
single,10,212,1,0,0,0,0,10
reflection,10,212,1,0,2,2,0,12
static_team,10,212,1,1,1,1,0,21
corpus_mesh,10,212,1,0,0,0,0,20
single,10,213,1,0,0,0,0,10
reflection,10,213,1,0,2,2,0,12
static_team,10,213,1,0,0,0,0,20
corpus_mesh,10,213,1,0,0,0,0,21
single,10,214,1,0,0,0,0,10
reflection,10,214,1,0,5,5,0,15
static_team,10,214,1,0,0,0,0,20
corpus_mesh,10,214,1,0,0,0,0,22
single,10,215,1,0,0,0,0,10
reflection,10,215,1,0,2,2,0,12
static_team,10,215,1,0,0,0,0,20
corpus_mesh,10,215,1,0,0,0,0,24
single,10,216,1,0,0,0,0,10
reflection,10,216,1,0,4,4,0,14
static_team,10,216,1,0,0,0,0,20
corpus_mesh,10,216,1,0,0,0,0,22
single,10,217,1,0,0,0,0,10
reflection,10,217,0,2,2,2,1,12
static_team,10,217,1,0,0,0,0,20
corpus_mesh,10,217,1,0,0,0,0,20
single,10,218,1,0,0,0,0,10
reflection,10,218,1,0,2,2,0,12
static_team,10,218,1,0,0,0,0,20
corpus_mesh,10,218,1,0,0,0,0,20
single,10,219,1,0,0,0,0,10
reflection,10,219,1,0,2,2,0,12
static_team,10,219,1,0,0,0,0,20
corpus_mesh,10,219,1,0,0,0,0,20
single,10,220,1,0,0,0,0,10
reflection,10,220,1,0,6,6,0,16
static_team,10,220,1,0,0,0,0,21
corpus_mesh,10,220,1,0,0,0,0,21
single,10,221,1,0,0,0,0,10
reflection,10,221,1,0,6,6,0,16
static_team,10,221,1,0,0,0,0,20
corpus_mesh,10,221,1,0,0,0,0,21
single,10,222,1,0,0,0,0,10
reflection,10,222,0,0,4,3,1,14
static_team,10,222,1,1,1,1,0,21
corpus_mesh,10,222,1,0,0,0,0,20
single,10,223,1,0,0,0,0,10
reflection,10,223,1,0,2,2,0,12
static_team,10,223,1,0,0,0,0,20
corpus_mesh,10,223,1,0,0,0,0,22
single,10,224,1,0,0,0,0,10
reflection,10,224,1,0,2,2,0,12
static_team,10,224,1,0,0,0,0,20
corpus_mesh,10,224,1,0,0,0,0,20
single,10,225,1,0,0,0,0,10
reflection,10,225,1,0,4,4,0,14
static_team,10,225,1,0,0,0,0,20
corpus_mesh,10,225,1,0,0,0,0,21
single,10,226,1,0,0,0,0,10
reflection,10,226,1,0,4,4,0,14
static_team,10,226,1,0,0,0,0,20
corpus_mesh,10,226,1,0,0,0,0,20
single,10,227,0,1,0,0,1,10
reflection,10,227,1,0,2,2,0,12
static_team,10,227,1,0,0,0,0,20
corpus_mesh,10,227,1,0,0,0,0,21
single,10,228,0,1,0,0,1,10
reflection,10,228,0,0,5,4,1,15
static_team,10,228,1,0,0,0,0,20
corpus_mesh,10,228,1,0,0,0,0,20
single,10,229,1,0,0,0,0,10
reflection,10,229,0,1,3,3,1,13
static_team,10,229,1,0,0,0,0,21
corpus_mesh,10,229,1,0,0,0,0,20
single,10,230,1,0,0,0,0,10
reflection,10,230,1,0,2,2,0,12
static_team,10,230,1,0,0,0,0,20
corpus_mesh,10,230,1,0,0,0,0,21
single,10,231,0,1,0,0,1,10
reflection,10,231,1,0,3,3,0,13
static_team,10,231,1,1,1,1,0,21
corpus_mesh,10,231,1,0,0,0,0,21
single,10,232,1,0,0,0,0,10
reflection,10,232,0,1,2,2,1,12
static_team,10,232,1,0,0,0,0,20
corpus_mesh,10,232,1,0,0,0,0,20
single,10,233,1,0,0,0,0,10
reflection,10,233,1,0,2,2,0,12
static_team,10,233,1,0,0,0,0,21
corpus_mesh,10,233,1,0,0,0,0,20
single,10,234,1,0,0,0,0,10
reflection,10,234,1,0,3,3,0,13
static_team,10,234,1,0,0,0,0,20
corpus_mesh,10,234,1,1,1,1,0,23
single,10,235,1,0,0,0,0,10
reflection,10,235,1,0,2,2,0,12
static_team,10,235,1,1,1,1,0,21
corpus_mesh,10,235,1,0,0,0,0,20
single,10,236,1,0,0,0,0,10
reflection,10,236,1,0,2,2,0,12
static_team,10,236,1,1,1,1,0,21
corpus_mesh,10,236,1,0,0,0,0,21
single,10,237,1,0,0,0,0,10
reflection,10,237,1,0,2,2,0,12
static_team,10,237,1,0,0,0,0,20
corpus_mesh,10,237,1,0,0,0,0,20
single,10,238,1,0,0,0,0,10
reflection,10,238,1,0,2,2,0,12
static_team,10,238,1,1,1,1,0,21
corpus_mesh,10,238,1,0,0,0,0,21
single,10,239,0,1,0,0,1,10
reflection,10,239,1,0,3,3,0,13
static_team,10,239,1,0,0,0,0,20
corpus_mesh,10,239,1,0,0,0,0,21
single,10,240,1,0,0,0,0,10
reflection,10,240,1,0,0,0,0,10
static_team,10,240,1,0,0,0,0,20
corpus_mesh,10,240,1,0,0,0,0,20
single,10,241,1,0,0,0,0,10
reflection,10,241,1,0,1,1,0,11
static_team,10,241,1,0,0,0,0,20
corpus_mesh,10,241,1,0,0,0,0,20
single,10,242,1,0,0,0,0,10
reflection,10,242,1,0,1,1,0,11
static_team,10,242,1,0,0,0,0,20
corpus_mesh,10,242,1,0,0,0,0,23
single,10,243,1,0,0,0,0,10
reflection,10,243,1,0,5,5,0,15
static_team,10,243,1,2,2,2,0,22
corpus_mesh,10,243,1,0,0,0,0,20
single,10,244,1,0,0,0,0,10
reflection,10,244,1,1,3,3,0,13
static_team,10,244,1,0,0,0,0,20
corpus_mesh,10,244,1,0,0,0,0,22
single,10,245,1,0,0,0,0,10
reflection,10,245,0,1,5,5,1,15
static_team,10,245,1,0,0,0,0,20
corpus_mesh,10,245,1,0,0,0,0,21
single,10,246,1,0,0,0,0,10
reflection,10,246,1,0,1,1,0,11
static_team,10,246,1,0,0,0,0,20
corpus_mesh,10,246,1,1,1,1,0,22
single,10,247,1,0,0,0,0,10
reflection,10,247,0,1,3,3,1,13
static_team,10,247,1,0,0,0,0,20
corpus_mesh,10,247,1,0,0,0,0,21
single,10,248,1,0,0,0,0,10
reflection,10,248,1,0,2,2,0,12
static_team,10,248,1,0,0,0,0,20
corpus_mesh,10,248,1,0,0,0,0,21
single,10,249,1,0,0,0,0,10
reflection,10,249,1,0,3,3,0,13
static_team,10,249,1,0,0,0,0,20
corpus_mesh,10,249,1,0,0,0,0,20
single,10,250,1,0,0,0,0,10
reflection,10,250,1,0,4,4,0,14
static_team,10,250,1,0,0,0,0,20
corpus_mesh,10,250,1,1,1,1,0,23
single,10,251,1,0,0,0,0,10
reflection,10,251,1,0,1,1,0,11
static_team,10,251,1,0,0,0,0,20
corpus_mesh,10,251,1,0,0,0,0,20
single,10,252,1,0,0,0,0,10
reflection,10,252,1,0,1,1,0,11
static_team,10,252,1,1,1,1,0,21
corpus_mesh,10,252,1,0,0,0,0,22
single,10,253,1,0,0,0,0,10
reflection,10,253,1,0,5,5,0,15
static_team,10,253,1,0,0,0,0,20
corpus_mesh,10,253,1,0,0,0,0,21
single,10,254,1,0,0,0,0,10
reflection,10,254,0,1,2,2,1,12
static_team,10,254,1,1,1,1,0,21
corpus_mesh,10,254,1,0,0,0,0,20
single,10,255,1,0,0,0,0,10
reflection,10,255,0,1,2,2,1,12
static_team,10,255,1,0,0,0,0,20
corpus_mesh,10,255,1,1,1,1,0,23
single,10,256,1,0,0,0,0,10
reflection,10,256,1,0,3,3,0,13
static_team,10,256,1,0,0,0,0,20
corpus_mesh,10,256,1,0,0,0,0,20
single,10,257,1,0,0,0,0,10
reflection,10,257,1,0,2,2,0,12
static_team,10,257,1,0,0,0,0,20
corpus_mesh,10,257,1,0,0,0,0,21
single,10,258,1,0,0,0,0,10
reflection,10,258,1,0,5,5,0,15
static_team,10,258,1,0,0,0,0,20
corpus_mesh,10,258,1,0,0,0,0,22
single,10,259,1,0,0,0,0,10
reflection,10,259,1,0,3,3,0,13
static_team,10,259,1,1,1,1,0,21
corpus_mesh,10,259,1,0,0,0,0,21
single,10,260,1,0,0,0,0,10
reflection,10,260,0,1,3,3,1,13
static_team,10,260,1,0,0,0,0,20
corpus_mesh,10,260,1,0,0,0,0,20
single,10,261,1,0,0,0,0,10
reflection,10,261,1,0,4,4,0,14
static_team,10,261,1,0,0,0,0,20
corpus_mesh,10,261,1,0,0,0,0,21
single,10,262,0,1,0,0,1,10
reflection,10,262,0,1,2,2,1,12
static_team,10,262,1,0,0,0,0,20
corpus_mesh,10,262,1,0,0,0,0,20
single,10,263,1,0,0,0,0,10
reflection,10,263,1,0,3,3,0,13
static_team,10,263,1,0,0,0,0,20
corpus_mesh,10,263,1,0,0,0,0,21
single,10,264,0,1,0,0,1,10
reflection,10,264,1,0,4,4,0,14
static_team,10,264,1,0,0,0,0,20
corpus_mesh,10,264,1,0,0,0,0,20
single,10,265,0,1,0,0,1,10
reflection,10,265,1,0,2,2,0,12
static_team,10,265,1,0,0,0,0,20
corpus_mesh,10,265,1,0,0,0,0,21
single,10,266,1,0,0,0,0,10
reflection,10,266,1,0,3,3,0,13
static_team,10,266,1,0,0,0,0,20
corpus_mesh,10,266,1,0,0,0,0,22
single,10,267,1,0,0,0,0,10
reflection,10,267,1,0,4,4,0,14
static_team,10,267,1,0,0,0,0,20
corpus_mesh,10,267,1,0,0,0,0,23
single,10,268,1,0,0,0,0,10
reflection,10,268,1,0,2,2,0,12
static_team,10,268,1,0,0,0,0,20
corpus_mesh,10,268,1,0,0,0,0,21
single,10,269,1,0,0,0,0,10
reflection,10,269,1,0,2,2,0,12
static_team,10,269,1,0,0,0,0,20
corpus_mesh,10,269,1,0,0,0,0,21
single,10,270,1,0,0,0,0,10
reflection,10,270,1,0,5,5,0,15
static_team,10,270,1,0,0,0,0,20
corpus_mesh,10,270,1,0,0,0,0,20
single,10,271,1,0,0,0,0,10
reflection,10,271,1,0,4,4,0,14
static_team,10,271,1,0,0,0,0,20
corpus_mesh,10,271,1,0,0,0,0,21
single,10,272,0,1,0,0,1,10
reflection,10,272,0,0,3,2,1,13
static_team,10,272,1,0,0,0,0,20
corpus_mesh,10,272,1,0,0,0,0,23
single,10,273,1,0,0,0,0,10
reflection,10,273,1,0,3,3,0,13
static_team,10,273,1,0,0,0,0,20
corpus_mesh,10,273,1,0,0,0,0,21
single,10,274,1,0,0,0,0,10
reflection,10,274,1,0,2,2,0,12
static_team,10,274,1,0,0,0,0,20
corpus_mesh,10,274,1,0,0,0,0,20
single,10,275,1,0,0,0,0,10
reflection,10,275,1,0,1,1,0,11
static_team,10,275,1,0,0,0,0,20
corpus_mesh,10,275,1,1,1,1,0,26
single,10,276,1,0,0,0,0,10
reflection,10,276,1,0,2,2,0,12
static_team,10,276,1,0,0,0,0,20
corpus_mesh,10,276,1,0,0,0,0,21
single,10,277,1,0,0,0,0,10
reflection,10,277,1,0,4,4,0,14
static_team,10,277,1,0,0,0,0,20
corpus_mesh,10,277,1,0,0,0,0,21
single,10,278,0,1,0,0,1,10
reflection,10,278,1,0,2,2,0,12
static_team,10,278,1,0,0,0,0,20
corpus_mesh,10,278,1,2,2,2,0,25
single,10,279,1,0,0,0,0,10
reflection,10,279,1,0,3,3,0,13
static_team,10,279,1,0,0,0,0,20
corpus_mesh,10,279,1,0,0,0,0,20
single,10,280,1,0,0,0,0,10
reflection,10,280,0,0,5,4,1,15
static_team,10,280,1,0,0,0,0,20
corpus_mesh,10,280,1,0,0,0,0,22
single,10,281,1,0,0,0,0,10
reflection,10,281,0,2,4,4,1,14
static_team,10,281,1,0,0,0,0,20
corpus_mesh,10,281,1,1,1,1,0,25
single,10,282,1,0,0,0,0,10
reflection,10,282,1,0,2,2,0,12
static_team,10,282,1,0,0,0,0,21
corpus_mesh,10,282,1,1,1,1,0,23
single,10,283,1,0,0,0,0,10
reflection,10,283,1,0,1,1,0,11
static_team,10,283,1,0,0,0,0,20
corpus_mesh,10,283,1,0,0,0,0,21
single,10,284,1,0,0,0,0,10
reflection,10,284,0,1,3,3,1,13
static_team,10,284,1,2,2,2,0,22
corpus_mesh,10,284,1,0,0,0,0,22
single,10,285,0,1,0,0,1,10
reflection,10,285,1,1,5,5,0,15
static_team,10,285,1,0,0,0,0,20
corpus_mesh,10,285,1,0,0,0,0,21
single,10,286,1,0,0,0,0,10
reflection,10,286,0,0,3,2,1,13
static_team,10,286,1,0,0,0,0,20
corpus_mesh,10,286,1,1,1,1,0,22
single,10,287,1,0,0,0,0,10
reflection,10,287,1,0,3,3,0,13
static_team,10,287,1,0,0,0,0,20
corpus_mesh,10,287,1,1,1,1,0,22
single,10,288,0,2,0,0,1,10
reflection,10,288,0,1,4,4,1,14
static_team,10,288,1,0,0,0,0,20
corpus_mesh,10,288,1,0,0,0,0,23
single,10,289,1,0,0,0,0,10
reflection,10,289,1,0,2,2,0,12
static_team,10,289,1,0,0,0,0,20
corpus_mesh,10,289,1,1,1,1,0,22
single,10,290,1,0,0,0,0,10
reflection,10,290,1,0,5,5,0,15
static_team,10,290,1,0,0,0,0,20
corpus_mesh,10,290,1,0,0,0,0,20
single,10,291,1,0,0,0,0,10
reflection,10,291,1,0,3,3,0,13
static_team,10,291,1,0,0,0,0,20
corpus_mesh,10,291,1,0,0,0,0,20
single,10,292,1,0,0,0,0,10
reflection,10,292,1,0,2,2,0,12
static_team,10,292,1,0,0,0,0,20
corpus_mesh,10,292,1,0,0,0,0,21
single,10,293,1,0,0,0,0,10
reflection,10,293,1,2,4,4,0,14
static_team,10,293,1,0,0,0,0,20
corpus_mesh,10,293,1,0,0,0,0,21
single,10,294,0,1,0,0,1,10
reflection,10,294,1,0,1,1,0,11
static_team,10,294,1,0,0,0,0,20
corpus_mesh,10,294,1,1,1,1,0,23
single,10,295,1,0,0,0,0,10
reflection,10,295,1,0,3,3,0,13
static_team,10,295,1,0,0,0,0,20
corpus_mesh,10,295,1,0,0,0,0,20
single,10,296,1,0,0,0,0,10
reflection,10,296,1,0,2,2,0,12
static_team,10,296,1,1,1,1,0,21
corpus_mesh,10,296,1,0,0,0,0,21
single,10,297,1,0,0,0,0,10
reflection,10,297,1,0,1,1,0,11
static_team,10,297,1,0,0,0,0,20
corpus_mesh,10,297,1,0,0,0,0,21
single,10,298,0,1,0,0,1,10
reflection,10,298,1,0,5,5,0,15
static_team,10,298,1,0,0,0,0,20
corpus_mesh,10,298,1,0,0,0,0,20
single,10,299,1,0,0,0,0,10
reflection,10,299,1,1,3,3,0,13
static_team,10,299,1,0,0,0,0,21
corpus_mesh,10,299,1,0,0,0,0,23
single,10,300,1,0,0,0,0,10
reflection,10,300,1,0,3,3,0,13
static_team,10,300,1,1,1,1,0,21
corpus_mesh,10,300,1,0,0,0,0,20
single,10,301,1,0,0,0,0,10
reflection,10,301,1,0,2,2,0,12
static_team,10,301,1,0,0,0,0,20
corpus_mesh,10,301,1,0,0,0,0,22
single,10,302,0,1,0,0,1,10
reflection,10,302,0,1,0,0,1,10
static_team,10,302,1,0,0,0,0,20
corpus_mesh,10,302,1,0,0,0,0,20
single,10,303,1,0,0,0,0,10
reflection,10,303,1,0,4,4,0,14
static_team,10,303,1,0,0,0,0,20
corpus_mesh,10,303,1,1,1,1,0,22
single,10,304,1,0,0,0,0,10
reflection,10,304,0,1,1,1,1,11
static_team,10,304,1,0,0,0,0,20
corpus_mesh,10,304,1,0,0,0,0,20
single,10,305,1,0,0,0,0,10
reflection,10,305,1,0,1,1,0,11
static_team,10,305,1,1,1,1,0,21
corpus_mesh,10,305,1,0,0,0,0,20
single,10,306,0,1,0,0,1,10
reflection,10,306,1,0,3,3,0,13
static_team,10,306,1,0,0,0,0,20
corpus_mesh,10,306,1,0,0,0,0,20
single,10,307,1,0,0,0,0,10
reflection,10,307,0,1,2,2,1,12
static_team,10,307,1,0,0,0,0,20
corpus_mesh,10,307,1,0,0,0,0,21
single,10,308,1,0,0,0,0,10
reflection,10,308,1,0,3,3,0,13
static_team,10,308,1,0,0,0,0,20
corpus_mesh,10,308,1,1,1,1,0,22
single,10,309,1,0,0,0,0,10
reflection,10,309,1,1,5,5,0,15
static_team,10,309,1,0,0,0,0,20
corpus_mesh,10,309,1,1,1,1,0,22
single,10,310,0,1,0,0,1,10
reflection,10,310,1,0,4,4,0,14
static_team,10,310,1,0,0,0,0,20
corpus_mesh,10,310,1,0,0,0,0,20
single,10,311,0,1,0,0,1,10
reflection,10,311,1,0,2,2,0,12
static_team,10,311,1,0,0,0,0,20
corpus_mesh,10,311,1,1,1,1,0,24
single,10,312,1,0,0,0,0,10
reflection,10,312,1,0,4,4,0,14
static_team,10,312,1,0,0,0,0,20
corpus_mesh,10,312,1,1,1,1,0,23
single,10,313,1,0,0,0,0,10
reflection,10,313,1,0,6,6,0,16
static_team,10,313,1,0,0,0,0,20
corpus_mesh,10,313,1,0,0,0,0,22
single,10,314,1,0,0,0,0,10
reflection,10,314,1,0,1,1,0,11
static_team,10,314,1,0,0,0,0,20
corpus_mesh,10,314,1,1,1,1,0,24
single,10,315,1,0,0,0,0,10
reflection,10,315,1,0,5,5,0,15
static_team,10,315,1,0,0,0,0,20
corpus_mesh,10,315,1,0,0,0,0,21
single,10,316,1,0,0,0,0,10
reflection,10,316,1,0,4,4,0,14
static_team,10,316,1,0,0,0,0,20
corpus_mesh,10,316,1,0,0,0,0,21
single,10,317,0,2,0,0,1,10
reflection,10,317,1,0,3,3,0,13
static_team,10,317,1,0,0,0,0,20
corpus_mesh,10,317,1,0,0,0,0,20
single,10,318,1,0,0,0,0,10
reflection,10,318,1,0,1,1,0,11
static_team,10,318,1,0,0,0,0,20
corpus_mesh,10,318,1,0,0,0,0,20
single,10,319,1,0,0,0,0,10
reflection,10,319,1,0,3,3,0,13
static_team,10,319,1,0,0,0,0,20
corpus_mesh,10,319,1,1,1,1,0,24
single,10,320,1,0,0,0,0,10
reflection,10,320,1,0,2,2,0,12
static_team,10,320,1,0,0,0,0,20
corpus_mesh,10,320,1,0,0,0,0,21
single,10,321,1,0,0,0,0,10
reflection,10,321,1,0,1,1,0,11
static_team,10,321,1,0,0,0,0,20
corpus_mesh,10,321,1,0,0,0,0,20
single,10,322,0,1,0,0,1,10
reflection,10,322,1,0,3,3,0,13
static_team,10,322,1,0,0,0,0,20
corpus_mesh,10,322,1,0,0,0,0,22
single,10,323,1,0,0,0,0,10
reflection,10,323,1,0,2,2,0,12
static_team,10,323,1,0,0,0,0,20
corpus_mesh,10,323,1,0,0,0,0,22
single,10,324,1,0,0,0,0,10
reflection,10,324,1,0,0,0,0,10
static_team,10,324,1,0,0,0,0,20
corpus_mesh,10,324,1,0,0,0,0,21
single,10,325,1,0,0,0,0,10
reflection,10,325,1,0,1,1,0,11
static_team,10,325,1,1,1,1,0,21
corpus_mesh,10,325,1,1,1,1,0,23
single,10,326,1,0,0,0,0,10
reflection,10,326,1,0,2,2,0,12
static_team,10,326,1,0,0,0,0,20
corpus_mesh,10,326,1,0,0,0,0,20
single,10,327,1,0,0,0,0,10
reflection,10,327,0,1,4,4,1,14
static_team,10,327,1,0,0,0,0,20
corpus_mesh,10,327,1,0,0,0,0,20
single,10,328,1,0,0,0,0,10
reflection,10,328,1,0,3,3,0,13
static_team,10,328,1,1,1,1,0,21
corpus_mesh,10,328,1,0,0,0,0,21
single,10,329,0,1,0,0,1,10
reflection,10,329,1,0,2,2,0,12
static_team,10,329,1,0,0,0,0,20
corpus_mesh,10,329,1,0,0,0,0,21
single,10,330,1,0,0,0,0,10
reflection,10,330,1,0,3,3,0,13
static_team,10,330,1,0,0,0,0,20
corpus_mesh,10,330,1,0,0,0,0,22
single,10,331,1,0,0,0,0,10
reflection,10,331,1,0,5,5,0,15
static_team,10,331,1,1,1,1,0,21
corpus_mesh,10,331,1,0,0,0,0,20
single,10,332,0,1,0,0,1,10
reflection,10,332,1,0,3,3,0,13
static_team,10,332,1,1,1,1,0,21
corpus_mesh,10,332,1,0,0,0,0,21
single,10,333,1,0,0,0,0,10
reflection,10,333,1,0,4,4,0,14
static_team,10,333,1,0,0,0,0,20
corpus_mesh,10,333,1,0,0,0,0,22
single,10,334,1,0,0,0,0,10
reflection,10,334,0,2,3,3,1,13
static_team,10,334,1,0,0,0,0,20
corpus_mesh,10,334,1,0,0,0,0,22
single,10,335,1,0,0,0,0,10
reflection,10,335,1,0,3,3,0,13
static_team,10,335,1,0,0,0,0,20
corpus_mesh,10,335,1,0,0,0,0,20
single,10,336,1,0,0,0,0,10
reflection,10,336,1,0,5,5,0,15
static_team,10,336,1,1,1,1,0,21
corpus_mesh,10,336,1,0,0,0,0,20
single,10,337,1,0,0,0,0,10
reflection,10,337,1,0,1,1,0,11
static_team,10,337,1,1,1,1,0,21
corpus_mesh,10,337,1,0,0,0,0,20
single,10,338,1,0,0,0,0,10
reflection,10,338,1,0,1,1,0,11
static_team,10,338,1,0,0,0,0,20
corpus_mesh,10,338,1,0,0,0,0,21
single,10,339,1,0,0,0,0,10
reflection,10,339,1,0,2,2,0,12
static_team,10,339,1,1,1,1,0,21
corpus_mesh,10,339,1,1,1,1,0,23
single,10,340,1,0,0,0,0,10
reflection,10,340,1,0,5,5,0,15
static_team,10,340,1,0,0,0,0,20
corpus_mesh,10,340,1,0,0,0,0,22
single,10,341,1,0,0,0,0,10
reflection,10,341,1,0,2,2,0,12
static_team,10,341,1,0,0,0,0,20
corpus_mesh,10,341,1,0,0,0,0,20
single,10,342,1,0,0,0,0,10
reflection,10,342,1,0,7,7,0,17
static_team,10,342,1,0,0,0,0,20
corpus_mesh,10,342,1,0,0,0,0,21
single,10,343,1,0,0,0,0,10
reflection,10,343,1,0,0,0,0,10
static_team,10,343,1,0,0,0,0,20
corpus_mesh,10,343,1,0,0,0,0,20
single,10,344,0,1,0,0,1,10
reflection,10,344,1,0,1,1,0,11
static_team,10,344,1,2,2,2,0,22
corpus_mesh,10,344,1,0,0,0,0,21
single,10,345,0,1,0,0,1,10
reflection,10,345,1,0,2,2,0,12
static_team,10,345,1,0,0,0,0,20
corpus_mesh,10,345,1,0,0,0,0,21
single,10,346,1,0,0,0,0,10
reflection,10,346,0,0,4,3,1,14
static_team,10,346,1,0,0,0,0,20
corpus_mesh,10,346,1,0,0,0,0,21
single,10,347,0,1,0,0,1,10
reflection,10,347,1,0,4,4,0,14
static_team,10,347,1,0,0,0,0,20
corpus_mesh,10,347,1,0,0,0,0,21
single,10,348,1,0,0,0,0,10
reflection,10,348,1,0,2,2,0,12
static_team,10,348,1,0,0,0,0,20
corpus_mesh,10,348,1,0,0,0,0,22
single,10,349,1,0,0,0,0,10
reflection,10,349,1,0,1,1,0,11
static_team,10,349,1,0,0,0,0,20
corpus_mesh,10,349,1,0,0,0,0,21
single,10,350,1,0,0,0,0,10
reflection,10,350,1,1,4,4,0,14
static_team,10,350,1,0,0,0,0,20
corpus_mesh,10,350,1,1,1,1,0,22
single,10,351,1,0,0,0,0,10
reflection,10,351,1,0,4,4,0,14
static_team,10,351,1,0,0,0,0,21
corpus_mesh,10,351,1,0,0,0,0,21
single,10,352,1,0,0,0,0,10
reflection,10,352,1,0,4,4,0,14
static_team,10,352,1,0,0,0,0,20
corpus_mesh,10,352,1,1,1,1,0,24
single,10,353,1,0,0,0,0,10
reflection,10,353,1,0,2,2,0,12
static_team,10,353,1,1,1,1,0,21
corpus_mesh,10,353,1,1,1,1,0,23
single,10,354,0,1,0,0,1,10
reflection,10,354,1,0,5,5,0,15
static_team,10,354,1,0,0,0,0,20
corpus_mesh,10,354,1,0,0,0,0,22
single,10,355,0,1,0,0,1,10
reflection,10,355,1,1,5,5,0,15
static_team,10,355,1,0,0,0,0,20
corpus_mesh,10,355,1,0,0,0,0,21
single,10,356,1,0,0,0,0,10
reflection,10,356,1,0,4,4,0,14
static_team,10,356,1,0,0,0,0,20
corpus_mesh,10,356,1,0,0,0,0,20
single,10,357,1,0,0,0,0,10
reflection,10,357,1,0,2,2,0,12
static_team,10,357,1,0,0,0,0,21
corpus_mesh,10,357,1,0,0,0,0,22
single,10,358,1,0,0,0,0,10
reflection,10,358,1,0,1,1,0,11
static_team,10,358,1,1,1,1,0,21
corpus_mesh,10,358,1,0,0,0,0,20
single,10,359,1,0,0,0,0,10
reflection,10,359,1,0,2,2,0,12
static_team,10,359,1,1,1,1,0,21
corpus_mesh,10,359,1,0,0,0,0,20
single,10,360,0,1,0,0,1,10
reflection,10,360,1,0,2,2,0,12
static_team,10,360,1,0,0,0,0,20
corpus_mesh,10,360,1,0,0,0,0,21
single,10,361,1,0,0,0,0,10
reflection,10,361,1,0,5,5,0,15
static_team,10,361,1,1,1,1,0,21
corpus_mesh,10,361,1,0,0,0,0,21
single,10,362,0,1,0,0,1,10
reflection,10,362,1,0,2,2,0,12
static_team,10,362,1,1,1,1,0,21
corpus_mesh,10,362,1,0,0,0,0,21
single,10,363,1,0,0,0,0,10
reflection,10,363,1,0,3,3,0,13
static_team,10,363,1,0,0,0,0,20
corpus_mesh,10,363,1,0,0,0,0,21
single,10,364,1,0,0,0,0,10
reflection,10,364,1,0,1,1,0,11
static_team,10,364,1,1,1,1,0,21
corpus_mesh,10,364,1,0,0,0,0,23
single,10,365,1,0,0,0,0,10
reflection,10,365,1,0,1,1,0,11
static_team,10,365,1,0,0,0,0,20
corpus_mesh,10,365,1,0,0,0,0,21
single,10,366,1,0,0,0,0,10
reflection,10,366,1,0,2,2,0,12
static_team,10,366,1,0,0,0,0,20
corpus_mesh,10,366,1,0,0,0,0,23
single,10,367,1,0,0,0,0,10
reflection,10,367,1,0,4,4,0,14
static_team,10,367,1,0,0,0,0,20
corpus_mesh,10,367,1,2,2,2,0,24
single,10,368,1,0,0,0,0,10
reflection,10,368,1,0,1,1,0,11
static_team,10,368,1,0,0,0,0,20
corpus_mesh,10,368,1,0,0,0,0,21
single,10,369,1,0,0,0,0,10
reflection,10,369,1,0,2,2,0,12
static_team,10,369,1,1,1,1,0,21
corpus_mesh,10,369,1,0,0,0,0,20
single,10,370,1,0,0,0,0,10
reflection,10,370,1,0,5,5,0,15
static_team,10,370,1,0,0,0,0,20
corpus_mesh,10,370,1,0,0,0,0,20
single,10,371,1,0,0,0,0,10
reflection,10,371,1,0,5,5,0,15
static_team,10,371,1,0,0,0,0,21
corpus_mesh,10,371,1,0,0,0,0,20
single,10,372,0,1,0,0,1,10
reflection,10,372,1,0,4,4,0,14
static_team,10,372,1,0,0,0,0,20
corpus_mesh,10,372,1,0,0,0,0,22
single,10,373,1,0,0,0,0,10
reflection,10,373,1,0,3,3,0,13
static_team,10,373,1,0,0,0,0,20
corpus_mesh,10,373,1,0,0,0,0,20
single,10,374,1,0,0,0,0,10
reflection,10,374,0,1,5,5,1,15
static_team,10,374,1,0,0,0,0,20
corpus_mesh,10,374,1,0,0,0,0,20
single,10,375,1,0,0,0,0,10
reflection,10,375,0,2,6,6,1,16
static_team,10,375,1,1,1,1,0,21
corpus_mesh,10,375,1,0,0,0,0,21
single,10,376,1,0,0,0,0,10
reflection,10,376,1,0,1,1,0,11
static_team,10,376,1,0,0,0,0,21
corpus_mesh,10,376,1,0,0,0,0,20
single,10,377,1,0,0,0,0,10
reflection,10,377,1,0,2,2,0,12
static_team,10,377,1,0,0,0,0,20
corpus_mesh,10,377,1,0,0,0,0,23
single,10,378,1,0,0,0,0,10
reflection,10,378,0,1,2,2,1,12
static_team,10,378,1,0,0,0,0,20
corpus_mesh,10,378,1,1,1,1,0,22
single,10,379,1,0,0,0,0,10
reflection,10,379,1,0,4,4,0,14
static_team,10,379,1,0,0,0,0,20
corpus_mesh,10,379,1,0,0,0,0,21
single,10,380,1,0,0,0,0,10
reflection,10,380,1,0,4,4,0,14
static_team,10,380,1,0,0,0,0,20
corpus_mesh,10,380,1,0,0,0,0,22
single,10,381,0,1,0,0,1,10
reflection,10,381,0,0,2,1,1,12
static_team,10,381,1,0,0,0,0,20
corpus_mesh,10,381,1,0,0,0,0,26
single,10,382,1,0,0,0,0,10
reflection,10,382,0,1,0,0,1,10
static_team,10,382,1,0,0,0,0,20
corpus_mesh,10,382,1,0,0,0,0,21
single,10,383,1,0,0,0,0,10
reflection,10,383,1,0,5,5,0,15
static_team,10,383,1,0,0,0,0,20
corpus_mesh,10,383,1,0,0,0,0,24
single,10,384,1,0,0,0,0,10
reflection,10,384,1,0,3,3,0,13
static_team,10,384,1,0,0,0,0,20
corpus_mesh,10,384,1,0,0,0,0,20
single,10,385,0,1,0,0,1,10
reflection,10,385,1,0,1,1,0,11
static_team,10,385,1,0,0,0,0,20
corpus_mesh,10,385,1,0,0,0,0,23
single,10,386,0,1,0,0,1,10
reflection,10,386,0,0,3,2,1,13
static_team,10,386,1,0,0,0,0,20
corpus_mesh,10,386,1,0,0,0,0,21
single,10,387,1,0,0,0,0,10
reflection,10,387,0,0,3,2,1,13
static_team,10,387,1,0,0,0,0,20
corpus_mesh,10,387,1,0,0,0,0,20
single,10,388,0,1,0,0,1,10
reflection,10,388,1,0,2,2,0,12
static_team,10,388,1,0,0,0,0,20
corpus_mesh,10,388,1,0,0,0,0,20
single,10,389,1,0,0,0,0,10
reflection,10,389,0,1,2,2,1,12
static_team,10,389,1,1,1,1,0,21
corpus_mesh,10,389,1,0,0,0,0,21
single,10,390,1,0,0,0,0,10
reflection,10,390,1,0,3,3,0,13
static_team,10,390,1,0,0,0,0,20
corpus_mesh,10,390,1,1,1,1,0,22
single,10,391,1,0,0,0,0,10
reflection,10,391,1,0,3,3,0,13
static_team,10,391,1,0,0,0,0,20
corpus_mesh,10,391,1,0,0,0,0,22
single,10,392,1,0,0,0,0,10
reflection,10,392,1,0,2,2,0,12
static_team,10,392,1,0,0,0,0,20
corpus_mesh,10,392,1,0,0,0,0,20
single,10,393,0,2,0,0,1,10
reflection,10,393,1,0,2,2,0,12
static_team,10,393,1,0,0,0,0,20
corpus_mesh,10,393,1,2,2,2,0,24
single,10,394,1,0,0,0,0,10
reflection,10,394,0,2,2,2,1,12
static_team,10,394,1,0,0,0,0,20
corpus_mesh,10,394,1,0,0,0,0,20
single,10,395,1,0,0,0,0,10
reflection,10,395,1,0,2,2,0,12
static_team,10,395,1,0,0,0,0,20
corpus_mesh,10,395,1,1,1,1,0,25
single,10,396,1,0,0,0,0,10
reflection,10,396,1,0,3,3,0,13
static_team,10,396,1,0,0,0,0,20
corpus_mesh,10,396,1,0,0,0,0,21
single,10,397,1,0,0,0,0,10
reflection,10,397,1,0,3,3,0,13
static_team,10,397,1,0,0,0,0,20
corpus_mesh,10,397,1,0,0,0,0,22
single,10,398,1,0,0,0,0,10
reflection,10,398,1,0,2,2,0,12
static_team,10,398,1,0,0,0,0,20
corpus_mesh,10,398,1,0,0,0,0,21
single,10,399,1,0,0,0,0,10
reflection,10,399,1,0,2,2,0,12
static_team,10,399,1,0,0,0,0,20
corpus_mesh,10,399,1,0,0,0,0,21
single,10,400,1,0,0,0,0,10
reflection,10,400,1,0,4,4,0,14
static_team,10,400,1,1,1,1,0,21
corpus_mesh,10,400,1,0,0,0,0,20
single,10,401,1,0,0,0,0,10
reflection,10,401,1,0,2,2,0,12
static_team,10,401,1,0,0,0,0,20
corpus_mesh,10,401,1,0,0,0,0,23
single,10,402,0,1,0,0,1,10
reflection,10,402,1,0,3,3,0,13
static_team,10,402,1,1,1,1,0,21
corpus_mesh,10,402,1,0,0,0,0,22
single,10,403,1,0,0,0,0,10
reflection,10,403,0,1,2,2,1,12
static_team,10,403,1,2,2,2,0,22
corpus_mesh,10,403,1,0,0,0,0,20
single,10,404,0,1,0,0,1,10
reflection,10,404,1,0,3,3,0,13
static_team,10,404,1,0,0,0,0,20
corpus_mesh,10,404,1,0,0,0,0,20
single,10,405,1,0,0,0,0,10
reflection,10,405,1,0,4,4,0,14
static_team,10,405,1,0,0,0,0,20
corpus_mesh,10,405,1,0,0,0,0,21
single,10,406,1,0,0,0,0,10
reflection,10,406,1,0,1,1,0,11
static_team,10,406,1,0,0,0,0,20
corpus_mesh,10,406,1,0,0,0,0,20
single,10,407,1,0,0,0,0,10
reflection,10,407,1,0,3,3,0,13
static_team,10,407,1,0,0,0,0,20
corpus_mesh,10,407,1,0,0,0,0,21
single,10,408,1,0,0,0,0,10
reflection,10,408,0,1,1,1,1,11
static_team,10,408,1,0,0,0,0,20
corpus_mesh,10,408,1,0,0,0,0,22
single,10,409,0,1,0,0,1,10
reflection,10,409,0,1,2,2,1,12
static_team,10,409,1,0,0,0,0,20
corpus_mesh,10,409,1,0,0,0,0,20
single,10,410,1,0,0,0,0,10
reflection,10,410,1,0,4,4,0,14
static_team,10,410,1,0,0,0,0,20
corpus_mesh,10,410,1,1,1,1,0,22
single,10,411,1,0,0,0,0,10
reflection,10,411,1,1,3,3,0,13
static_team,10,411,1,0,0,0,0,20
corpus_mesh,10,411,1,1,1,1,0,24
single,10,412,1,0,0,0,0,10
reflection,10,412,0,0,3,2,1,13
static_team,10,412,1,0,0,0,0,20
corpus_mesh,10,412,1,0,0,0,0,20
single,10,413,1,0,0,0,0,10
reflection,10,413,1,0,3,3,0,13
static_team,10,413,1,0,0,0,0,20
corpus_mesh,10,413,1,0,0,0,0,21
single,10,414,1,0,0,0,0,10
reflection,10,414,0,1,2,2,1,12
static_team,10,414,1,0,0,0,0,20
corpus_mesh,10,414,1,0,0,0,0,21
single,10,415,1,0,0,0,0,10
reflection,10,415,1,0,2,2,0,12
static_team,10,415,1,0,0,0,0,20
corpus_mesh,10,415,1,1,1,1,0,23
single,10,416,1,0,0,0,0,10
reflection,10,416,1,0,2,2,0,12
static_team,10,416,1,0,0,0,0,20
corpus_mesh,10,416,1,0,0,0,0,21
single,10,417,1,0,0,0,0,10
reflection,10,417,1,0,5,5,0,15
static_team,10,417,1,1,1,1,0,21
corpus_mesh,10,417,1,0,0,0,0,21
single,10,418,1,0,0,0,0,10
reflection,10,418,1,0,1,1,0,11
static_team,10,418,1,0,0,0,0,20
corpus_mesh,10,418,1,0,0,0,0,22
single,10,419,1,0,0,0,0,10
reflection,10,419,0,1,1,1,1,11
static_team,10,419,1,0,0,0,0,20
corpus_mesh,10,419,1,0,0,0,0,20
single,10,420,1,0,0,0,0,10
reflection,10,420,1,0,0,0,0,10
static_team,10,420,1,0,0,0,0,20
corpus_mesh,10,420,1,0,0,0,0,21
single,10,421,1,0,0,0,0,10
reflection,10,421,1,0,1,1,0,11
static_team,10,421,1,0,0,0,0,20
corpus_mesh,10,421,1,0,0,0,0,21
single,10,422,1,0,0,0,0,10
reflection,10,422,1,0,5,5,0,15
static_team,10,422,1,0,0,0,0,20
corpus_mesh,10,422,1,0,0,0,0,21
single,10,423,1,0,0,0,0,10
reflection,10,423,1,0,1,1,0,11
static_team,10,423,1,0,0,0,0,20
corpus_mesh,10,423,1,0,0,0,0,20
single,10,424,1,0,0,0,0,10
reflection,10,424,1,0,2,2,0,12
static_team,10,424,1,0,0,0,0,20
corpus_mesh,10,424,1,0,0,0,0,20
single,10,425,1,0,0,0,0,10
reflection,10,425,0,1,3,3,1,13
static_team,10,425,1,0,0,0,0,20
corpus_mesh,10,425,1,0,0,0,0,22
single,10,426,1,0,0,0,0,10
reflection,10,426,1,0,3,3,0,13
static_team,10,426,1,0,0,0,0,21
corpus_mesh,10,426,1,0,0,0,0,21
single,10,427,1,0,0,0,0,10
reflection,10,427,1,0,3,3,0,13
static_team,10,427,1,0,0,0,0,20
corpus_mesh,10,427,1,0,0,0,0,21
single,10,428,1,0,0,0,0,10
reflection,10,428,1,0,3,3,0,13
static_team,10,428,1,1,1,1,0,21
corpus_mesh,10,428,1,0,0,0,0,21
single,10,429,1,0,0,0,0,10
reflection,10,429,1,0,3,3,0,13
static_team,10,429,1,0,0,0,0,20
corpus_mesh,10,429,1,0,0,0,0,21
single,10,430,1,0,0,0,0,10
reflection,10,430,1,0,3,3,0,13
static_team,10,430,1,0,0,0,0,21
corpus_mesh,10,430,1,0,0,0,0,21
single,10,431,1,0,0,0,0,10
reflection,10,431,1,0,3,3,0,13
static_team,10,431,1,0,0,0,0,20
corpus_mesh,10,431,1,0,0,0,0,24
single,10,432,1,0,0,0,0,10
reflection,10,432,1,0,0,0,0,10
static_team,10,432,1,0,0,0,0,20
corpus_mesh,10,432,1,0,0,0,0,20
single,10,433,1,0,0,0,0,10
reflection,10,433,1,0,2,2,0,12
static_team,10,433,1,0,0,0,0,20
corpus_mesh,10,433,1,0,0,0,0,20
single,10,434,0,2,0,0,1,10
reflection,10,434,1,0,2,2,0,12
static_team,10,434,1,0,0,0,0,20
corpus_mesh,10,434,1,0,0,0,0,20
single,10,435,1,0,0,0,0,10
reflection,10,435,1,0,1,1,0,11
static_team,10,435,1,0,0,0,0,20
corpus_mesh,10,435,1,0,0,0,0,21
single,10,436,1,0,0,0,0,10
reflection,10,436,1,0,3,3,0,13
static_team,10,436,1,0,0,0,0,20
corpus_mesh,10,436,1,0,0,0,0,20
single,10,437,1,0,0,0,0,10
reflection,10,437,1,0,5,5,0,15
static_team,10,437,1,0,0,0,0,20
corpus_mesh,10,437,1,0,0,0,0,20
single,10,438,1,0,0,0,0,10
reflection,10,438,1,0,3,3,0,13
static_team,10,438,1,0,0,0,0,20
corpus_mesh,10,438,1,0,0,0,0,21
single,10,439,1,0,0,0,0,10
reflection,10,439,1,1,4,4,0,14
static_team,10,439,1,0,0,0,0,20
corpus_mesh,10,439,1,0,0,0,0,20
single,10,440,1,0,0,0,0,10
reflection,10,440,1,0,3,3,0,13
static_team,10,440,1,1,1,1,0,21
corpus_mesh,10,440,1,0,0,0,0,20
single,10,441,1,0,0,0,0,10
reflection,10,441,1,0,3,3,0,13
static_team,10,441,1,0,0,0,0,20
corpus_mesh,10,441,1,0,0,0,0,20
single,10,442,1,0,0,0,0,10
reflection,10,442,1,0,0,0,0,10
static_team,10,442,1,0,0,0,0,20
corpus_mesh,10,442,1,0,0,0,0,24
single,10,443,1,0,0,0,0,10
reflection,10,443,1,0,4,4,0,14
static_team,10,443,1,1,1,1,0,21
corpus_mesh,10,443,1,0,0,0,0,21
single,10,444,1,0,0,0,0,10
reflection,10,444,1,0,4,4,0,14
static_team,10,444,1,0,0,0,0,20
corpus_mesh,10,444,1,0,0,0,0,21
single,10,445,1,0,0,0,0,10
reflection,10,445,1,0,3,3,0,13
static_team,10,445,1,1,1,1,0,21
corpus_mesh,10,445,1,0,0,0,0,20
single,10,446,0,1,0,0,1,10
reflection,10,446,1,0,4,4,0,14
static_team,10,446,1,0,0,0,0,20
corpus_mesh,10,446,1,0,0,0,0,21
single,10,447,1,0,0,0,0,10
reflection,10,447,1,0,4,4,0,14
static_team,10,447,1,0,0,0,0,20
corpus_mesh,10,447,1,0,0,0,0,21
single,10,448,1,0,0,0,0,10
reflection,10,448,1,0,3,3,0,13
static_team,10,448,1,0,0,0,0,20
corpus_mesh,10,448,1,0,0,0,0,20
single,10,449,1,0,0,0,0,10
reflection,10,449,1,0,4,4,0,14
static_team,10,449,1,0,0,0,0,20
corpus_mesh,10,449,1,0,0,0,0,20
single,10,450,0,1,0,0,1,10
reflection,10,450,1,1,3,3,0,13
static_team,10,450,1,0,0,0,0,20
corpus_mesh,10,450,1,0,0,0,0,21
single,10,451,1,0,0,0,0,10
reflection,10,451,1,0,4,4,0,14
static_team,10,451,1,0,0,0,0,20
corpus_mesh,10,451,1,0,0,0,0,23
single,10,452,1,0,0,0,0,10
reflection,10,452,0,1,3,3,1,13
static_team,10,452,1,0,0,0,0,20
corpus_mesh,10,452,1,0,0,0,0,21
single,10,453,1,0,0,0,0,10
reflection,10,453,1,2,2,2,0,12
static_team,10,453,1,0,0,0,0,20
corpus_mesh,10,453,1,0,0,0,0,22
single,10,454,1,0,0,0,0,10
reflection,10,454,1,0,4,4,0,14
static_team,10,454,1,0,0,0,0,20
corpus_mesh,10,454,1,0,0,0,0,23
single,10,455,0,1,0,0,1,10
reflection,10,455,1,0,3,3,0,13
static_team,10,455,1,0,0,0,0,20
corpus_mesh,10,455,1,1,1,1,0,23
single,10,456,1,0,0,0,0,10
reflection,10,456,1,0,2,2,0,12
static_team,10,456,1,0,0,0,0,20
corpus_mesh,10,456,1,0,0,0,0,22
single,10,457,1,0,0,0,0,10
reflection,10,457,1,0,3,3,0,13
static_team,10,457,1,0,0,0,0,20
corpus_mesh,10,457,1,0,0,0,0,23
single,10,458,1,0,0,0,0,10
reflection,10,458,1,0,2,2,0,12
static_team,10,458,1,0,0,0,0,20
corpus_mesh,10,458,1,0,0,0,0,21
single,10,459,1,0,0,0,0,10
reflection,10,459,1,0,1,1,0,11
static_team,10,459,1,0,0,0,0,21
corpus_mesh,10,459,1,0,0,0,0,21
single,10,460,1,0,0,0,0,10
reflection,10,460,1,0,3,3,0,13
static_team,10,460,1,1,1,1,0,21
corpus_mesh,10,460,1,0,0,0,0,22
single,10,461,1,0,0,0,0,10
reflection,10,461,1,0,3,3,0,13
static_team,10,461,1,1,1,1,0,21
corpus_mesh,10,461,1,0,0,0,0,21
single,10,462,1,0,0,0,0,10
reflection,10,462,1,0,2,2,0,12
static_team,10,462,1,0,0,0,0,20
corpus_mesh,10,462,1,0,0,0,0,20
single,10,463,1,0,0,0,0,10
reflection,10,463,1,0,3,3,0,13
static_team,10,463,1,0,0,0,0,21
corpus_mesh,10,463,1,0,0,0,0,22
single,10,464,1,0,0,0,0,10
reflection,10,464,1,0,5,5,0,15
static_team,10,464,1,0,0,0,0,20
corpus_mesh,10,464,1,0,0,0,0,20
single,10,465,1,0,0,0,0,10
reflection,10,465,1,0,2,2,0,12
static_team,10,465,1,1,1,1,0,21
corpus_mesh,10,465,1,0,0,0,0,23
single,10,466,1,0,0,0,0,10
reflection,10,466,1,0,1,1,0,11
static_team,10,466,1,0,0,0,0,20
corpus_mesh,10,466,1,2,2,2,0,24
single,10,467,1,0,0,0,0,10
reflection,10,467,0,1,5,5,1,15
static_team,10,467,1,0,0,0,0,20
corpus_mesh,10,467,1,2,2,2,0,24
single,10,468,1,0,0,0,0,10
reflection,10,468,1,0,4,4,0,14
static_team,10,468,1,0,0,0,0,20
corpus_mesh,10,468,1,0,0,0,0,22
single,10,469,1,0,0,0,0,10
reflection,10,469,1,0,1,1,0,11
static_team,10,469,1,0,0,0,0,20
corpus_mesh,10,469,1,0,0,0,0,20
single,10,470,1,0,0,0,0,10
reflection,10,470,1,0,3,3,0,13
static_team,10,470,1,0,0,0,0,20
corpus_mesh,10,470,1,0,0,0,0,20
single,10,471,1,0,0,0,0,10
reflection,10,471,1,0,2,2,0,12
static_team,10,471,1,0,0,0,0,20
corpus_mesh,10,471,1,1,1,1,0,25
single,10,472,1,0,0,0,0,10
reflection,10,472,1,0,4,4,0,14
static_team,10,472,1,0,0,0,0,20
corpus_mesh,10,472,1,0,0,0,0,22
single,10,473,1,0,0,0,0,10
reflection,10,473,1,0,6,6,0,16
static_team,10,473,1,0,0,0,0,20
corpus_mesh,10,473,1,0,0,0,0,22
single,10,474,1,0,0,0,0,10
reflection,10,474,1,0,2,2,0,12
static_team,10,474,1,0,0,0,0,20
corpus_mesh,10,474,1,0,0,0,0,22
single,10,475,0,1,0,0,1,10
reflection,10,475,1,0,3,3,0,13
static_team,10,475,1,0,0,0,0,20
corpus_mesh,10,475,1,0,0,0,0,20
single,10,476,1,0,0,0,0,10
reflection,10,476,1,0,2,2,0,12
static_team,10,476,1,0,0,0,0,20
corpus_mesh,10,476,1,0,0,0,0,21
single,10,477,1,0,0,0,0,10
reflection,10,477,1,0,1,1,0,11
static_team,10,477,1,0,0,0,0,20
corpus_mesh,10,477,1,0,0,0,0,21
single,10,478,0,1,0,0,1,10
reflection,10,478,0,0,4,3,1,14
static_team,10,478,1,0,0,0,0,20
corpus_mesh,10,478,1,0,0,0,0,21
single,10,479,1,0,0,0,0,10
reflection,10,479,1,0,4,4,0,14
static_team,10,479,1,0,0,0,0,20
corpus_mesh,10,479,1,0,0,0,0,23
single,10,480,1,0,0,0,0,10
reflection,10,480,1,0,1,1,0,11
static_team,10,480,1,0,0,0,0,20
corpus_mesh,10,480,1,1,1,1,0,23
single,10,481,0,1,0,0,1,10
reflection,10,481,1,0,2,2,0,12
static_team,10,481,1,0,0,0,0,20
corpus_mesh,10,481,1,0,0,0,0,21
single,10,482,0,1,0,0,1,10
reflection,10,482,1,0,3,3,0,13
static_team,10,482,1,0,0,0,0,20
corpus_mesh,10,482,1,0,0,0,0,21
single,10,483,1,0,0,0,0,10
reflection,10,483,1,0,5,5,0,15
static_team,10,483,1,0,0,0,0,20
corpus_mesh,10,483,1,0,0,0,0,23
single,10,484,1,0,0,0,0,10
reflection,10,484,1,0,2,2,0,12
static_team,10,484,1,0,0,0,0,20
corpus_mesh,10,484,1,0,0,0,0,21
single,10,485,1,0,0,0,0,10
reflection,10,485,1,0,1,1,0,11
static_team,10,485,1,0,0,0,0,20
corpus_mesh,10,485,1,0,0,0,0,20
single,10,486,0,1,0,0,1,10
reflection,10,486,1,0,3,3,0,13
static_team,10,486,1,0,0,0,0,20
corpus_mesh,10,486,1,0,0,0,0,21
single,10,487,0,1,0,0,1,10
reflection,10,487,1,0,3,3,0,13
static_team,10,487,1,0,0,0,0,20
corpus_mesh,10,487,1,0,0,0,0,21
single,10,488,1,0,0,0,0,10
reflection,10,488,1,0,3,3,0,13
static_team,10,488,1,0,0,0,0,20
corpus_mesh,10,488,1,0,0,0,0,22
single,10,489,0,1,0,0,1,10
reflection,10,489,1,0,2,2,0,12
static_team,10,489,1,0,0,0,0,20
corpus_mesh,10,489,1,0,0,0,0,21
single,10,490,1,0,0,0,0,10
reflection,10,490,0,1,1,1,1,11
static_team,10,490,1,0,0,0,0,20
corpus_mesh,10,490,1,0,0,0,0,21
single,10,491,1,0,0,0,0,10
reflection,10,491,1,0,2,2,0,12
static_team,10,491,1,0,0,0,0,20
corpus_mesh,10,491,1,0,0,0,0,22
single,10,492,1,0,0,0,0,10
reflection,10,492,0,1,2,2,1,12
static_team,10,492,1,0,0,0,0,20
corpus_mesh,10,492,1,0,0,0,0,21
single,10,493,1,0,0,0,0,10
reflection,10,493,1,1,4,3,0,14
static_team,10,493,1,0,0,0,0,20
corpus_mesh,10,493,1,1,1,1,0,23
single,10,494,0,2,0,0,1,10
reflection,10,494,1,0,1,1,0,11
static_team,10,494,1,0,0,0,0,20
corpus_mesh,10,494,1,0,0,0,0,22
single,10,495,1,0,0,0,0,10
reflection,10,495,1,1,5,5,0,15
static_team,10,495,1,0,0,0,0,20
corpus_mesh,10,495,1,0,0,0,0,20
single,10,496,1,0,0,0,0,10
reflection,10,496,1,0,2,2,0,12
static_team,10,496,1,0,0,0,0,20
corpus_mesh,10,496,1,0,0,0,0,20
single,10,497,1,0,0,0,0,10
reflection,10,497,1,0,3,3,0,13
static_team,10,497,1,0,0,0,0,20
corpus_mesh,10,497,1,0,0,0,0,22
single,10,498,1,0,0,0,0,10
reflection,10,498,1,0,1,1,0,11
static_team,10,498,1,0,0,0,0,20
corpus_mesh,10,498,1,1,1,1,0,23
single,10,499,1,0,0,0,0,10
reflection,10,499,1,0,3,3,0,13
static_team,10,499,1,0,0,0,0,20
corpus_mesh,10,499,1,0,0,0,0,21
single,10,500,1,0,0,0,0,10
reflection,10,500,1,0,6,6,0,16
static_team,10,500,1,0,0,0,0,20
corpus_mesh,10,500,1,0,0,0,0,21
single,10,501,1,0,0,0,0,10
reflection,10,501,1,0,0,0,0,10
static_team,10,501,1,0,0,0,0,20
corpus_mesh,10,501,1,0,0,0,0,23
single,10,502,1,0,0,0,0,10
reflection,10,502,1,0,4,4,0,14
static_team,10,502,1,0,0,0,0,20
corpus_mesh,10,502,1,0,0,0,0,20
single,10,503,0,1,0,0,1,10
reflection,10,503,1,0,1,1,0,11
static_team,10,503,1,0,0,0,0,20
corpus_mesh,10,503,1,0,0,0,0,21
single,10,504,1,0,0,0,0,10
reflection,10,504,1,0,2,2,0,12
static_team,10,504,1,0,0,0,0,20
corpus_mesh,10,504,1,0,0,0,0,20
single,10,505,1,0,0,0,0,10
reflection,10,505,1,0,2,2,0,12
static_team,10,505,1,1,1,1,0,21
corpus_mesh,10,505,1,0,0,0,0,21
single,10,506,1,0,0,0,0,10
reflection,10,506,1,0,4,4,0,14
static_team,10,506,1,0,0,0,0,20
corpus_mesh,10,506,1,0,0,0,0,21
single,10,507,1,0,0,0,0,10
reflection,10,507,1,0,4,4,0,14
static_team,10,507,1,0,0,0,0,20
corpus_mesh,10,507,1,0,0,0,0,20
single,10,508,0,1,0,0,1,10
reflection,10,508,1,0,4,4,0,14
static_team,10,508,1,0,0,0,0,20
corpus_mesh,10,508,1,0,0,0,0,20
single,10,509,0,1,0,0,1,10
reflection,10,509,1,0,2,2,0,12
static_team,10,509,1,0,0,0,0,20
corpus_mesh,10,509,1,0,0,0,0,20
single,10,510,1,0,0,0,0,10
reflection,10,510,0,1,1,1,1,11
static_team,10,510,1,0,0,0,0,20
corpus_mesh,10,510,1,1,1,1,0,22
single,10,511,0,1,0,0,1,10
reflection,10,511,0,0,3,2,1,13
static_team,10,511,1,0,0,0,0,20
corpus_mesh,10,511,1,0,0,0,0,22
single,10,512,0,1,0,0,1,10
reflection,10,512,1,0,1,1,0,11
static_team,10,512,1,0,0,0,0,20
corpus_mesh,10,512,1,0,0,0,0,23
single,10,513,1,0,0,0,0,10
reflection,10,513,1,0,1,1,0,11
static_team,10,513,1,0,0,0,0,20
corpus_mesh,10,513,1,0,0,0,0,21
single,10,514,0,1,0,0,1,10
reflection,10,514,1,0,3,3,0,13
static_team,10,514,1,0,0,0,0,20
corpus_mesh,10,514,1,0,0,0,0,20
single,10,515,1,0,0,0,0,10
reflection,10,515,1,1,4,4,0,14
static_team,10,515,1,0,0,0,0,21
corpus_mesh,10,515,1,0,0,0,0,22
single,10,516,1,0,0,0,0,10
reflection,10,516,1,0,4,4,0,14
static_team,10,516,1,1,1,1,0,21
corpus_mesh,10,516,1,0,0,0,0,22
single,10,517,1,0,0,0,0,10
reflection,10,517,1,0,2,2,0,12
static_team,10,517,1,1,1,1,0,21
corpus_mesh,10,517,1,0,0,0,0,21
single,10,518,1,0,0,0,0,10
reflection,10,518,0,1,6,6,1,16
static_team,10,518,1,0,0,0,0,20
corpus_mesh,10,518,1,0,0,0,0,20
single,10,519,0,1,0,0,1,10
reflection,10,519,1,0,3,3,0,13
static_team,10,519,1,0,0,0,0,20
corpus_mesh,10,519,1,1,1,1,0,22
single,10,520,1,0,0,0,0,10
reflection,10,520,1,0,3,3,0,13
static_team,10,520,1,0,0,0,0,20
corpus_mesh,10,520,1,1,1,1,0,22
single,10,521,1,0,0,0,0,10
reflection,10,521,1,0,3,3,0,13
static_team,10,521,1,1,1,1,0,21
corpus_mesh,10,521,1,0,0,0,0,20
single,10,522,1,0,0,0,0,10
reflection,10,522,1,0,4,4,0,14
static_team,10,522,1,0,0,0,0,20
corpus_mesh,10,522,1,0,0,0,0,21
single,10,523,1,0,0,0,0,10
reflection,10,523,1,0,2,2,0,12
static_team,10,523,1,0,0,0,0,21
corpus_mesh,10,523,1,0,0,0,0,20
single,10,524,1,0,0,0,0,10
reflection,10,524,1,0,1,1,0,11
static_team,10,524,1,0,0,0,0,20
corpus_mesh,10,524,1,0,0,0,0,22
single,10,525,0,1,0,0,1,10
reflection,10,525,1,0,4,4,0,14
static_team,10,525,1,0,0,0,0,20
corpus_mesh,10,525,1,0,0,0,0,20
single,10,526,1,0,0,0,0,10
reflection,10,526,1,0,4,4,0,14
static_team,10,526,1,0,0,0,0,20
corpus_mesh,10,526,1,0,0,0,0,20
single,10,527,1,0,0,0,0,10
reflection,10,527,1,0,4,4,0,14
static_team,10,527,1,0,0,0,0,20
corpus_mesh,10,527,1,0,0,0,0,21
single,10,528,1,0,0,0,0,10
reflection,10,528,1,0,1,1,0,11
static_team,10,528,1,0,0,0,0,20
corpus_mesh,10,528,1,0,0,0,0,23
single,10,529,1,0,0,0,0,10
reflection,10,529,1,0,2,2,0,12
static_team,10,529,1,0,0,0,0,20
corpus_mesh,10,529,1,0,0,0,0,20
single,10,530,1,0,0,0,0,10
reflection,10,530,1,0,2,2,0,12
static_team,10,530,1,1,1,1,0,21
corpus_mesh,10,530,1,0,0,0,0,21
single,10,531,1,0,0,0,0,10
reflection,10,531,1,1,5,5,0,15
static_team,10,531,1,0,0,0,0,20
corpus_mesh,10,531,1,0,0,0,0,21
single,10,532,1,0,0,0,0,10
reflection,10,532,1,0,5,5,0,15
static_team,10,532,1,0,0,0,0,20
corpus_mesh,10,532,1,0,0,0,0,22
single,10,533,1,0,0,0,0,10
reflection,10,533,1,0,5,5,0,15
static_team,10,533,1,0,0,0,0,20
corpus_mesh,10,533,1,1,1,1,0,24
single,10,534,1,0,0,0,0,10
reflection,10,534,1,0,3,3,0,13
static_team,10,534,1,0,0,0,0,20
corpus_mesh,10,534,1,2,2,2,0,25
single,10,535,1,0,0,0,0,10
reflection,10,535,1,1,6,6,0,16
static_team,10,535,1,0,0,0,0,20
corpus_mesh,10,535,1,0,0,0,0,20
single,10,536,1,0,0,0,0,10
reflection,10,536,1,0,2,2,0,12
static_team,10,536,1,0,0,0,0,20
corpus_mesh,10,536,1,0,0,0,0,20
single,10,537,1,0,0,0,0,10
reflection,10,537,1,0,1,1,0,11
static_team,10,537,1,0,0,0,0,20
corpus_mesh,10,537,1,0,0,0,0,20
single,10,538,1,0,0,0,0,10
reflection,10,538,1,0,5,5,0,15
static_team,10,538,1,0,0,0,0,20
corpus_mesh,10,538,1,0,0,0,0,20
single,10,539,0,1,0,0,1,10
reflection,10,539,1,0,4,4,0,14
static_team,10,539,1,0,0,0,0,20
corpus_mesh,10,539,1,0,0,0,0,20
single,10,540,1,0,0,0,0,10
reflection,10,540,1,0,2,2,0,12
static_team,10,540,1,0,0,0,0,20
corpus_mesh,10,540,1,0,0,0,0,21
single,10,541,1,0,0,0,0,10
reflection,10,541,0,1,3,3,1,13
static_team,10,541,1,0,0,0,0,20
corpus_mesh,10,541,1,0,0,0,0,22
single,10,542,1,0,0,0,0,10
reflection,10,542,1,0,4,4,0,14
static_team,10,542,1,0,0,0,0,20
corpus_mesh,10,542,1,0,0,0,0,22
single,10,543,1,0,0,0,0,10
reflection,10,543,1,0,1,1,0,11
static_team,10,543,1,1,1,1,0,21
corpus_mesh,10,543,1,0,0,0,0,20
single,10,544,1,0,0,0,0,10
reflection,10,544,1,0,0,0,0,10
static_team,10,544,1,0,0,0,0,20
corpus_mesh,10,544,1,0,0,0,0,24
single,10,545,1,0,0,0,0,10
reflection,10,545,1,0,1,1,0,11
static_team,10,545,1,0,0,0,0,20
corpus_mesh,10,545,1,0,0,0,0,20
single,10,546,1,0,0,0,0,10
reflection,10,546,1,0,1,1,0,11
static_team,10,546,1,0,0,0,0,20
corpus_mesh,10,546,1,1,1,1,0,23
single,10,547,1,0,0,0,0,10
reflection,10,547,1,0,0,0,0,10
static_team,10,547,1,0,0,0,0,20
corpus_mesh,10,547,1,0,0,0,0,21
single,10,548,1,0,0,0,0,10
reflection,10,548,1,0,5,5,0,15
static_team,10,548,1,2,2,2,0,22
corpus_mesh,10,548,1,0,0,0,0,21
single,10,549,1,0,0,0,0,10
reflection,10,549,1,0,1,1,0,11
static_team,10,549,1,0,0,0,0,20
corpus_mesh,10,549,1,0,0,0,0,21
single,10,550,0,1,0,0,1,10
reflection,10,550,1,0,3,3,0,13
static_team,10,550,1,0,0,0,0,20
corpus_mesh,10,550,1,0,0,0,0,22
single,10,551,1,0,0,0,0,10
reflection,10,551,1,0,4,4,0,14
static_team,10,551,1,0,0,0,0,20
corpus_mesh,10,551,1,0,0,0,0,20
single,10,552,0,1,0,0,1,10
reflection,10,552,1,0,1,1,0,11
static_team,10,552,1,0,0,0,0,20
corpus_mesh,10,552,1,0,0,0,0,20
single,10,553,0,2,0,0,1,10
reflection,10,553,1,0,2,2,0,12
static_team,10,553,1,0,0,0,0,20
corpus_mesh,10,553,1,0,0,0,0,20
single,10,554,1,0,0,0,0,10
reflection,10,554,1,0,3,3,0,13
static_team,10,554,1,0,0,0,0,20
corpus_mesh,10,554,1,1,1,1,0,24
single,10,555,1,0,0,0,0,10
reflection,10,555,1,1,4,4,0,14
static_team,10,555,1,0,0,0,0,20
corpus_mesh,10,555,1,0,0,0,0,20
single,10,556,1,0,0,0,0,10
reflection,10,556,1,0,2,2,0,12
static_team,10,556,1,0,0,0,0,20
corpus_mesh,10,556,1,0,0,0,0,21
single,10,557,1,0,0,0,0,10
reflection,10,557,1,0,3,3,0,13
static_team,10,557,1,0,0,0,0,20
corpus_mesh,10,557,1,0,0,0,0,22
single,10,558,1,0,0,0,0,10
reflection,10,558,1,0,4,4,0,14
static_team,10,558,1,0,0,0,0,20
corpus_mesh,10,558,1,0,0,0,0,21
single,10,559,1,0,0,0,0,10
reflection,10,559,1,0,1,1,0,11
static_team,10,559,1,0,0,0,0,21
corpus_mesh,10,559,1,0,0,0,0,21
single,10,560,1,0,0,0,0,10
reflection,10,560,1,0,2,2,0,12
static_team,10,560,1,1,1,1,0,21
corpus_mesh,10,560,1,0,0,0,0,20
single,10,561,1,0,0,0,0,10
reflection,10,561,1,0,4,4,0,14
static_team,10,561,1,0,0,0,0,20
corpus_mesh,10,561,1,0,0,0,0,21
single,10,562,1,0,0,0,0,10
reflection,10,562,1,0,6,6,0,16
static_team,10,562,1,0,0,0,0,20
corpus_mesh,10,562,1,0,0,0,0,20
single,10,563,1,0,0,0,0,10
reflection,10,563,1,0,1,1,0,11
static_team,10,563,1,0,0,0,0,20
corpus_mesh,10,563,1,0,0,0,0,20
single,10,564,1,0,0,0,0,10
reflection,10,564,1,0,2,2,0,12
static_team,10,564,1,0,0,0,0,20
corpus_mesh,10,564,1,1,1,1,0,22
single,10,565,1,0,0,0,0,10
reflection,10,565,1,0,3,3,0,13
static_team,10,565,1,0,0,0,0,20
corpus_mesh,10,565,1,0,0,0,0,20
single,10,566,1,0,0,0,0,10
reflection,10,566,0,1,0,0,1,10
static_team,10,566,1,0,0,0,0,20
corpus_mesh,10,566,1,1,1,1,0,24
single,10,567,0,1,0,0,1,10
reflection,10,567,1,1,4,4,0,14
static_team,10,567,1,0,0,0,0,20
corpus_mesh,10,567,1,1,1,1,0,24
single,10,568,1,0,0,0,0,10
reflection,10,568,1,0,3,3,0,13
static_team,10,568,1,0,0,0,0,20
corpus_mesh,10,568,1,0,0,0,0,22
single,10,569,1,0,0,0,0,10
reflection,10,569,1,0,2,2,0,12
static_team,10,569,1,1,1,1,0,21
corpus_mesh,10,569,1,0,0,0,0,21
single,10,570,1,0,0,0,0,10
reflection,10,570,1,0,5,5,0,15
static_team,10,570,1,1,1,1,0,22
corpus_mesh,10,570,1,0,0,0,0,22
single,10,571,1,0,0,0,0,10
reflection,10,571,1,1,3,3,0,13
static_team,10,571,1,0,0,0,0,20
corpus_mesh,10,571,1,0,0,0,0,21
single,10,572,1,0,0,0,0,10
reflection,10,572,1,0,3,3,0,13
static_team,10,572,1,0,0,0,0,20
corpus_mesh,10,572,1,0,0,0,0,21
single,10,573,1,0,0,0,0,10
reflection,10,573,1,0,0,0,0,10
static_team,10,573,1,0,0,0,0,20
corpus_mesh,10,573,1,0,0,0,0,22
single,10,574,1,0,0,0,0,10
reflection,10,574,1,0,1,1,0,11
static_team,10,574,1,0,0,0,0,20
corpus_mesh,10,574,1,0,0,0,0,22
single,10,575,1,0,0,0,0,10
reflection,10,575,1,0,3,3,0,13
static_team,10,575,1,0,0,0,0,20
corpus_mesh,10,575,1,1,1,1,0,24
single,10,576,1,0,0,0,0,10
reflection,10,576,1,0,2,2,0,12
static_team,10,576,1,0,0,0,0,20
corpus_mesh,10,576,1,0,0,0,0,20
single,10,577,1,0,0,0,0,10
reflection,10,577,1,0,2,2,0,12
static_team,10,577,1,0,0,0,0,20
corpus_mesh,10,577,1,0,0,0,0,21
single,10,578,0,1,0,0,1,10
reflection,10,578,0,1,4,4,1,14
static_team,10,578,1,0,0,0,0,20
corpus_mesh,10,578,1,0,0,0,0,20
single,10,579,1,0,0,0,0,10
reflection,10,579,1,0,1,1,0,11
static_team,10,579,1,0,0,0,0,20
corpus_mesh,10,579,1,0,0,0,0,23
single,10,580,1,0,0,0,0,10
reflection,10,580,1,1,6,6,0,16
static_team,10,580,1,0,0,0,0,20
corpus_mesh,10,580,1,0,0,0,0,23
single,10,581,1,0,0,0,0,10
reflection,10,581,1,0,4,4,0,14
static_team,10,581,1,0,0,0,0,20
corpus_mesh,10,581,1,0,0,0,0,23
single,10,582,1,0,0,0,0,10
reflection,10,582,1,0,2,2,0,12
static_team,10,582,1,0,0,0,0,20
corpus_mesh,10,582,1,0,0,0,0,20
single,10,583,1,0,0,0,0,10
reflection,10,583,0,1,5,5,1,15
static_team,10,583,1,1,1,1,0,21
corpus_mesh,10,583,1,0,0,0,0,20
single,10,584,1,0,0,0,0,10
reflection,10,584,1,0,2,2,0,12
static_team,10,584,1,2,2,2,0,22
corpus_mesh,10,584,1,0,0,0,0,20
single,10,585,1,0,0,0,0,10
reflection,10,585,1,0,5,5,0,15
static_team,10,585,1,0,0,0,0,20
corpus_mesh,10,585,1,0,0,0,0,20
single,10,586,1,0,0,0,0,10
reflection,10,586,1,0,2,2,0,12
static_team,10,586,1,0,0,0,0,20
corpus_mesh,10,586,1,0,0,0,0,21
single,10,587,1,0,0,0,0,10
reflection,10,587,1,0,1,1,0,11
static_team,10,587,1,0,0,0,0,20
corpus_mesh,10,587,1,0,0,0,0,21
single,10,588,1,0,0,0,0,10
reflection,10,588,1,0,1,1,0,11
static_team,10,588,1,0,0,0,0,20
corpus_mesh,10,588,1,2,2,2,0,24
single,10,589,1,0,0,0,0,10
reflection,10,589,1,0,3,3,0,13
static_team,10,589,1,0,0,0,0,20
corpus_mesh,10,589,1,0,0,0,0,20
single,10,590,0,1,0,0,1,10
reflection,10,590,1,0,6,6,0,16
static_team,10,590,1,0,0,0,0,20
corpus_mesh,10,590,1,0,0,0,0,21
single,10,591,1,0,0,0,0,10
reflection,10,591,1,0,5,5,0,15
static_team,10,591,1,0,0,0,0,20
corpus_mesh,10,591,1,0,0,0,0,20
single,10,592,1,0,0,0,0,10
reflection,10,592,1,0,1,1,0,11
static_team,10,592,1,0,0,0,0,20
corpus_mesh,10,592,1,0,0,0,0,20
single,10,593,0,1,0,0,1,10
reflection,10,593,0,1,2,2,1,12
static_team,10,593,1,0,0,0,0,20
corpus_mesh,10,593,1,0,0,0,0,20
single,10,594,1,0,0,0,0,10
reflection,10,594,1,0,5,5,0,15
static_team,10,594,1,0,0,0,0,20
corpus_mesh,10,594,1,0,0,0,0,20
single,10,595,0,1,0,0,1,10
reflection,10,595,1,0,5,5,0,15
static_team,10,595,1,0,0,0,0,20
corpus_mesh,10,595,1,0,0,0,0,20
single,10,596,1,0,0,0,0,10
reflection,10,596,1,0,4,4,0,14
static_team,10,596,1,1,1,1,0,21
corpus_mesh,10,596,1,0,0,0,0,20
single,10,597,1,0,0,0,0,10
reflection,10,597,1,0,1,1,0,11
static_team,10,597,1,0,0,0,0,20
corpus_mesh,10,597,1,0,0,0,0,22
single,10,598,1,0,0,0,0,10
reflection,10,598,1,2,2,2,0,12
static_team,10,598,1,0,0,0,0,20
corpus_mesh,10,598,1,0,0,0,0,21
single,10,599,1,0,0,0,0,10
reflection,10,599,1,0,4,4,0,14
static_team,10,599,1,0,0,0,0,20
corpus_mesh,10,599,1,1,1,1,0,23
single,10,600,1,0,0,0,0,10
reflection,10,600,1,0,3,3,0,13
static_team,10,600,1,0,0,0,0,21
corpus_mesh,10,600,1,0,0,0,0,22
single,10,601,1,0,0,0,0,10
reflection,10,601,1,0,4,4,0,14
static_team,10,601,1,0,0,0,0,20
corpus_mesh,10,601,1,0,0,0,0,20
single,10,602,1,0,0,0,0,10
reflection,10,602,1,0,2,2,0,12
static_team,10,602,1,0,0,0,0,21
corpus_mesh,10,602,1,0,0,0,0,22
single,10,603,1,0,0,0,0,10
reflection,10,603,1,0,3,3,0,13
static_team,10,603,1,0,0,0,0,20
corpus_mesh,10,603,1,0,0,0,0,20
single,10,604,1,0,0,0,0,10
reflection,10,604,1,0,3,3,0,13
static_team,10,604,1,1,1,1,0,21
corpus_mesh,10,604,1,0,0,0,0,20
single,10,605,1,0,0,0,0,10
reflection,10,605,1,0,3,3,0,13
static_team,10,605,1,0,0,0,0,20
corpus_mesh,10,605,1,0,0,0,0,20
single,10,606,1,0,0,0,0,10
reflection,10,606,1,0,4,4,0,14
static_team,10,606,1,0,0,0,0,20
corpus_mesh,10,606,1,0,0,0,0,20
single,10,607,1,0,0,0,0,10
reflection,10,607,1,0,3,3,0,13
static_team,10,607,1,0,0,0,0,20
corpus_mesh,10,607,1,0,0,0,0,20
single,10,608,1,0,0,0,0,10
reflection,10,608,1,0,4,4,0,14
static_team,10,608,1,0,0,0,0,20
corpus_mesh,10,608,1,0,0,0,0,20
single,10,609,1,0,0,0,0,10
reflection,10,609,1,0,2,2,0,12
static_team,10,609,1,0,0,0,0,20
corpus_mesh,10,609,1,0,0,0,0,20
single,10,610,0,1,0,0,1,10
reflection,10,610,0,0,2,1,1,12
static_team,10,610,1,0,0,0,0,20
corpus_mesh,10,610,1,0,0,0,0,22
single,10,611,0,1,0,0,1,10
reflection,10,611,1,0,3,3,0,13
static_team,10,611,1,0,0,0,0,20
corpus_mesh,10,611,1,0,0,0,0,21
single,10,612,1,0,0,0,0,10
reflection,10,612,1,0,4,4,0,14
static_team,10,612,1,0,0,0,0,20
corpus_mesh,10,612,1,0,0,0,0,23
single,10,613,1,0,0,0,0,10
reflection,10,613,1,0,3,3,0,13
static_team,10,613,1,0,0,0,0,20
corpus_mesh,10,613,1,0,0,0,0,21
single,10,614,1,0,0,0,0,10
reflection,10,614,1,0,2,2,0,12
static_team,10,614,1,1,1,1,0,21
corpus_mesh,10,614,1,1,1,1,0,23
single,10,615,0,1,0,0,1,10
reflection,10,615,1,0,3,3,0,13
static_team,10,615,1,0,0,0,0,20
corpus_mesh,10,615,1,0,0,0,0,21
single,10,616,1,0,0,0,0,10
reflection,10,616,1,0,2,2,0,12
static_team,10,616,1,1,1,1,0,21
corpus_mesh,10,616,1,0,0,0,0,20
single,10,617,1,0,0,0,0,10
reflection,10,617,1,0,2,2,0,12
static_team,10,617,1,1,1,1,0,21
corpus_mesh,10,617,1,0,0,0,0,20
single,10,618,1,0,0,0,0,10
reflection,10,618,1,0,4,4,0,14
static_team,10,618,1,0,0,0,0,20
corpus_mesh,10,618,1,0,0,0,0,21
single,10,619,1,0,0,0,0,10
reflection,10,619,1,1,5,5,0,15
static_team,10,619,1,0,0,0,0,20
corpus_mesh,10,619,1,0,0,0,0,22
single,10,620,1,0,0,0,0,10
reflection,10,620,1,1,4,4,0,14
static_team,10,620,1,0,0,0,0,20
corpus_mesh,10,620,1,0,0,0,0,20
single,10,621,1,0,0,0,0,10
reflection,10,621,1,0,3,3,0,13
static_team,10,621,1,0,0,0,0,20
corpus_mesh,10,621,1,1,1,1,0,23
single,10,622,1,0,0,0,0,10
reflection,10,622,1,0,2,2,0,12
static_team,10,622,1,0,0,0,0,20
corpus_mesh,10,622,1,0,0,0,0,22
single,10,623,1,0,0,0,0,10
reflection,10,623,1,0,1,1,0,11
static_team,10,623,1,0,0,0,0,20
corpus_mesh,10,623,1,0,0,0,0,22
single,10,624,1,0,0,0,0,10
reflection,10,624,1,0,3,3,0,13
static_team,10,624,1,0,0,0,0,20
corpus_mesh,10,624,1,0,0,0,0,21
single,10,625,1,0,0,0,0,10
reflection,10,625,1,0,1,1,0,11
static_team,10,625,1,1,1,1,0,21
corpus_mesh,10,625,1,0,0,0,0,20
single,10,626,1,0,0,0,0,10
reflection,10,626,1,0,0,0,0,10
static_team,10,626,1,0,0,0,0,20
corpus_mesh,10,626,1,0,0,0,0,21
single,10,627,1,0,0,0,0,10
reflection,10,627,1,0,2,2,0,12
static_team,10,627,1,0,0,0,0,20
corpus_mesh,10,627,1,0,0,0,0,20
single,10,628,1,0,0,0,0,10
reflection,10,628,1,0,0,0,0,10
static_team,10,628,1,0,0,0,0,20
corpus_mesh,10,628,1,1,1,1,0,22
single,10,629,1,0,0,0,0,10
reflection,10,629,0,1,3,3,1,13
static_team,10,629,1,0,0,0,0,20
corpus_mesh,10,629,1,0,0,0,0,20
single,10,630,1,0,0,0,0,10
reflection,10,630,1,0,4,4,0,14
static_team,10,630,1,0,0,0,0,20
corpus_mesh,10,630,1,0,0,0,0,20
single,10,631,1,0,0,0,0,10
reflection,10,631,1,0,1,1,0,11
static_team,10,631,1,0,0,0,0,20
corpus_mesh,10,631,1,1,1,1,0,23
single,10,632,1,0,0,0,0,10
reflection,10,632,1,0,1,1,0,11
static_team,10,632,1,0,0,0,0,20
corpus_mesh,10,632,1,0,0,0,0,21
single,10,633,1,0,0,0,0,10
reflection,10,633,0,1,1,1,1,11
static_team,10,633,1,0,0,0,0,20
corpus_mesh,10,633,1,0,0,0,0,20
single,10,634,1,0,0,0,0,10
reflection,10,634,0,2,5,5,1,15
static_team,10,634,1,0,0,0,0,20
corpus_mesh,10,634,1,0,0,0,0,20
single,10,635,1,0,0,0,0,10
reflection,10,635,1,0,3,3,0,13
static_team,10,635,1,0,0,0,0,20
corpus_mesh,10,635,1,0,0,0,0,21
single,10,636,1,0,0,0,0,10
reflection,10,636,1,0,1,1,0,11
static_team,10,636,1,0,0,0,0,20
corpus_mesh,10,636,1,0,0,0,0,22
single,10,637,1,0,0,0,0,10
reflection,10,637,1,0,3,3,0,13
static_team,10,637,1,0,0,0,0,20
corpus_mesh,10,637,1,0,0,0,0,21
single,10,638,1,0,0,0,0,10
reflection,10,638,1,0,5,5,0,15
static_team,10,638,1,1,1,1,0,21
corpus_mesh,10,638,1,0,0,0,0,22
single,10,639,1,0,0,0,0,10
reflection,10,639,1,0,5,5,0,15
static_team,10,639,1,0,0,0,0,20
corpus_mesh,10,639,1,0,0,0,0,21
single,10,640,1,0,0,0,0,10
reflection,10,640,1,0,1,1,0,11
static_team,10,640,1,0,0,0,0,20
corpus_mesh,10,640,1,0,0,0,0,21
single,10,641,1,0,0,0,0,10
reflection,10,641,1,0,2,2,0,12
static_team,10,641,1,0,0,0,0,20
corpus_mesh,10,641,1,0,0,0,0,20
single,10,642,1,0,0,0,0,10
reflection,10,642,1,0,6,6,0,16
static_team,10,642,1,0,0,0,0,20
corpus_mesh,10,642,1,0,0,0,0,22
single,10,643,1,0,0,0,0,10
reflection,10,643,1,0,1,1,0,11
static_team,10,643,1,0,0,0,0,21
corpus_mesh,10,643,1,0,0,0,0,20
single,10,644,1,0,0,0,0,10
reflection,10,644,1,0,2,2,0,12
static_team,10,644,1,0,0,0,0,20
corpus_mesh,10,644,1,0,0,0,0,20
single,10,645,1,0,0,0,0,10
reflection,10,645,1,0,2,2,0,12
static_team,10,645,1,0,0,0,0,20
corpus_mesh,10,645,1,0,0,0,0,21
single,10,646,1,0,0,0,0,10
reflection,10,646,1,1,5,5,0,15
static_team,10,646,1,0,0,0,0,20
corpus_mesh,10,646,1,0,0,0,0,22
single,10,647,1,0,0,0,0,10
reflection,10,647,1,0,6,6,0,16
static_team,10,647,1,0,0,0,0,20
corpus_mesh,10,647,1,0,0,0,0,21
single,10,648,1,0,0,0,0,10
reflection,10,648,1,0,3,3,0,13
static_team,10,648,1,0,0,0,0,20
corpus_mesh,10,648,1,0,0,0,0,21
single,10,649,1,0,0,0,0,10
reflection,10,649,1,0,0,0,0,10
static_team,10,649,1,1,1,1,0,21
corpus_mesh,10,649,1,0,0,0,0,20
single,10,650,1,0,0,0,0,10
reflection,10,650,1,0,4,4,0,14
static_team,10,650,1,0,0,0,0,20
corpus_mesh,10,650,1,0,0,0,0,23
single,10,651,1,0,0,0,0,10
reflection,10,651,1,0,4,4,0,14
static_team,10,651,1,0,0,0,0,20
corpus_mesh,10,651,1,0,0,0,0,22
single,10,652,1,0,0,0,0,10
reflection,10,652,1,0,3,3,0,13
static_team,10,652,1,0,0,0,0,20
corpus_mesh,10,652,1,0,0,0,0,21
single,10,653,1,0,0,0,0,10
reflection,10,653,1,0,1,1,0,11
static_team,10,653,1,0,0,0,0,20
corpus_mesh,10,653,1,0,0,0,0,21
single,10,654,1,0,0,0,0,10
reflection,10,654,0,1,1,1,1,11
static_team,10,654,1,0,0,0,0,20
corpus_mesh,10,654,1,0,0,0,0,21
single,10,655,0,1,0,0,1,10
reflection,10,655,1,0,3,3,0,13
static_team,10,655,1,0,0,0,0,20
corpus_mesh,10,655,1,0,0,0,0,21
single,10,656,1,0,0,0,0,10
reflection,10,656,1,0,3,3,0,13
static_team,10,656,1,0,0,0,0,20
corpus_mesh,10,656,1,1,1,1,0,23
single,10,657,1,0,0,0,0,10
reflection,10,657,1,0,3,3,0,13
static_team,10,657,1,0,0,0,0,20
corpus_mesh,10,657,0,0,0,0,1,23
single,10,658,1,0,0,0,0,10
reflection,10,658,1,0,3,3,0,13
static_team,10,658,1,0,0,0,0,20
corpus_mesh,10,658,1,0,0,0,0,22
single,10,659,1,0,0,0,0,10
reflection,10,659,1,0,4,4,0,14
static_team,10,659,1,0,0,0,0,20
corpus_mesh,10,659,1,0,0,0,0,23
single,10,660,1,0,0,0,0,10
reflection,10,660,1,0,3,3,0,13
static_team,10,660,1,0,0,0,0,20
corpus_mesh,10,660,1,0,0,0,0,22
single,10,661,1,0,0,0,0,10
reflection,10,661,1,0,1,1,0,11
static_team,10,661,1,0,0,0,0,20
corpus_mesh,10,661,1,0,0,0,0,20
single,10,662,1,0,0,0,0,10
reflection,10,662,1,0,3,3,0,13
static_team,10,662,1,0,0,0,0,20
corpus_mesh,10,662,1,0,0,0,0,21
single,10,663,1,0,0,0,0,10
reflection,10,663,0,1,2,2,1,12
static_team,10,663,1,0,0,0,0,20
corpus_mesh,10,663,1,0,0,0,0,22
single,10,664,1,0,0,0,0,10
reflection,10,664,0,0,1,0,1,11
static_team,10,664,1,1,1,1,0,21
corpus_mesh,10,664,1,0,0,0,0,22
single,10,665,1,0,0,0,0,10
reflection,10,665,1,0,2,2,0,12
static_team,10,665,1,0,0,0,0,20
corpus_mesh,10,665,1,0,0,0,0,21
single,10,666,0,1,0,0,1,10
reflection,10,666,0,1,3,3,1,13
static_team,10,666,1,0,0,0,0,20
corpus_mesh,10,666,1,0,0,0,0,21
single,10,667,0,1,0,0,1,10
reflection,10,667,1,1,3,3,0,13
static_team,10,667,1,0,0,0,0,20
corpus_mesh,10,667,1,0,0,0,0,22
single,10,668,1,0,0,0,0,10
reflection,10,668,1,0,4,4,0,14
static_team,10,668,1,0,0,0,0,20
corpus_mesh,10,668,1,0,0,0,0,21
single,10,669,1,0,0,0,0,10
reflection,10,669,1,0,4,4,0,14
static_team,10,669,1,0,0,0,0,20
corpus_mesh,10,669,1,2,2,2,0,24
single,10,670,1,0,0,0,0,10
reflection,10,670,1,0,3,3,0,13
static_team,10,670,1,0,0,0,0,20
corpus_mesh,10,670,1,0,0,0,0,21
single,10,671,0,1,0,0,1,10
reflection,10,671,1,0,0,0,0,10
static_team,10,671,1,1,1,1,0,21
corpus_mesh,10,671,1,0,0,0,0,21
single,10,672,1,0,0,0,0,10
reflection,10,672,1,0,4,4,0,14
static_team,10,672,1,0,0,0,0,20
corpus_mesh,10,672,1,0,0,0,0,21
single,10,673,1,0,0,0,0,10
reflection,10,673,1,0,1,1,0,11
static_team,10,673,1,0,0,0,0,20
corpus_mesh,10,673,1,0,0,0,0,20
single,10,674,1,0,0,0,0,10
reflection,10,674,1,0,1,1,0,11
static_team,10,674,1,0,0,0,0,20
corpus_mesh,10,674,1,0,0,0,0,20
single,10,675,1,0,0,0,0,10
reflection,10,675,0,1,2,2,1,12
static_team,10,675,1,0,0,0,0,20
corpus_mesh,10,675,1,0,0,0,0,21
single,10,676,1,0,0,0,0,10
reflection,10,676,1,0,3,3,0,13
static_team,10,676,1,0,0,0,0,20
corpus_mesh,10,676,1,0,0,0,0,23
single,10,677,1,0,0,0,0,10
reflection,10,677,0,1,3,3,1,13
static_team,10,677,1,0,0,0,0,20
corpus_mesh,10,677,1,0,0,0,0,22
single,10,678,1,0,0,0,0,10
reflection,10,678,1,0,5,5,0,15
static_team,10,678,1,1,1,1,0,21
corpus_mesh,10,678,1,1,1,1,0,22
single,10,679,1,0,0,0,0,10
reflection,10,679,1,0,3,3,0,13
static_team,10,679,1,0,0,0,0,21
corpus_mesh,10,679,1,0,0,0,0,21
single,10,680,0,1,0,0,1,10
reflection,10,680,1,0,1,1,0,11
static_team,10,680,1,0,0,0,0,20
corpus_mesh,10,680,1,0,0,0,0,21
single,10,681,1,0,0,0,0,10
reflection,10,681,1,0,4,4,0,14
static_team,10,681,1,1,1,1,0,21
corpus_mesh,10,681,1,0,0,0,0,20
single,10,682,1,0,0,0,0,10
reflection,10,682,1,0,3,3,0,13
static_team,10,682,1,0,0,0,0,20
corpus_mesh,10,682,1,0,0,0,0,20
single,10,683,1,0,0,0,0,10
reflection,10,683,1,0,1,1,0,11
static_team,10,683,1,0,0,0,0,20
corpus_mesh,10,683,1,0,0,0,0,21
single,10,684,1,0,0,0,0,10
reflection,10,684,1,0,2,2,0,12
static_team,10,684,1,0,0,0,0,20
corpus_mesh,10,684,1,0,0,0,0,21
single,10,685,1,0,0,0,0,10
reflection,10,685,1,0,2,2,0,12
static_team,10,685,1,0,0,0,0,20
corpus_mesh,10,685,1,0,0,0,0,21
single,10,686,1,0,0,0,0,10
reflection,10,686,1,0,3,3,0,13
static_team,10,686,1,0,0,0,0,20
corpus_mesh,10,686,1,0,0,0,0,21
single,10,687,1,0,0,0,0,10
reflection,10,687,1,0,3,3,0,13
static_team,10,687,1,0,0,0,0,20
corpus_mesh,10,687,1,0,0,0,0,20
single,10,688,1,0,0,0,0,10
reflection,10,688,1,1,3,3,0,13
static_team,10,688,1,0,0,0,0,20
corpus_mesh,10,688,1,1,1,1,0,23
single,10,689,1,0,0,0,0,10
reflection,10,689,1,0,4,4,0,14
static_team,10,689,1,0,0,0,0,20
corpus_mesh,10,689,1,0,0,0,0,20
single,10,690,1,0,0,0,0,10
reflection,10,690,1,0,3,3,0,13
static_team,10,690,1,0,0,0,0,20
corpus_mesh,10,690,1,0,0,0,0,21
single,10,691,1,0,0,0,0,10
reflection,10,691,1,0,2,2,0,12
static_team,10,691,1,0,0,0,0,20
corpus_mesh,10,691,1,0,0,0,0,21
single,10,692,1,0,0,0,0,10
reflection,10,692,1,0,1,1,0,11
static_team,10,692,1,0,0,0,0,20
corpus_mesh,10,692,1,0,0,0,0,21
single,10,693,0,1,0,0,1,10
reflection,10,693,1,0,3,3,0,13
static_team,10,693,1,0,0,0,0,20
corpus_mesh,10,693,1,0,0,0,0,20
single,10,694,1,0,0,0,0,10
reflection,10,694,1,0,4,4,0,14
static_team,10,694,1,0,0,0,0,20
corpus_mesh,10,694,1,1,1,1,0,23
single,10,695,1,0,0,0,0,10
reflection,10,695,1,0,6,6,0,16
static_team,10,695,1,0,0,0,0,20
corpus_mesh,10,695,1,0,0,0,0,21
single,10,696,1,0,0,0,0,10
reflection,10,696,1,0,4,4,0,14
static_team,10,696,1,0,0,0,0,20
corpus_mesh,10,696,1,0,0,0,0,20
single,10,697,1,0,0,0,0,10
reflection,10,697,1,0,1,1,0,11
static_team,10,697,1,0,0,0,0,20
corpus_mesh,10,697,1,0,0,0,0,21
single,10,698,0,2,0,0,1,10
reflection,10,698,1,0,4,4,0,14
static_team,10,698,1,0,0,0,0,20
corpus_mesh,10,698,1,0,0,0,0,22
single,10,699,1,0,0,0,0,10
reflection,10,699,1,1,2,2,0,12
static_team,10,699,1,0,0,0,0,20
corpus_mesh,10,699,1,0,0,0,0,20
single,10,700,1,0,0,0,0,10
reflection,10,700,1,0,4,4,0,14
static_team,10,700,1,0,0,0,0,20
corpus_mesh,10,700,1,0,0,0,0,23
single,10,701,1,0,0,0,0,10
reflection,10,701,1,0,1,1,0,11
static_team,10,701,1,0,0,0,0,20
corpus_mesh,10,701,1,0,0,0,0,24
single,10,702,1,0,0,0,0,10
reflection,10,702,1,0,1,1,0,11
static_team,10,702,1,0,0,0,0,20
corpus_mesh,10,702,1,0,0,0,0,22
single,10,703,1,0,0,0,0,10
reflection,10,703,1,0,3,3,0,13
static_team,10,703,1,0,0,0,0,20
corpus_mesh,10,703,1,0,0,0,0,20
single,10,704,1,0,0,0,0,10
reflection,10,704,1,0,3,3,0,13
static_team,10,704,1,0,0,0,0,20
corpus_mesh,10,704,1,0,0,0,0,22
single,10,705,1,0,0,0,0,10
reflection,10,705,1,1,3,3,0,13
static_team,10,705,1,0,0,0,0,20
corpus_mesh,10,705,1,0,0,0,0,21
single,10,706,1,0,0,0,0,10
reflection,10,706,1,0,5,5,0,15
static_team,10,706,1,1,1,1,0,21
corpus_mesh,10,706,1,1,1,1,0,23
single,10,707,1,0,0,0,0,10
reflection,10,707,1,0,2,2,0,12
static_team,10,707,1,0,0,0,0,20
corpus_mesh,10,707,1,0,0,0,0,22
single,10,708,1,0,0,0,0,10
reflection,10,708,1,0,2,2,0,12
static_team,10,708,1,0,0,0,0,20
corpus_mesh,10,708,1,0,0,0,0,20
single,10,709,1,0,0,0,0,10
reflection,10,709,0,1,3,3,1,13
static_team,10,709,1,0,0,0,0,20
corpus_mesh,10,709,1,0,0,0,0,23
single,10,710,0,1,0,0,1,10
reflection,10,710,1,0,4,4,0,14
static_team,10,710,1,0,0,0,0,20
corpus_mesh,10,710,1,0,0,0,0,22
single,10,711,1,0,0,0,0,10
reflection,10,711,1,0,2,2,0,12
static_team,10,711,1,0,0,0,0,20
corpus_mesh,10,711,1,0,0,0,0,21
single,10,712,1,0,0,0,0,10
reflection,10,712,1,0,0,0,0,10
static_team,10,712,1,0,0,0,0,20
corpus_mesh,10,712,1,0,0,0,0,23
single,10,713,1,0,0,0,0,10
reflection,10,713,1,0,3,3,0,13
static_team,10,713,1,0,0,0,0,20
corpus_mesh,10,713,1,0,0,0,0,21
single,10,714,1,0,0,0,0,10
reflection,10,714,0,1,3,3,1,13
static_team,10,714,1,0,0,0,0,20
corpus_mesh,10,714,1,0,0,0,0,21
single,10,715,1,0,0,0,0,10
reflection,10,715,1,0,0,0,0,10
static_team,10,715,1,0,0,0,0,20
corpus_mesh,10,715,1,0,0,0,0,21
single,10,716,1,0,0,0,0,10
reflection,10,716,1,0,2,2,0,12
static_team,10,716,1,0,0,0,0,20
corpus_mesh,10,716,1,0,0,0,0,22
single,10,717,1,0,0,0,0,10
reflection,10,717,1,0,3,3,0,13
static_team,10,717,1,0,0,0,0,20
corpus_mesh,10,717,1,1,1,1,0,24
single,10,718,1,0,0,0,0,10
reflection,10,718,1,0,2,2,0,12
static_team,10,718,1,0,0,0,0,20
corpus_mesh,10,718,1,0,0,0,0,20
single,10,719,0,1,0,0,1,10
reflection,10,719,1,0,2,2,0,12
static_team,10,719,1,1,1,1,0,21
corpus_mesh,10,719,1,0,0,0,0,21
single,10,720,0,1,0,0,1,10
reflection,10,720,1,0,1,1,0,11
static_team,10,720,1,0,0,0,0,20
corpus_mesh,10,720,1,0,0,0,0,22
single,10,721,1,0,0,0,0,10
reflection,10,721,0,1,1,1,1,11
static_team,10,721,1,0,0,0,0,20
corpus_mesh,10,721,1,0,0,0,0,21
single,10,722,1,0,0,0,0,10
reflection,10,722,1,0,3,3,0,13
static_team,10,722,1,0,0,0,0,20
corpus_mesh,10,722,1,1,1,1,0,24
single,10,723,1,0,0,0,0,10
reflection,10,723,1,0,4,4,0,14
static_team,10,723,1,0,0,0,0,20
corpus_mesh,10,723,1,0,0,0,0,21
single,10,724,1,0,0,0,0,10
reflection,10,724,1,0,4,4,0,14
static_team,10,724,1,0,0,0,0,20
corpus_mesh,10,724,1,0,0,0,0,22
single,10,725,1,0,0,0,0,10
reflection,10,725,1,0,1,1,0,11
static_team,10,725,1,0,0,0,0,20
corpus_mesh,10,725,1,0,0,0,0,21
single,10,726,1,0,0,0,0,10
reflection,10,726,1,0,4,4,0,14
static_team,10,726,1,0,0,0,0,20
corpus_mesh,10,726,1,0,0,0,0,22
single,10,727,1,0,0,0,0,10
reflection,10,727,1,0,5,5,0,15
static_team,10,727,1,0,0,0,0,20
corpus_mesh,10,727,1,0,0,0,0,20
single,10,728,1,0,0,0,0,10
reflection,10,728,0,1,2,2,1,12
static_team,10,728,1,1,1,1,0,21
corpus_mesh,10,728,1,0,0,0,0,20
single,10,729,1,0,0,0,0,10
reflection,10,729,1,0,2,2,0,12
static_team,10,729,1,0,0,0,0,20
corpus_mesh,10,729,1,1,1,1,0,23
single,10,730,1,0,0,0,0,10
reflection,10,730,1,0,2,2,0,12
static_team,10,730,1,0,0,0,0,20
corpus_mesh,10,730,1,0,0,0,0,21
single,10,731,1,0,0,0,0,10
reflection,10,731,0,1,3,3,1,13
static_team,10,731,1,0,0,0,0,20
corpus_mesh,10,731,1,0,0,0,0,22
single,10,732,1,0,0,0,0,10
reflection,10,732,1,0,3,3,0,13
static_team,10,732,1,0,0,0,0,20
corpus_mesh,10,732,1,0,0,0,0,21
single,10,733,0,1,0,0,1,10
reflection,10,733,1,0,3,3,0,13
static_team,10,733,1,0,0,0,0,20
corpus_mesh,10,733,1,0,0,0,0,21
single,10,734,0,2,0,0,1,10
reflection,10,734,1,0,4,4,0,14
static_team,10,734,1,0,0,0,0,20
corpus_mesh,10,734,1,0,0,0,0,22
single,10,735,1,0,0,0,0,10
reflection,10,735,1,0,3,3,0,13
static_team,10,735,1,0,0,0,0,20
corpus_mesh,10,735,1,0,0,0,0,20
single,10,736,1,0,0,0,0,10
reflection,10,736,1,0,2,2,0,12
static_team,10,736,1,0,0,0,0,20
corpus_mesh,10,736,1,0,0,0,0,20
single,10,737,1,0,0,0,0,10
reflection,10,737,1,0,2,2,0,12
static_team,10,737,1,0,0,0,0,20
corpus_mesh,10,737,1,0,0,0,0,20
single,10,738,1,0,0,0,0,10
reflection,10,738,1,0,3,3,0,13
static_team,10,738,1,1,1,1,0,21
corpus_mesh,10,738,1,0,0,0,0,21
single,10,739,1,0,0,0,0,10
reflection,10,739,1,0,1,1,0,11
static_team,10,739,1,0,0,0,0,20
corpus_mesh,10,739,1,1,1,1,0,22
single,10,740,1,0,0,0,0,10
reflection,10,740,1,0,4,4,0,14
static_team,10,740,1,0,0,0,0,20
corpus_mesh,10,740,1,0,0,0,0,22
single,10,741,1,0,0,0,0,10
reflection,10,741,1,0,1,1,0,11
static_team,10,741,1,0,0,0,0,20
corpus_mesh,10,741,1,0,0,0,0,21
single,10,742,1,0,0,0,0,10
reflection,10,742,1,0,2,2,0,12
static_team,10,742,1,0,0,0,0,20
corpus_mesh,10,742,1,0,0,0,0,20
single,10,743,1,0,0,0,0,10
reflection,10,743,1,0,4,4,0,14
static_team,10,743,1,0,0,0,0,20
corpus_mesh,10,743,1,1,1,1,0,23
single,10,744,1,0,0,0,0,10
reflection,10,744,1,0,3,3,0,13
static_team,10,744,1,1,1,1,0,21
corpus_mesh,10,744,1,1,1,1,0,23
single,10,745,1,0,0,0,0,10
reflection,10,745,1,0,5,5,0,15
static_team,10,745,1,0,0,0,0,20
corpus_mesh,10,745,1,1,1,1,0,24
single,10,746,0,1,0,0,1,10
reflection,10,746,1,0,1,1,0,11
static_team,10,746,1,0,0,0,0,20
corpus_mesh,10,746,1,0,0,0,0,23
single,10,747,1,0,0,0,0,10
reflection,10,747,1,0,1,1,0,11
static_team,10,747,1,0,0,0,0,20
corpus_mesh,10,747,1,0,0,0,0,23
single,10,748,1,0,0,0,0,10
reflection,10,748,1,0,2,2,0,12
static_team,10,748,1,0,0,0,0,20
corpus_mesh,10,748,1,0,0,0,0,21
single,10,749,1,0,0,0,0,10
reflection,10,749,1,0,3,3,0,13
static_team,10,749,1,0,0,0,0,20
corpus_mesh,10,749,1,0,0,0,0,21
single,10,750,1,0,0,0,0,10
reflection,10,750,1,0,3,3,0,13
static_team,10,750,1,0,0,0,0,20
corpus_mesh,10,750,1,0,0,0,0,22
single,10,751,1,0,0,0,0,10
reflection,10,751,1,0,4,4,0,14
static_team,10,751,1,0,0,0,0,20
corpus_mesh,10,751,1,0,0,0,0,21
single,10,752,1,0,0,0,0,10
reflection,10,752,1,0,2,2,0,12
static_team,10,752,1,0,0,0,0,20
corpus_mesh,10,752,1,0,0,0,0,23
single,10,753,1,0,0,0,0,10
reflection,10,753,1,0,4,4,0,14
static_team,10,753,1,0,0,0,0,20
corpus_mesh,10,753,1,0,0,0,0,21
single,10,754,0,1,0,0,1,10
reflection,10,754,1,0,3,3,0,13
static_team,10,754,1,0,0,0,0,20
corpus_mesh,10,754,1,0,0,0,0,20
single,10,755,1,0,0,0,0,10
reflection,10,755,1,0,2,2,0,12
static_team,10,755,1,0,0,0,0,20
corpus_mesh,10,755,1,0,0,0,0,21
single,10,756,1,0,0,0,0,10
reflection,10,756,0,0,4,3,1,14
static_team,10,756,1,1,1,1,0,21
corpus_mesh,10,756,1,0,0,0,0,20
single,10,757,1,0,0,0,0,10
reflection,10,757,1,0,3,3,0,13
static_team,10,757,1,0,0,0,0,20
corpus_mesh,10,757,1,2,2,2,0,25
single,10,758,1,0,0,0,0,10
reflection,10,758,1,0,3,3,0,13
static_team,10,758,1,0,0,0,0,20
corpus_mesh,10,758,1,0,0,0,0,20
single,10,759,1,0,0,0,0,10
reflection,10,759,1,0,3,3,0,13
static_team,10,759,1,0,0,0,0,20
corpus_mesh,10,759,1,0,0,0,0,20
single,10,760,1,0,0,0,0,10
reflection,10,760,1,0,5,5,0,15
static_team,10,760,1,0,0,0,0,20
corpus_mesh,10,760,1,0,0,0,0,22
single,10,761,1,0,0,0,0,10
reflection,10,761,0,0,4,3,1,14
static_team,10,761,1,0,0,0,0,20
corpus_mesh,10,761,1,1,1,1,0,22
single,10,762,1,0,0,0,0,10
reflection,10,762,1,2,6,6,0,16
static_team,10,762,1,0,0,0,0,20
corpus_mesh,10,762,1,0,0,0,0,21
single,10,763,1,0,0,0,0,10
reflection,10,763,1,0,2,2,0,12
static_team,10,763,1,0,0,0,0,20
corpus_mesh,10,763,1,0,0,0,0,20
single,10,764,0,1,0,0,1,10
reflection,10,764,1,0,3,3,0,13
static_team,10,764,1,0,0,0,0,20
corpus_mesh,10,764,1,0,0,0,0,20
single,10,765,1,0,0,0,0,10
reflection,10,765,1,0,2,2,0,12
static_team,10,765,1,0,0,0,0,20
corpus_mesh,10,765,1,1,1,1,0,23
single,10,766,0,1,0,0,1,10
reflection,10,766,1,0,3,3,0,13
static_team,10,766,1,0,0,0,0,20
corpus_mesh,10,766,1,1,1,1,0,22
single,10,767,0,1,0,0,1,10
reflection,10,767,1,0,4,4,0,14
static_team,10,767,1,1,1,1,0,21
corpus_mesh,10,767,1,0,0,0,0,22
single,10,768,1,0,0,0,0,10
reflection,10,768,1,0,3,3,0,13
static_team,10,768,1,0,0,0,0,20
corpus_mesh,10,768,1,0,0,0,0,21
single,10,769,1,0,0,0,0,10
reflection,10,769,0,1,1,1,1,11
static_team,10,769,1,0,0,0,0,20
corpus_mesh,10,769,1,1,1,1,0,23
single,10,770,1,0,0,0,0,10
reflection,10,770,1,0,3,3,0,13
static_team,10,770,1,0,0,0,0,20
corpus_mesh,10,770,1,1,1,1,0,23
single,10,771,1,0,0,0,0,10
reflection,10,771,1,0,1,1,0,11
static_team,10,771,1,0,0,0,0,20
corpus_mesh,10,771,1,1,1,1,0,23
single,10,772,1,0,0,0,0,10
reflection,10,772,1,0,3,3,0,13
static_team,10,772,1,1,1,1,0,21
corpus_mesh,10,772,1,0,0,0,0,20
single,10,773,1,0,0,0,0,10
reflection,10,773,1,0,2,2,0,12
static_team,10,773,1,0,0,0,0,20
corpus_mesh,10,773,1,1,1,1,0,22
single,10,774,1,0,0,0,0,10
reflection,10,774,1,0,4,4,0,14
static_team,10,774,1,0,0,0,0,20
corpus_mesh,10,774,1,0,0,0,0,20
single,10,775,0,1,0,0,1,10
reflection,10,775,1,0,4,4,0,14
static_team,10,775,1,0,0,0,0,20
corpus_mesh,10,775,1,0,0,0,0,21
single,10,776,1,0,0,0,0,10
reflection,10,776,1,0,2,2,0,12
static_team,10,776,1,0,0,0,0,20
corpus_mesh,10,776,1,0,0,0,0,20
single,10,777,1,0,0,0,0,10
reflection,10,777,1,0,2,2,0,12
static_team,10,777,1,0,0,0,0,20
corpus_mesh,10,777,1,0,0,0,0,21
single,10,778,1,0,0,0,0,10
reflection,10,778,1,1,2,2,0,12
static_team,10,778,1,0,0,0,0,20
corpus_mesh,10,778,1,0,0,0,0,20
single,10,779,1,0,0,0,0,10
reflection,10,779,1,0,4,4,0,14
static_team,10,779,1,1,1,1,0,21
corpus_mesh,10,779,1,0,0,0,0,22
single,10,780,1,0,0,0,0,10
reflection,10,780,1,0,2,2,0,12
static_team,10,780,1,0,0,0,0,20
corpus_mesh,10,780,1,1,1,1,0,24
single,10,781,1,0,0,0,0,10
reflection,10,781,1,0,4,4,0,14
static_team,10,781,1,0,0,0,0,20
corpus_mesh,10,781,1,1,1,1,0,24
single,10,782,1,0,0,0,0,10
reflection,10,782,1,0,4,4,0,14
static_team,10,782,1,0,0,0,0,20
corpus_mesh,10,782,1,0,0,0,0,21
single,10,783,1,0,0,0,0,10
reflection,10,783,1,0,3,3,0,13
static_team,10,783,1,0,0,0,0,20
corpus_mesh,10,783,1,0,0,0,0,22
single,10,784,1,0,0,0,0,10
reflection,10,784,1,0,1,1,0,11
static_team,10,784,1,0,0,0,0,20
corpus_mesh,10,784,1,0,0,0,0,20
single,10,785,1,0,0,0,0,10
reflection,10,785,1,0,2,2,0,12
static_team,10,785,1,0,0,0,0,20
corpus_mesh,10,785,1,0,0,0,0,21
single,10,786,1,0,0,0,0,10
reflection,10,786,1,0,3,3,0,13
static_team,10,786,1,0,0,0,0,20
corpus_mesh,10,786,1,0,0,0,0,21
single,10,787,1,0,0,0,0,10
reflection,10,787,1,0,3,3,0,13
static_team,10,787,1,0,0,0,0,20
corpus_mesh,10,787,1,0,0,0,0,22
single,10,788,0,1,0,0,1,10
reflection,10,788,0,1,0,0,1,10
static_team,10,788,1,0,0,0,0,20
corpus_mesh,10,788,1,0,0,0,0,22
single,10,789,1,0,0,0,0,10
reflection,10,789,1,0,4,4,0,14
static_team,10,789,1,1,1,1,0,21
corpus_mesh,10,789,1,0,0,0,0,21
single,10,790,1,0,0,0,0,10
reflection,10,790,1,0,2,2,0,12
static_team,10,790,1,0,0,0,0,20
corpus_mesh,10,790,1,0,0,0,0,22
single,10,791,1,0,0,0,0,10
reflection,10,791,1,0,5,5,0,15
static_team,10,791,1,0,0,0,0,20
corpus_mesh,10,791,1,0,0,0,0,20
single,10,792,1,0,0,0,0,10
reflection,10,792,1,0,3,3,0,13
static_team,10,792,1,0,0,0,0,20
corpus_mesh,10,792,1,0,0,0,0,22
single,10,793,1,0,0,0,0,10
reflection,10,793,1,0,3,3,0,13
static_team,10,793,1,1,1,1,0,21
corpus_mesh,10,793,1,0,0,0,0,21
single,10,794,1,0,0,0,0,10
reflection,10,794,0,1,2,2,1,12
static_team,10,794,1,1,1,1,0,21
corpus_mesh,10,794,1,0,0,0,0,20
single,10,795,1,0,0,0,0,10
reflection,10,795,1,0,5,5,0,15
static_team,10,795,1,1,1,1,0,21
corpus_mesh,10,795,1,1,1,1,0,23
single,10,796,1,0,0,0,0,10
reflection,10,796,1,0,1,1,0,11
static_team,10,796,1,0,0,0,0,20
corpus_mesh,10,796,1,0,0,0,0,22
single,10,797,1,0,0,0,0,10
reflection,10,797,1,0,1,1,0,11
static_team,10,797,1,0,0,0,0,20
corpus_mesh,10,797,1,0,0,0,0,21
single,10,798,1,0,0,0,0,10
reflection,10,798,1,0,2,2,0,12
static_team,10,798,1,0,0,0,0,20
corpus_mesh,10,798,1,1,1,1,0,22
single,10,799,0,1,0,0,1,10
reflection,10,799,1,1,3,3,0,13
static_team,10,799,1,0,0,0,0,20
corpus_mesh,10,799,1,0,0,0,0,23
single,10,800,1,0,0,0,0,10
reflection,10,800,1,0,2,2,0,12
static_team,10,800,1,0,0,0,0,20
corpus_mesh,10,800,1,0,0,0,0,20
single,10,801,1,0,0,0,0,10
reflection,10,801,1,0,1,1,0,11
static_team,10,801,1,0,0,0,0,20
corpus_mesh,10,801,0,1,1,0,1,23
single,10,802,1,0,0,0,0,10
reflection,10,802,1,0,1,1,0,11
static_team,10,802,1,0,0,0,0,20
corpus_mesh,10,802,1,0,0,0,0,21
single,10,803,1,0,0,0,0,10
reflection,10,803,1,0,4,4,0,14
static_team,10,803,1,0,0,0,0,20
corpus_mesh,10,803,1,1,1,1,0,23
single,10,804,1,0,0,0,0,10
reflection,10,804,1,0,2,2,0,12
static_team,10,804,1,0,0,0,0,20
corpus_mesh,10,804,1,0,0,0,0,20
single,10,805,1,0,0,0,0,10
reflection,10,805,1,0,3,3,0,13
static_team,10,805,1,0,0,0,0,20
corpus_mesh,10,805,1,0,0,0,0,22
single,10,806,1,0,0,0,0,10
reflection,10,806,0,0,3,2,1,13
static_team,10,806,1,0,0,0,0,20
corpus_mesh,10,806,1,0,0,0,0,21
single,10,807,1,0,0,0,0,10
reflection,10,807,1,0,3,3,0,13
static_team,10,807,1,2,2,2,0,22
corpus_mesh,10,807,1,0,0,0,0,20
single,10,808,1,0,0,0,0,10
reflection,10,808,1,0,4,4,0,14
static_team,10,808,1,0,0,0,0,20
corpus_mesh,10,808,1,0,0,0,0,21
single,10,809,1,0,0,0,0,10
reflection,10,809,1,0,3,3,0,13
static_team,10,809,1,0,0,0,0,20
corpus_mesh,10,809,1,0,0,0,0,21
single,10,810,1,0,0,0,0,10
reflection,10,810,1,0,3,3,0,13
static_team,10,810,1,0,0,0,0,20
corpus_mesh,10,810,1,0,0,0,0,20
single,10,811,1,0,0,0,0,10
reflection,10,811,1,0,3,3,0,13
static_team,10,811,1,1,1,1,0,21
corpus_mesh,10,811,1,0,0,0,0,21
single,10,812,1,0,0,0,0,10
reflection,10,812,1,0,4,4,0,14
static_team,10,812,1,0,0,0,0,20
corpus_mesh,10,812,1,0,0,0,0,20
single,10,813,1,0,0,0,0,10
reflection,10,813,1,0,1,1,0,11
static_team,10,813,1,0,0,0,0,20
corpus_mesh,10,813,1,0,0,0,0,22
single,10,814,0,1,0,0,1,10
reflection,10,814,0,0,4,3,1,14
static_team,10,814,1,0,0,0,0,20
corpus_mesh,10,814,1,0,0,0,0,20
single,10,815,1,0,0,0,0,10
reflection,10,815,1,0,2,2,0,12
static_team,10,815,1,1,1,1,0,21
corpus_mesh,10,815,1,0,0,0,0,21
single,10,816,1,0,0,0,0,10
reflection,10,816,1,0,3,3,0,13
static_team,10,816,1,1,1,1,0,21
corpus_mesh,10,816,1,1,1,1,0,23
single,10,817,1,0,0,0,0,10
reflection,10,817,0,1,2,2,1,12
static_team,10,817,1,0,0,0,0,20
corpus_mesh,10,817,1,0,0,0,0,23
single,10,818,1,0,0,0,0,10
reflection,10,818,1,0,3,3,0,13
static_team,10,818,1,0,0,0,0,20
corpus_mesh,10,818,1,0,0,0,0,20
single,10,819,1,0,0,0,0,10
reflection,10,819,1,0,3,3,0,13
static_team,10,819,1,1,1,1,0,21
corpus_mesh,10,819,1,0,0,0,0,23
single,10,820,1,0,0,0,0,10
reflection,10,820,1,0,0,0,0,10
static_team,10,820,1,1,1,1,0,21
corpus_mesh,10,820,1,0,0,0,0,21
single,10,821,0,1,0,0,1,10
reflection,10,821,1,0,4,4,0,14
static_team,10,821,1,1,1,1,0,21
corpus_mesh,10,821,1,0,0,0,0,21
single,10,822,1,0,0,0,0,10
reflection,10,822,1,1,5,5,0,15
static_team,10,822,1,0,0,0,0,20
corpus_mesh,10,822,1,0,0,0,0,23
single,10,823,1,0,0,0,0,10
reflection,10,823,1,0,4,4,0,14
static_team,10,823,1,1,1,1,0,21
corpus_mesh,10,823,1,0,0,0,0,22
single,10,824,1,0,0,0,0,10
reflection,10,824,1,0,2,2,0,12
static_team,10,824,1,0,0,0,0,20
corpus_mesh,10,824,1,0,0,0,0,20
single,10,825,1,0,0,0,0,10
reflection,10,825,1,1,3,3,0,13
static_team,10,825,1,0,0,0,0,20
corpus_mesh,10,825,1,0,0,0,0,22
single,10,826,1,0,0,0,0,10
reflection,10,826,1,0,4,4,0,14
static_team,10,826,1,0,0,0,0,20
corpus_mesh,10,826,1,0,0,0,0,20
single,10,827,1,0,0,0,0,10
reflection,10,827,1,0,4,4,0,14
static_team,10,827,1,0,0,0,0,20
corpus_mesh,10,827,1,0,0,0,0,22
single,10,828,0,1,0,0,1,10
reflection,10,828,1,0,1,1,0,11
static_team,10,828,1,0,0,0,0,21
corpus_mesh,10,828,1,0,0,0,0,21
single,10,829,1,0,0,0,0,10
reflection,10,829,0,1,3,3,1,13
static_team,10,829,1,0,0,0,0,21
corpus_mesh,10,829,1,0,0,0,0,22
single,10,830,1,0,0,0,0,10
reflection,10,830,1,0,3,3,0,13
static_team,10,830,1,1,1,1,0,21
corpus_mesh,10,830,1,1,1,1,0,23
single,10,831,0,1,0,0,1,10
reflection,10,831,1,0,2,2,0,12
static_team,10,831,1,1,1,1,0,21
corpus_mesh,10,831,1,1,1,1,0,24
single,10,832,1,0,0,0,0,10
reflection,10,832,1,0,1,1,0,11
static_team,10,832,1,0,0,0,0,20
corpus_mesh,10,832,1,0,0,0,0,22
single,10,833,1,0,0,0,0,10
reflection,10,833,1,0,2,2,0,12
static_team,10,833,1,0,0,0,0,20
corpus_mesh,10,833,1,0,0,0,0,20
single,10,834,1,0,0,0,0,10
reflection,10,834,1,0,3,3,0,13
static_team,10,834,1,0,0,0,0,20
corpus_mesh,10,834,1,0,0,0,0,21
single,10,835,1,0,0,0,0,10
reflection,10,835,1,0,2,2,0,12
static_team,10,835,1,0,0,0,0,20
corpus_mesh,10,835,1,0,0,0,0,20
single,10,836,1,0,0,0,0,10
reflection,10,836,1,0,3,3,0,13
static_team,10,836,1,0,0,0,0,20
corpus_mesh,10,836,1,0,0,0,0,21
single,10,837,1,0,0,0,0,10
reflection,10,837,1,0,4,4,0,14
static_team,10,837,1,0,0,0,0,20
corpus_mesh,10,837,1,0,0,0,0,20
single,10,838,1,0,0,0,0,10
reflection,10,838,1,0,2,2,0,12
static_team,10,838,1,0,0,0,0,20
corpus_mesh,10,838,1,0,0,0,0,20
single,10,839,1,0,0,0,0,10
reflection,10,839,0,1,2,2,1,12
static_team,10,839,1,0,0,0,0,20
corpus_mesh,10,839,1,1,1,1,0,23
single,10,840,1,0,0,0,0,10
reflection,10,840,1,0,2,2,0,12
static_team,10,840,1,0,0,0,0,20
corpus_mesh,10,840,1,0,0,0,0,23
single,10,841,1,0,0,0,0,10
reflection,10,841,1,0,3,3,0,13
static_team,10,841,1,0,0,0,0,20
corpus_mesh,10,841,1,1,1,1,0,23
single,10,842,1,0,0,0,0,10
reflection,10,842,1,0,5,5,0,15
static_team,10,842,1,0,0,0,0,20
corpus_mesh,10,842,1,0,0,0,0,22
single,10,843,1,0,0,0,0,10
reflection,10,843,0,1,0,0,1,10
static_team,10,843,1,0,0,0,0,20
corpus_mesh,10,843,1,1,1,1,0,22
single,10,844,1,0,0,0,0,10
reflection,10,844,0,1,4,4,1,14
static_team,10,844,1,0,0,0,0,20
corpus_mesh,10,844,1,0,0,0,0,21
single,10,845,1,0,0,0,0,10
reflection,10,845,0,1,1,1,1,11
static_team,10,845,1,1,1,1,0,21
corpus_mesh,10,845,1,0,0,0,0,20
single,10,846,1,0,0,0,0,10
reflection,10,846,1,0,3,3,0,13
static_team,10,846,1,0,0,0,0,20
corpus_mesh,10,846,1,0,0,0,0,20
single,10,847,1,0,0,0,0,10
reflection,10,847,1,0,4,4,0,14
static_team,10,847,1,0,0,0,0,20
corpus_mesh,10,847,1,0,0,0,0,20
single,10,848,1,0,0,0,0,10
reflection,10,848,0,1,2,2,1,12
static_team,10,848,1,1,1,1,0,21
corpus_mesh,10,848,1,0,0,0,0,21
single,10,849,1,0,0,0,0,10
reflection,10,849,1,0,6,6,0,16
static_team,10,849,1,0,0,0,0,20
corpus_mesh,10,849,1,0,0,0,0,20
single,10,850,1,0,0,0,0,10
reflection,10,850,1,0,2,2,0,12
static_team,10,850,1,0,0,0,0,20
corpus_mesh,10,850,1,0,0,0,0,23
single,10,851,1,0,0,0,0,10
reflection,10,851,1,0,3,3,0,13
static_team,10,851,1,1,1,1,0,21
corpus_mesh,10,851,1,0,0,0,0,21
single,10,852,1,0,0,0,0,10
reflection,10,852,1,0,2,2,0,12
static_team,10,852,1,0,0,0,0,20
corpus_mesh,10,852,1,1,1,1,0,23
single,10,853,1,0,0,0,0,10
reflection,10,853,1,0,2,2,0,12
static_team,10,853,1,1,1,1,0,21
corpus_mesh,10,853,1,0,0,0,0,21
single,10,854,1,0,0,0,0,10
reflection,10,854,1,0,4,4,0,14
static_team,10,854,1,0,0,0,0,20
corpus_mesh,10,854,1,0,0,0,0,21
single,10,855,1,0,0,0,0,10
reflection,10,855,1,0,0,0,0,10
static_team,10,855,1,0,0,0,0,20
corpus_mesh,10,855,1,0,0,0,0,21
single,10,856,0,1,0,0,1,10
reflection,10,856,1,0,2,2,0,12
static_team,10,856,1,0,0,0,0,20
corpus_mesh,10,856,1,0,0,0,0,20
single,10,857,1,0,0,0,0,10
reflection,10,857,0,2,5,5,1,15
static_team,10,857,1,0,0,0,0,20
corpus_mesh,10,857,1,2,2,2,0,24
single,10,858,1,0,0,0,0,10
reflection,10,858,1,0,3,3,0,13
static_team,10,858,1,0,0,0,0,20
corpus_mesh,10,858,1,0,0,0,0,20
single,10,859,1,0,0,0,0,10
reflection,10,859,1,0,0,0,0,10
static_team,10,859,1,0,0,0,0,20
corpus_mesh,10,859,1,1,1,1,0,23
single,10,860,1,0,0,0,0,10
reflection,10,860,1,0,2,2,0,12
static_team,10,860,1,0,0,0,0,20
corpus_mesh,10,860,1,0,0,0,0,21
single,10,861,1,0,0,0,0,10
reflection,10,861,0,1,2,2,1,12
static_team,10,861,1,0,0,0,0,20
corpus_mesh,10,861,1,1,1,1,0,23
single,10,862,1,0,0,0,0,10
reflection,10,862,1,0,1,1,0,11
static_team,10,862,1,0,0,0,0,20
corpus_mesh,10,862,1,1,1,1,0,23
single,10,863,1,0,0,0,0,10
reflection,10,863,1,0,2,2,0,12
static_team,10,863,1,0,0,0,0,20
corpus_mesh,10,863,1,0,0,0,0,22
single,10,864,1,0,0,0,0,10
reflection,10,864,1,0,3,3,0,13
static_team,10,864,1,0,0,0,0,20
corpus_mesh,10,864,1,0,0,0,0,21
single,10,865,1,0,0,0,0,10
reflection,10,865,0,1,2,2,1,12
static_team,10,865,1,0,0,0,0,20
corpus_mesh,10,865,1,0,0,0,0,22
single,10,866,1,0,0,0,0,10
reflection,10,866,0,0,4,3,1,14
static_team,10,866,1,1,1,1,0,21
corpus_mesh,10,866,1,0,0,0,0,22
single,10,867,1,0,0,0,0,10
reflection,10,867,1,0,2,2,0,12
static_team,10,867,1,0,0,0,0,20
corpus_mesh,10,867,1,0,0,0,0,21
single,10,868,1,0,0,0,0,10
reflection,10,868,1,0,3,3,0,13
static_team,10,868,1,0,0,0,0,20
corpus_mesh,10,868,1,0,0,0,0,22
single,10,869,0,1,0,0,1,10
reflection,10,869,0,1,0,0,1,10
static_team,10,869,1,0,0,0,0,20
corpus_mesh,10,869,1,0,0,0,0,20
single,10,870,1,0,0,0,0,10
reflection,10,870,1,1,3,3,0,13
static_team,10,870,1,0,0,0,0,21
corpus_mesh,10,870,1,0,0,0,0,21
single,10,871,1,0,0,0,0,10
reflection,10,871,1,1,2,2,0,12
static_team,10,871,1,0,0,0,0,20
corpus_mesh,10,871,1,1,1,1,0,25
single,10,872,1,0,0,0,0,10
reflection,10,872,1,0,5,5,0,15
static_team,10,872,1,0,0,0,0,20
corpus_mesh,10,872,1,0,0,0,0,22
single,10,873,1,0,0,0,0,10
reflection,10,873,1,1,2,2,0,12
static_team,10,873,1,0,0,0,0,20
corpus_mesh,10,873,1,0,0,0,0,22
single,10,874,1,0,0,0,0,10
reflection,10,874,1,0,3,3,0,13
static_team,10,874,1,0,0,0,0,20
corpus_mesh,10,874,1,0,0,0,0,23
single,10,875,1,0,0,0,0,10
reflection,10,875,1,0,3,3,0,13
static_team,10,875,1,0,0,0,0,20
corpus_mesh,10,875,1,0,0,0,0,20
single,10,876,1,0,0,0,0,10
reflection,10,876,1,0,1,1,0,11
static_team,10,876,1,0,0,0,0,20
corpus_mesh,10,876,1,0,0,0,0,22
single,10,877,1,0,0,0,0,10
reflection,10,877,1,0,3,3,0,13
static_team,10,877,1,0,0,0,0,20
corpus_mesh,10,877,1,0,0,0,0,21
single,10,878,0,1,0,0,1,10
reflection,10,878,1,0,0,0,0,10
static_team,10,878,1,0,0,0,0,20
corpus_mesh,10,878,1,0,0,0,0,21
single,10,879,1,0,0,0,0,10
reflection,10,879,1,0,3,3,0,13
static_team,10,879,1,0,0,0,0,20
corpus_mesh,10,879,1,0,0,0,0,23
single,10,880,1,0,0,0,0,10
reflection,10,880,1,1,1,1,0,11
static_team,10,880,1,1,1,1,0,21
corpus_mesh,10,880,1,1,1,1,0,24
single,10,881,1,0,0,0,0,10
reflection,10,881,0,0,4,3,1,14
static_team,10,881,1,1,1,1,0,21
corpus_mesh,10,881,1,0,0,0,0,20
single,10,882,1,0,0,0,0,10
reflection,10,882,1,0,3,3,0,13
static_team,10,882,1,0,0,0,0,20
corpus_mesh,10,882,1,0,0,0,0,21
single,10,883,1,0,0,0,0,10
reflection,10,883,1,0,3,3,0,13
static_team,10,883,1,0,0,0,0,20
corpus_mesh,10,883,1,1,1,1,0,23
single,10,884,1,0,0,0,0,10
reflection,10,884,1,0,0,0,0,10
static_team,10,884,1,0,0,0,0,20
corpus_mesh,10,884,1,0,0,0,0,20
single,10,885,1,0,0,0,0,10
reflection,10,885,1,0,3,3,0,13
static_team,10,885,1,0,0,0,0,20
corpus_mesh,10,885,1,0,0,0,0,20
single,10,886,1,0,0,0,0,10
reflection,10,886,1,0,1,1,0,11
static_team,10,886,1,0,0,0,0,20
corpus_mesh,10,886,1,0,0,0,0,21
single,10,887,1,0,0,0,0,10
reflection,10,887,1,0,2,2,0,12
static_team,10,887,1,0,0,0,0,20
corpus_mesh,10,887,1,1,1,1,0,22
single,10,888,0,1,0,0,1,10
reflection,10,888,1,0,3,3,0,13
static_team,10,888,1,0,0,0,0,20
corpus_mesh,10,888,1,0,0,0,0,20
single,10,889,1,0,0,0,0,10
reflection,10,889,1,0,5,5,0,15
static_team,10,889,1,1,1,1,0,21
corpus_mesh,10,889,1,0,0,0,0,20
single,10,890,1,0,0,0,0,10
reflection,10,890,1,0,2,2,0,12
static_team,10,890,1,0,0,0,0,21
corpus_mesh,10,890,1,0,0,0,0,22
single,10,891,1,0,0,0,0,10
reflection,10,891,1,0,2,2,0,12
static_team,10,891,1,1,1,1,0,21
corpus_mesh,10,891,1,0,0,0,0,21
single,10,892,1,0,0,0,0,10
reflection,10,892,1,0,3,3,0,13
static_team,10,892,1,0,0,0,0,20
corpus_mesh,10,892,1,0,0,0,0,25
single,10,893,1,0,0,0,0,10
reflection,10,893,1,0,5,5,0,15
static_team,10,893,1,1,1,1,0,21
corpus_mesh,10,893,1,0,0,0,0,21
single,10,894,0,1,0,0,1,10
reflection,10,894,0,0,3,2,1,13
static_team,10,894,1,0,0,0,0,20
corpus_mesh,10,894,1,1,1,1,0,22
single,10,895,1,0,0,0,0,10
reflection,10,895,0,1,3,3,1,13
static_team,10,895,1,0,0,0,0,20
corpus_mesh,10,895,1,0,0,0,0,20
single,10,896,1,0,0,0,0,10
reflection,10,896,1,0,2,2,0,12
static_team,10,896,1,0,0,0,0,20
corpus_mesh,10,896,1,0,0,0,0,24
single,10,897,1,0,0,0,0,10
reflection,10,897,1,0,4,4,0,14
static_team,10,897,1,0,0,0,0,20
corpus_mesh,10,897,1,1,1,1,0,23
single,10,898,1,0,0,0,0,10
reflection,10,898,1,1,2,2,0,12
static_team,10,898,1,0,0,0,0,20
corpus_mesh,10,898,1,0,0,0,0,20
single,10,899,1,0,0,0,0,10
reflection,10,899,1,0,4,4,0,14
static_team,10,899,1,0,0,0,0,21
corpus_mesh,10,899,1,1,1,1,0,23
single,10,900,1,0,0,0,0,10
reflection,10,900,1,0,3,3,0,13
static_team,10,900,1,0,0,0,0,20
corpus_mesh,10,900,1,2,2,2,0,24
single,10,901,1,0,0,0,0,10
reflection,10,901,0,1,1,1,1,11
static_team,10,901,1,0,0,0,0,20
corpus_mesh,10,901,1,1,1,1,0,22
single,10,902,1,0,0,0,0,10
reflection,10,902,1,0,5,5,0,15
static_team,10,902,1,1,1,1,0,21
corpus_mesh,10,902,1,0,0,0,0,20
single,10,903,1,0,0,0,0,10
reflection,10,903,0,1,1,1,1,11
static_team,10,903,1,0,0,0,0,20
corpus_mesh,10,903,1,0,0,0,0,20
single,10,904,1,0,0,0,0,10
reflection,10,904,1,0,2,2,0,12
static_team,10,904,1,0,0,0,0,20
corpus_mesh,10,904,1,0,0,0,0,23
single,10,905,1,0,0,0,0,10
reflection,10,905,1,0,2,2,0,12
static_team,10,905,1,0,0,0,0,21
corpus_mesh,10,905,1,0,0,0,0,22
single,10,906,0,1,0,0,1,10
reflection,10,906,1,1,5,5,0,15
static_team,10,906,1,0,0,0,0,20
corpus_mesh,10,906,1,0,0,0,0,21
single,10,907,1,0,0,0,0,10
reflection,10,907,1,0,3,3,0,13
static_team,10,907,1,1,1,1,0,22
corpus_mesh,10,907,1,0,0,0,0,20
single,10,908,1,0,0,0,0,10
reflection,10,908,1,0,4,4,0,14
static_team,10,908,1,0,0,0,0,20
corpus_mesh,10,908,1,0,0,0,0,21
single,10,909,1,0,0,0,0,10
reflection,10,909,1,0,1,1,0,11
static_team,10,909,1,1,1,1,0,21
corpus_mesh,10,909,1,0,0,0,0,24
single,10,910,1,0,0,0,0,10
reflection,10,910,1,0,7,7,0,17
static_team,10,910,1,0,0,0,0,20
corpus_mesh,10,910,1,0,0,0,0,21
single,10,911,1,0,0,0,0,10
reflection,10,911,1,0,3,3,0,13
static_team,10,911,1,1,1,1,0,21
corpus_mesh,10,911,1,0,0,0,0,20
single,10,912,1,0,0,0,0,10
reflection,10,912,1,0,2,2,0,12
static_team,10,912,1,1,1,1,0,21
corpus_mesh,10,912,1,1,1,1,0,22
single,10,913,1,0,0,0,0,10
reflection,10,913,1,0,3,3,0,13
static_team,10,913,1,0,0,0,0,20
corpus_mesh,10,913,1,0,0,0,0,21
single,10,914,1,0,0,0,0,10
reflection,10,914,1,0,3,3,0,13
static_team,10,914,1,0,0,0,0,20
corpus_mesh,10,914,1,0,0,0,0,22
single,10,915,1,0,0,0,0,10
reflection,10,915,1,0,1,1,0,11
static_team,10,915,1,0,0,0,0,20
corpus_mesh,10,915,1,0,0,0,0,23
single,10,916,1,0,0,0,0,10
reflection,10,916,0,1,4,4,1,14
static_team,10,916,1,0,0,0,0,20
corpus_mesh,10,916,1,1,1,1,0,23
single,10,917,0,1,0,0,1,10
reflection,10,917,1,0,2,2,0,12
static_team,10,917,1,0,0,0,0,20
corpus_mesh,10,917,1,0,0,0,0,20
single,10,918,1,0,0,0,0,10
reflection,10,918,1,0,5,5,0,15
static_team,10,918,1,0,0,0,0,20
corpus_mesh,10,918,1,0,0,0,0,21
single,10,919,1,0,0,0,0,10
reflection,10,919,1,0,2,2,0,12
static_team,10,919,1,0,0,0,0,20
corpus_mesh,10,919,1,0,0,0,0,21
single,10,920,1,0,0,0,0,10
reflection,10,920,1,0,1,1,0,11
static_team,10,920,1,0,0,0,0,20
corpus_mesh,10,920,1,0,0,0,0,22
single,10,921,1,0,0,0,0,10
reflection,10,921,1,0,2,2,0,12
static_team,10,921,1,1,1,1,0,21
corpus_mesh,10,921,1,0,0,0,0,22
single,10,922,0,1,0,0,1,10
reflection,10,922,1,0,3,3,0,13
static_team,10,922,1,0,0,0,0,20
corpus_mesh,10,922,1,0,0,0,0,22
single,10,923,1,0,0,0,0,10
reflection,10,923,1,0,2,2,0,12
static_team,10,923,1,0,0,0,0,20
corpus_mesh,10,923,1,0,0,0,0,21
single,10,924,1,0,0,0,0,10
reflection,10,924,1,0,2,2,0,12
static_team,10,924,1,0,0,0,0,20
corpus_mesh,10,924,1,2,2,2,0,24
single,10,925,1,0,0,0,0,10
reflection,10,925,1,0,3,3,0,13
static_team,10,925,1,0,0,0,0,20
corpus_mesh,10,925,1,0,0,0,0,20
single,10,926,1,0,0,0,0,10
reflection,10,926,1,0,4,4,0,14
static_team,10,926,1,0,0,0,0,20
corpus_mesh,10,926,1,0,0,0,0,21
single,10,927,1,0,0,0,0,10
reflection,10,927,1,0,1,1,0,11
static_team,10,927,1,0,0,0,0,20
corpus_mesh,10,927,1,1,1,1,0,22
single,10,928,1,0,0,0,0,10
reflection,10,928,1,0,3,3,0,13
static_team,10,928,1,0,0,0,0,20
corpus_mesh,10,928,1,0,0,0,0,20
single,10,929,0,1,0,0,1,10
reflection,10,929,1,0,2,2,0,12
static_team,10,929,1,0,0,0,0,20
corpus_mesh,10,929,1,0,0,0,0,20
single,10,930,1,0,0,0,0,10
reflection,10,930,0,1,3,3,1,13
static_team,10,930,1,1,1,1,0,21
corpus_mesh,10,930,1,0,0,0,0,22
single,10,931,1,0,0,0,0,10
reflection,10,931,1,1,3,3,0,13
static_team,10,931,1,0,0,0,0,20
corpus_mesh,10,931,1,1,1,1,0,22
single,10,932,1,0,0,0,0,10
reflection,10,932,1,0,4,4,0,14
static_team,10,932,1,0,0,0,0,20
corpus_mesh,10,932,1,0,0,0,0,20
single,10,933,1,0,0,0,0,10
reflection,10,933,1,0,1,1,0,11
static_team,10,933,1,1,1,1,0,21
corpus_mesh,10,933,1,1,1,1,0,25
single,10,934,1,0,0,0,0,10
reflection,10,934,1,0,3,3,0,13
static_team,10,934,1,0,0,0,0,20
corpus_mesh,10,934,1,0,0,0,0,22
single,10,935,1,0,0,0,0,10
reflection,10,935,1,0,2,2,0,12
static_team,10,935,1,0,0,0,0,20
corpus_mesh,10,935,1,0,0,0,0,22
single,10,936,1,0,0,0,0,10
reflection,10,936,1,0,4,4,0,14
static_team,10,936,1,0,0,0,0,20
corpus_mesh,10,936,1,0,0,0,0,20
single,10,937,1,0,0,0,0,10
reflection,10,937,1,0,3,3,0,13
static_team,10,937,1,1,1,1,0,21
corpus_mesh,10,937,1,0,0,0,0,21
single,10,938,1,0,0,0,0,10
reflection,10,938,1,0,2,2,0,12
static_team,10,938,1,0,0,0,0,20
corpus_mesh,10,938,1,0,0,0,0,21
single,10,939,0,1,0,0,1,10
reflection,10,939,0,0,2,1,1,12
static_team,10,939,1,0,0,0,0,20
corpus_mesh,10,939,1,1,1,1,0,23
single,10,940,1,0,0,0,0,10
reflection,10,940,1,0,1,1,0,11
static_team,10,940,1,0,0,0,0,20
corpus_mesh,10,940,1,0,0,0,0,23
single,10,941,1,0,0,0,0,10
reflection,10,941,1,1,2,2,0,12
static_team,10,941,1,0,0,0,0,20
corpus_mesh,10,941,1,0,0,0,0,21
single,10,942,1,0,0,0,0,10
reflection,10,942,1,0,3,3,0,13
static_team,10,942,1,0,0,0,0,20
corpus_mesh,10,942,1,0,0,0,0,20
single,10,943,0,1,0,0,1,10
reflection,10,943,1,1,3,3,0,13
static_team,10,943,1,0,0,0,0,20
corpus_mesh,10,943,1,0,0,0,0,21
single,10,944,0,1,0,0,1,10
reflection,10,944,1,0,2,2,0,12
static_team,10,944,1,1,1,1,0,21
corpus_mesh,10,944,1,0,0,0,0,21
single,10,945,0,1,0,0,1,10
reflection,10,945,1,0,4,4,0,14
static_team,10,945,1,0,0,0,0,20
corpus_mesh,10,945,1,0,0,0,0,20
single,10,946,1,0,0,0,0,10
reflection,10,946,1,0,3,3,0,13
static_team,10,946,1,0,0,0,0,20
corpus_mesh,10,946,1,1,1,1,0,23
single,10,947,1,0,0,0,0,10
reflection,10,947,1,0,4,4,0,14
static_team,10,947,1,1,1,1,0,21
corpus_mesh,10,947,1,0,0,0,0,21
single,10,948,1,0,0,0,0,10
reflection,10,948,1,0,4,4,0,14
static_team,10,948,1,0,0,0,0,21
corpus_mesh,10,948,1,0,0,0,0,20
single,10,949,1,0,0,0,0,10
reflection,10,949,1,0,2,2,0,12
static_team,10,949,1,1,1,1,0,23
corpus_mesh,10,949,1,0,0,0,0,20
single,10,950,1,0,0,0,0,10
reflection,10,950,1,0,1,1,0,11
static_team,10,950,0,2,2,1,1,22
corpus_mesh,10,950,1,1,1,1,0,22
single,10,951,1,0,0,0,0,10
reflection,10,951,0,1,3,3,1,13
static_team,10,951,1,1,1,1,0,21
corpus_mesh,10,951,1,0,0,0,0,21
single,10,952,1,0,0,0,0,10
reflection,10,952,0,1,2,2,1,12
static_team,10,952,1,0,0,0,0,20
corpus_mesh,10,952,1,0,0,0,0,21
single,10,953,1,0,0,0,0,10
reflection,10,953,1,0,2,2,0,12
static_team,10,953,1,0,0,0,0,20
corpus_mesh,10,953,1,0,0,0,0,22
single,10,954,1,0,0,0,0,10
reflection,10,954,1,0,5,5,0,15
static_team,10,954,1,0,0,0,0,20
corpus_mesh,10,954,1,0,0,0,0,22
single,10,955,1,0,0,0,0,10
reflection,10,955,1,0,1,1,0,11
static_team,10,955,1,0,0,0,0,20
corpus_mesh,10,955,1,0,0,0,0,21
single,10,956,1,0,0,0,0,10
reflection,10,956,1,0,4,4,0,14
static_team,10,956,1,0,0,0,0,20
corpus_mesh,10,956,1,0,0,0,0,20
single,10,957,0,2,0,0,1,10
reflection,10,957,0,1,1,1,1,11
static_team,10,957,1,0,0,0,0,20
corpus_mesh,10,957,1,1,1,1,0,25
single,10,958,1,0,0,0,0,10
reflection,10,958,1,0,3,3,0,13
static_team,10,958,1,0,0,0,0,20
corpus_mesh,10,958,1,1,1,1,0,23
single,10,959,1,0,0,0,0,10
reflection,10,959,0,0,4,3,1,14
static_team,10,959,1,0,0,0,0,20
corpus_mesh,10,959,1,0,0,0,0,22
single,10,960,1,0,0,0,0,10
reflection,10,960,1,0,5,5,0,15
static_team,10,960,1,0,0,0,0,21
corpus_mesh,10,960,1,0,0,0,0,22
single,10,961,0,1,0,0,1,10
reflection,10,961,0,1,4,4,1,14
static_team,10,961,1,0,0,0,0,20
corpus_mesh,10,961,1,0,0,0,0,21
single,10,962,1,0,0,0,0,10
reflection,10,962,0,0,1,0,1,11
static_team,10,962,1,1,1,1,0,21
corpus_mesh,10,962,1,0,0,0,0,22
single,10,963,1,0,0,0,0,10
reflection,10,963,1,0,1,1,0,11
static_team,10,963,1,0,0,0,0,20
corpus_mesh,10,963,1,1,1,1,0,22
single,10,964,1,0,0,0,0,10
reflection,10,964,1,0,4,4,0,14
static_team,10,964,1,0,0,0,0,20
corpus_mesh,10,964,1,0,0,0,0,20
single,10,965,0,1,0,0,1,10
reflection,10,965,1,0,3,3,0,13
static_team,10,965,1,0,0,0,0,20
corpus_mesh,10,965,1,0,0,0,0,21
single,10,966,0,1,0,0,1,10
reflection,10,966,1,0,4,4,0,14
static_team,10,966,1,1,1,1,0,21
corpus_mesh,10,966,1,0,0,0,0,22
single,10,967,1,0,0,0,0,10
reflection,10,967,1,0,0,0,0,10
static_team,10,967,1,0,0,0,0,20
corpus_mesh,10,967,1,0,0,0,0,20
single,10,968,1,0,0,0,0,10
reflection,10,968,1,0,5,5,0,15
static_team,10,968,1,0,0,0,0,20
corpus_mesh,10,968,1,0,0,0,0,22
single,10,969,0,1,0,0,1,10
reflection,10,969,1,0,2,2,0,12
static_team,10,969,1,0,0,0,0,20
corpus_mesh,10,969,1,0,0,0,0,22
single,10,970,0,1,0,0,1,10
reflection,10,970,1,0,4,4,0,14
static_team,10,970,1,0,0,0,0,20
corpus_mesh,10,970,1,0,0,0,0,22
single,10,971,0,1,0,0,1,10
reflection,10,971,0,1,1,1,1,11
static_team,10,971,1,0,0,0,0,20
corpus_mesh,10,971,1,0,0,0,0,20
single,10,972,1,0,0,0,0,10
reflection,10,972,1,0,2,2,0,12
static_team,10,972,1,0,0,0,0,21
corpus_mesh,10,972,1,0,0,0,0,21
single,10,973,0,1,0,0,1,10
reflection,10,973,1,0,4,4,0,14
static_team,10,973,1,0,0,0,0,20
corpus_mesh,10,973,1,0,0,0,0,20
single,10,974,1,0,0,0,0,10
reflection,10,974,1,0,4,4,0,14
static_team,10,974,1,2,2,2,0,22
corpus_mesh,10,974,1,0,0,0,0,20
single,10,975,1,0,0,0,0,10
reflection,10,975,1,0,4,4,0,14
static_team,10,975,1,0,0,0,0,20
corpus_mesh,10,975,1,0,0,0,0,20
single,10,976,1,0,0,0,0,10
reflection,10,976,1,0,2,2,0,12
static_team,10,976,1,0,0,0,0,20
corpus_mesh,10,976,1,0,0,0,0,22
single,10,977,1,0,0,0,0,10
reflection,10,977,1,0,5,5,0,15
static_team,10,977,1,1,1,1,0,21
corpus_mesh,10,977,1,1,1,1,0,22
single,10,978,1,0,0,0,0,10
reflection,10,978,1,0,3,3,0,13
static_team,10,978,1,0,0,0,0,20
corpus_mesh,10,978,1,0,0,0,0,20
single,10,979,1,0,0,0,0,10
reflection,10,979,1,0,1,1,0,11
static_team,10,979,1,0,0,0,0,21
corpus_mesh,10,979,1,1,1,1,0,23
single,10,980,0,1,0,0,1,10
reflection,10,980,1,1,1,1,0,11
static_team,10,980,1,0,0,0,0,20
corpus_mesh,10,980,1,0,0,0,0,20
single,10,981,0,1,0,0,1,10
reflection,10,981,1,1,7,7,0,17
static_team,10,981,1,1,1,1,0,21
corpus_mesh,10,981,1,0,0,0,0,23
single,10,982,1,0,0,0,0,10
reflection,10,982,1,0,2,2,0,12
static_team,10,982,1,0,0,0,0,20
corpus_mesh,10,982,1,0,0,0,0,20
single,10,983,1,0,0,0,0,10
reflection,10,983,0,0,3,2,1,13
static_team,10,983,1,1,1,1,0,21
corpus_mesh,10,983,1,0,0,0,0,21
single,10,984,1,0,0,0,0,10
reflection,10,984,1,0,1,1,0,11
static_team,10,984,1,0,0,0,0,20
corpus_mesh,10,984,1,1,1,1,0,22
single,10,985,1,0,0,0,0,10
reflection,10,985,1,0,3,3,0,13
static_team,10,985,1,0,0,0,0,20
corpus_mesh,10,985,1,0,0,0,0,22
single,10,986,1,0,0,0,0,10
reflection,10,986,1,0,1,1,0,11
static_team,10,986,1,0,0,0,0,20
corpus_mesh,10,986,1,0,0,0,0,22
single,10,987,1,0,0,0,0,10
reflection,10,987,0,1,2,2,1,12
static_team,10,987,1,0,0,0,0,20
corpus_mesh,10,987,1,0,0,0,0,21
single,10,988,1,0,0,0,0,10
reflection,10,988,1,0,3,3,0,13
static_team,10,988,1,0,0,0,0,20
corpus_mesh,10,988,1,0,0,0,0,22
single,10,989,1,0,0,0,0,10
reflection,10,989,1,0,4,4,0,14
static_team,10,989,1,1,1,1,0,21
corpus_mesh,10,989,1,0,0,0,0,20
single,10,990,1,0,0,0,0,10
reflection,10,990,0,0,3,2,1,13
static_team,10,990,1,0,0,0,0,20
corpus_mesh,10,990,1,0,0,0,0,22
single,10,991,1,0,0,0,0,10
reflection,10,991,1,0,4,4,0,14
static_team,10,991,1,0,0,0,0,20
corpus_mesh,10,991,1,0,0,0,0,21
single,10,992,1,0,0,0,0,10
reflection,10,992,1,0,5,5,0,15
static_team,10,992,1,0,0,0,0,20
corpus_mesh,10,992,0,0,0,0,1,24
single,10,993,1,0,0,0,0,10
reflection,10,993,1,0,3,3,0,13
static_team,10,993,1,0,0,0,0,20
corpus_mesh,10,993,1,0,0,0,0,23
single,10,994,1,0,0,0,0,10
reflection,10,994,0,1,3,3,1,13
static_team,10,994,1,0,0,0,0,20
corpus_mesh,10,994,1,0,0,0,0,20
single,10,995,0,1,0,0,1,10
reflection,10,995,1,0,4,4,0,14
static_team,10,995,1,0,0,0,0,21
corpus_mesh,10,995,1,0,0,0,0,22
single,10,996,1,0,0,0,0,10
reflection,10,996,1,0,1,1,0,11
static_team,10,996,1,1,1,1,0,21
corpus_mesh,10,996,1,0,0,0,0,23
single,10,997,1,0,0,0,0,10
reflection,10,997,0,1,3,3,1,13
static_team,10,997,1,0,0,0,0,20
corpus_mesh,10,997,1,0,0,0,0,23
single,10,998,0,1,0,0,1,10
reflection,10,998,1,0,5,5,0,15
static_team,10,998,1,0,0,0,0,21
corpus_mesh,10,998,1,0,0,0,0,20
single,10,999,1,0,0,0,0,10
reflection,10,999,1,1,2,2,0,12
static_team,10,999,1,0,0,0,0,20
corpus_mesh,10,999,1,0,0,0,0,21
single,25,0,1,0,0,0,0,25
reflection,25,0,0,2,5,5,1,30
static_team,25,0,1,0,0,0,0,50
corpus_mesh,25,0,1,0,0,0,0,53
single,25,1,1,0,0,0,0,25
reflection,25,1,1,0,7,7,0,32
static_team,25,1,1,1,1,1,0,51
corpus_mesh,25,1,1,1,1,1,0,53
single,25,2,1,0,0,0,0,25
reflection,25,2,1,0,6,6,0,31
static_team,25,2,1,0,0,0,0,50
corpus_mesh,25,2,1,2,2,2,0,56
single,25,3,0,1,0,0,1,25
reflection,25,3,0,1,9,9,1,34
static_team,25,3,1,0,0,0,0,50
corpus_mesh,25,3,1,0,0,0,0,53
single,25,4,1,0,0,0,0,25
reflection,25,4,1,1,7,7,0,32
static_team,25,4,1,2,2,2,0,52
corpus_mesh,25,4,1,2,2,2,0,54
single,25,5,1,0,0,0,0,25
reflection,25,5,1,0,4,4,0,29
static_team,25,5,1,0,0,0,0,50
corpus_mesh,25,5,1,0,0,0,0,53
single,25,6,1,0,0,0,0,25
reflection,25,6,0,1,5,5,1,30
static_team,25,6,1,2,2,2,0,52
corpus_mesh,25,6,1,0,0,0,0,55
single,25,7,1,0,0,0,0,25
reflection,25,7,1,0,4,4,0,29
static_team,25,7,1,0,0,0,0,50
corpus_mesh,25,7,1,0,0,0,0,50
single,25,8,0,1,0,0,1,25
reflection,25,8,0,1,8,8,1,33
static_team,25,8,1,0,0,0,0,50
corpus_mesh,25,8,1,1,1,1,0,54
single,25,9,1,0,0,0,0,25
reflection,25,9,0,1,8,8,1,33
static_team,25,9,1,0,0,0,0,51
corpus_mesh,25,9,1,2,2,2,0,56
single,25,10,1,0,0,0,0,25
reflection,25,10,0,2,10,10,1,35
static_team,25,10,1,1,1,1,0,51
corpus_mesh,25,10,1,1,1,1,0,55
single,25,11,0,2,0,0,1,25
reflection,25,11,1,0,7,7,0,32
static_team,25,11,1,1,1,1,0,51
corpus_mesh,25,11,1,1,1,1,0,56
single,25,12,1,0,0,0,0,25
reflection,25,12,1,0,7,7,0,32
static_team,25,12,1,0,0,0,0,50
corpus_mesh,25,12,1,0,0,0,0,53
single,25,13,1,0,0,0,0,25
reflection,25,13,1,0,6,6,0,31
static_team,25,13,1,0,0,0,0,50
corpus_mesh,25,13,1,0,0,0,0,52
single,25,14,1,0,0,0,0,25
reflection,25,14,1,0,8,8,0,33
static_team,25,14,1,0,0,0,0,50
corpus_mesh,25,14,1,0,0,0,0,55
single,25,15,0,1,0,0,1,25
reflection,25,15,1,0,10,10,0,35
static_team,25,15,1,0,0,0,0,50
corpus_mesh,25,15,1,0,0,0,0,55
single,25,16,1,0,0,0,0,25
reflection,25,16,1,0,7,7,0,32
static_team,25,16,1,1,1,1,0,51
corpus_mesh,25,16,1,0,0,0,0,53
single,25,17,0,1,0,0,1,25
reflection,25,17,1,1,9,9,0,34
static_team,25,17,1,0,0,0,0,50
corpus_mesh,25,17,1,1,1,1,0,53
single,25,18,1,0,0,0,0,25
reflection,25,18,1,0,7,7,0,32
static_team,25,18,1,0,0,0,0,50
corpus_mesh,25,18,1,0,0,0,0,56
single,25,19,1,0,0,0,0,25
reflection,25,19,1,2,9,9,0,34
static_team,25,19,1,1,1,1,0,51
corpus_mesh,25,19,1,0,0,0,0,51
single,25,20,1,0,0,0,0,25
reflection,25,20,1,0,5,5,0,30
static_team,25,20,1,0,0,0,0,50
corpus_mesh,25,20,1,0,0,0,0,52
single,25,21,1,0,0,0,0,25
reflection,25,21,0,0,9,8,1,34
static_team,25,21,1,0,0,0,0,50
corpus_mesh,25,21,1,0,0,0,0,54
single,25,22,1,0,0,0,0,25
reflection,25,22,0,2,9,9,1,34
static_team,25,22,0,1,1,0,1,51
corpus_mesh,25,22,1,0,0,0,0,52
single,25,23,1,0,0,0,0,25
reflection,25,23,1,0,6,6,0,31
static_team,25,23,1,1,1,1,0,52
corpus_mesh,25,23,1,0,0,0,0,53
single,25,24,1,0,0,0,0,25
reflection,25,24,1,2,10,10,0,35
static_team,25,24,1,0,0,0,0,50
corpus_mesh,25,24,1,0,0,0,0,51
single,25,25,1,0,0,0,0,25
reflection,25,25,1,0,6,6,0,31
static_team,25,25,1,1,1,1,0,51
corpus_mesh,25,25,1,1,1,1,0,55
single,25,26,1,0,0,0,0,25
reflection,25,26,1,0,5,5,0,30
static_team,25,26,1,1,1,1,0,51
corpus_mesh,25,26,1,0,0,0,0,56
single,25,27,1,0,0,0,0,25
reflection,25,27,0,1,11,10,1,36
static_team,25,27,1,0,0,0,0,50
corpus_mesh,25,27,1,1,1,1,0,56
single,25,28,1,0,0,0,0,25
reflection,25,28,0,0,6,5,1,31
static_team,25,28,1,1,1,1,0,51
corpus_mesh,25,28,1,2,2,2,0,59
single,25,29,0,1,0,0,1,25
reflection,25,29,1,0,8,8,0,33
static_team,25,29,1,0,0,0,0,50
corpus_mesh,25,29,1,0,0,0,0,54
single,25,30,1,0,0,0,0,25
reflection,25,30,0,1,5,5,1,30
static_team,25,30,1,0,0,0,0,50
corpus_mesh,25,30,1,0,0,0,0,53
single,25,31,1,0,0,0,0,25
reflection,25,31,1,0,9,9,0,34
static_team,25,31,1,0,0,0,0,50
corpus_mesh,25,31,1,0,0,0,0,52
single,25,32,1,0,0,0,0,25
reflection,25,32,0,1,6,5,1,31
static_team,25,32,1,0,0,0,0,50
corpus_mesh,25,32,1,1,1,1,0,54
single,25,33,1,0,0,0,0,25
reflection,25,33,1,0,5,5,0,30
static_team,25,33,1,0,0,0,0,50
corpus_mesh,25,33,1,0,0,0,0,54
single,25,34,1,0,0,0,0,25
reflection,25,34,0,1,7,7,1,32
static_team,25,34,1,1,1,1,0,51
corpus_mesh,25,34,1,0,0,0,0,52
single,25,35,1,0,0,0,0,25
reflection,25,35,1,0,7,7,0,32
static_team,25,35,1,0,0,0,0,50
corpus_mesh,25,35,1,1,1,1,0,53
single,25,36,1,0,0,0,0,25
reflection,25,36,1,0,10,10,0,35
static_team,25,36,1,1,1,1,0,52
corpus_mesh,25,36,1,0,0,0,0,50
single,25,37,1,0,0,0,0,25
reflection,25,37,1,0,10,10,0,35
static_team,25,37,1,2,2,2,0,53
corpus_mesh,25,37,1,0,0,0,0,55
single,25,38,0,1,0,0,1,25
reflection,25,38,1,0,3,3,0,28
static_team,25,38,1,0,0,0,0,50
corpus_mesh,25,38,1,0,0,0,0,56
single,25,39,1,0,0,0,0,25
reflection,25,39,0,0,11,10,1,36
static_team,25,39,1,0,0,0,0,52
corpus_mesh,25,39,1,0,0,0,0,50
single,25,40,1,0,0,0,0,25
reflection,25,40,1,0,8,8,0,33
static_team,25,40,1,0,0,0,0,50
corpus_mesh,25,40,1,1,1,1,0,57
single,25,41,0,1,0,0,1,25
reflection,25,41,1,1,9,9,0,34
static_team,25,41,1,0,0,0,0,50
corpus_mesh,25,41,1,0,0,0,0,51
single,25,42,1,0,0,0,0,25
reflection,25,42,1,0,8,8,0,33
static_team,25,42,1,0,0,0,0,50
corpus_mesh,25,42,1,0,0,0,0,53
single,25,43,1,0,0,0,0,25
reflection,25,43,1,1,10,10,0,35
static_team,25,43,1,0,0,0,0,50
corpus_mesh,25,43,1,0,0,0,0,53
single,25,44,1,0,0,0,0,25
reflection,25,44,0,1,6,6,1,31
static_team,25,44,1,1,1,1,0,51
corpus_mesh,25,44,1,1,1,1,0,54
single,25,45,0,1,0,0,1,25
reflection,25,45,1,1,11,11,0,36
static_team,25,45,1,0,0,0,0,50
corpus_mesh,25,45,1,0,0,0,0,53
single,25,46,0,1,0,0,1,25
reflection,25,46,1,1,7,6,0,32
static_team,25,46,1,0,0,0,0,50
corpus_mesh,25,46,1,1,1,1,0,54
single,25,47,1,0,0,0,0,25
reflection,25,47,1,0,8,8,0,33
static_team,25,47,1,0,0,0,0,50
corpus_mesh,25,47,1,0,0,0,0,53
single,25,48,1,0,0,0,0,25
reflection,25,48,0,1,11,10,1,36
static_team,25,48,1,0,0,0,0,50
corpus_mesh,25,48,1,0,0,0,0,53
single,25,49,1,0,0,0,0,25
reflection,25,49,0,1,13,12,1,38
static_team,25,49,1,0,0,0,0,50
corpus_mesh,25,49,1,1,1,1,0,54
single,25,50,1,0,0,0,0,25
reflection,25,50,1,0,6,6,0,31
static_team,25,50,1,0,0,0,0,51
corpus_mesh,25,50,1,0,0,0,0,52
single,25,51,0,1,0,0,1,25
reflection,25,51,0,2,7,7,1,32
static_team,25,51,1,1,1,1,0,51
corpus_mesh,25,51,1,0,0,0,0,51
single,25,52,1,0,0,0,0,25
reflection,25,52,1,0,7,7,0,32
static_team,25,52,1,2,2,2,0,53
corpus_mesh,25,52,1,0,0,0,0,51
single,25,53,1,0,0,0,0,25
reflection,25,53,1,0,11,11,0,36
static_team,25,53,1,0,0,0,0,50
corpus_mesh,25,53,1,0,0,0,0,51
single,25,54,1,0,0,0,0,25
reflection,25,54,0,2,5,5,1,30
static_team,25,54,1,2,2,2,0,52
corpus_mesh,25,54,1,0,0,0,0,55
single,25,55,1,0,0,0,0,25
reflection,25,55,1,0,8,8,0,33
static_team,25,55,1,0,0,0,0,50
corpus_mesh,25,55,1,0,0,0,0,51
single,25,56,1,0,0,0,0,25
reflection,25,56,0,2,10,10,1,35
static_team,25,56,1,0,0,0,0,50
corpus_mesh,25,56,1,1,1,1,0,53
single,25,57,0,1,0,0,1,25
reflection,25,57,1,0,3,3,0,28
static_team,25,57,1,0,0,0,0,50
corpus_mesh,25,57,1,0,0,0,0,51
single,25,58,1,0,0,0,0,25
reflection,25,58,1,0,7,7,0,32
static_team,25,58,1,1,1,1,0,52
corpus_mesh,25,58,1,0,0,0,0,54
single,25,59,1,0,0,0,0,25
reflection,25,59,1,0,8,8,0,33
static_team,25,59,1,2,2,2,0,52
corpus_mesh,25,59,1,0,0,0,0,55
single,25,60,0,2,0,0,1,25
reflection,25,60,0,1,4,4,1,29
static_team,25,60,1,1,1,1,0,51
corpus_mesh,25,60,1,1,1,1,0,54
single,25,61,1,0,0,0,0,25
reflection,25,61,0,2,8,8,1,33
static_team,25,61,1,1,1,1,0,51
corpus_mesh,25,61,1,1,1,1,0,53
single,25,62,0,2,0,0,1,25
reflection,25,62,1,0,10,10,0,35
static_team,25,62,1,0,0,0,0,50
corpus_mesh,25,62,1,0,0,0,0,53
single,25,63,1,0,0,0,0,25
reflection,25,63,1,0,12,12,0,37
static_team,25,63,1,0,0,0,0,50
corpus_mesh,25,63,1,0,0,0,0,55
single,25,64,1,0,0,0,0,25
reflection,25,64,0,2,5,5,1,30
static_team,25,64,1,0,0,0,0,50
corpus_mesh,25,64,1,0,0,0,0,52
single,25,65,0,1,0,0,1,25
reflection,25,65,1,0,6,6,0,31
static_team,25,65,1,0,0,0,0,50
corpus_mesh,25,65,1,1,1,1,0,56
single,25,66,0,1,0,0,1,25
reflection,25,66,0,1,7,7,1,32
static_team,25,66,1,0,0,0,0,50
corpus_mesh,25,66,1,0,0,0,0,52
single,25,67,0,1,0,0,1,25
reflection,25,67,1,0,10,10,0,35
static_team,25,67,1,1,1,1,0,51
corpus_mesh,25,67,1,0,0,0,0,51
single,25,68,0,1,0,0,1,25
reflection,25,68,1,0,6,6,0,31
static_team,25,68,1,0,0,0,0,50
corpus_mesh,25,68,1,1,1,1,0,53
single,25,69,1,0,0,0,0,25
reflection,25,69,0,1,6,6,1,31
static_team,25,69,1,0,0,0,0,50
corpus_mesh,25,69,1,0,0,0,0,53
single,25,70,1,0,0,0,0,25
reflection,25,70,1,1,7,7,0,32
static_team,25,70,1,0,0,0,0,50
corpus_mesh,25,70,1,0,0,0,0,55
single,25,71,1,0,0,0,0,25
reflection,25,71,1,0,10,10,0,35
static_team,25,71,1,0,0,0,0,50
corpus_mesh,25,71,1,0,0,0,0,51
single,25,72,1,0,0,0,0,25
reflection,25,72,0,0,9,8,1,34
static_team,25,72,1,0,0,0,0,50
corpus_mesh,25,72,1,0,0,0,0,53
single,25,73,1,0,0,0,0,25
reflection,25,73,0,1,6,6,1,31
static_team,25,73,1,0,0,0,0,50
corpus_mesh,25,73,1,0,0,0,0,53
single,25,74,0,1,0,0,1,25
reflection,25,74,1,0,8,8,0,33
static_team,25,74,1,0,0,0,0,50
corpus_mesh,25,74,1,0,0,0,0,53
single,25,75,1,0,0,0,0,25
reflection,25,75,0,1,6,6,1,31
static_team,25,75,1,1,1,1,0,51
corpus_mesh,25,75,1,0,0,0,0,52
single,25,76,0,1,0,0,1,25
reflection,25,76,0,1,7,7,1,32
static_team,25,76,1,0,0,0,0,50
corpus_mesh,25,76,1,0,0,0,0,56
single,25,77,0,1,0,0,1,25
reflection,25,77,1,0,6,6,0,31
static_team,25,77,1,1,1,1,0,51
corpus_mesh,25,77,1,0,0,0,0,53
single,25,78,1,0,0,0,0,25
reflection,25,78,0,1,11,11,1,36
static_team,25,78,1,2,2,2,0,52
corpus_mesh,25,78,1,1,1,1,0,54
single,25,79,0,1,0,0,1,25
reflection,25,79,1,0,4,4,0,29
static_team,25,79,1,0,0,0,0,50
corpus_mesh,25,79,1,0,0,0,0,54
single,25,80,0,2,0,0,1,25
reflection,25,80,1,0,7,7,0,32
static_team,25,80,1,0,0,0,0,50
corpus_mesh,25,80,1,0,0,0,0,56
single,25,81,1,0,0,0,0,25
reflection,25,81,1,0,6,6,0,31
static_team,25,81,1,0,0,0,0,50
corpus_mesh,25,81,1,0,0,0,0,53
single,25,82,1,0,0,0,0,25
reflection,25,82,1,0,6,6,0,31
static_team,25,82,1,1,1,1,0,51
corpus_mesh,25,82,1,0,0,0,0,57
single,25,83,1,0,0,0,0,25
reflection,25,83,1,0,7,7,0,32
static_team,25,83,1,0,0,0,0,51
corpus_mesh,25,83,1,0,0,0,0,56
single,25,84,1,0,0,0,0,25
reflection,25,84,0,0,10,9,1,35
static_team,25,84,1,0,0,0,0,50
corpus_mesh,25,84,1,0,0,0,0,52
single,25,85,0,2,0,0,1,25
reflection,25,85,1,0,4,4,0,29
static_team,25,85,1,4,4,4,0,54
corpus_mesh,25,85,1,0,0,0,0,52
single,25,86,1,0,0,0,0,25
reflection,25,86,0,1,8,8,1,33
static_team,25,86,1,0,0,0,0,50
corpus_mesh,25,86,1,0,0,0,0,50
single,25,87,1,0,0,0,0,25
reflection,25,87,0,2,7,7,1,32
static_team,25,87,1,0,0,0,0,50
corpus_mesh,25,87,1,0,0,0,0,54
single,25,88,1,0,0,0,0,25
reflection,25,88,1,1,10,10,0,35
static_team,25,88,1,0,0,0,0,50
corpus_mesh,25,88,1,0,0,0,0,53
single,25,89,0,1,0,0,1,25
reflection,25,89,1,0,5,5,0,30
static_team,25,89,1,0,0,0,0,50
corpus_mesh,25,89,1,1,1,1,0,52
single,25,90,1,0,0,0,0,25
reflection,25,90,1,0,7,7,0,32
static_team,25,90,1,1,1,1,0,51
corpus_mesh,25,90,1,0,0,0,0,53
single,25,91,1,0,0,0,0,25
reflection,25,91,1,0,9,9,0,34
static_team,25,91,1,0,0,0,0,51
corpus_mesh,25,91,1,1,1,1,0,55
single,25,92,0,1,0,0,1,25
reflection,25,92,1,0,6,6,0,31
static_team,25,92,1,0,0,0,0,50
corpus_mesh,25,92,1,0,0,0,0,52
single,25,93,1,0,0,0,0,25
reflection,25,93,1,0,4,4,0,29
static_team,25,93,1,0,0,0,0,50
corpus_mesh,25,93,1,0,0,0,0,52
single,25,94,0,1,0,0,1,25
reflection,25,94,1,1,10,10,0,35
static_team,25,94,1,1,1,1,0,51
corpus_mesh,25,94,1,0,0,0,0,51
single,25,95,1,0,0,0,0,25
reflection,25,95,1,0,3,3,0,28
static_team,25,95,1,0,0,0,0,50
corpus_mesh,25,95,1,0,0,0,0,51
single,25,96,0,1,0,0,1,25
reflection,25,96,1,0,5,5,0,30
static_team,25,96,1,1,1,1,0,51
corpus_mesh,25,96,1,1,1,1,0,55
single,25,97,1,0,0,0,0,25
reflection,25,97,1,0,6,6,0,31
static_team,25,97,1,0,0,0,0,50
corpus_mesh,25,97,1,0,0,0,0,50
single,25,98,1,0,0,0,0,25
reflection,25,98,1,0,6,6,0,31
static_team,25,98,1,0,0,0,0,50
corpus_mesh,25,98,1,0,0,0,0,52
single,25,99,1,0,0,0,0,25
reflection,25,99,1,0,6,6,0,31
static_team,25,99,1,1,1,1,0,51
corpus_mesh,25,99,1,1,1,1,0,56
single,25,100,0,2,0,0,1,25
reflection,25,100,1,0,7,7,0,32
static_team,25,100,1,0,0,0,0,50
corpus_mesh,25,100,1,2,2,2,0,56
single,25,101,1,0,0,0,0,25
reflection,25,101,0,0,5,4,1,30
static_team,25,101,1,0,0,0,0,51
corpus_mesh,25,101,1,1,1,1,0,55
single,25,102,1,0,0,0,0,25
reflection,25,102,1,2,6,6,0,31
static_team,25,102,1,0,0,0,0,50
corpus_mesh,25,102,1,0,0,0,0,53
single,25,103,0,1,0,0,1,25
reflection,25,103,1,0,7,7,0,32
static_team,25,103,1,0,0,0,0,50
corpus_mesh,25,103,1,0,0,0,0,51
single,25,104,1,0,0,0,0,25
reflection,25,104,0,3,4,4,1,29
static_team,25,104,1,0,0,0,0,50
corpus_mesh,25,104,1,0,0,0,0,53
single,25,105,1,0,0,0,0,25
reflection,25,105,1,0,4,4,0,29
static_team,25,105,1,0,0,0,0,50
corpus_mesh,25,105,1,0,0,0,0,50
single,25,106,0,1,0,0,1,25
reflection,25,106,1,0,7,7,0,32
static_team,25,106,1,1,1,1,0,51
corpus_mesh,25,106,1,0,0,0,0,50
single,25,107,1,0,0,0,0,25
reflection,25,107,1,0,8,8,0,33
static_team,25,107,1,0,0,0,0,50
corpus_mesh,25,107,1,0,0,0,0,54
single,25,108,1,0,0,0,0,25
reflection,25,108,0,1,10,10,1,35
static_team,25,108,1,0,0,0,0,51
corpus_mesh,25,108,1,1,1,1,0,53
single,25,109,1,0,0,0,0,25
reflection,25,109,0,1,8,7,1,33
static_team,25,109,1,0,0,0,0,50
corpus_mesh,25,109,1,1,1,1,0,54
single,25,110,0,1,0,0,1,25
reflection,25,110,0,1,7,7,1,32
static_team,25,110,1,1,1,1,0,52
corpus_mesh,25,110,1,1,1,1,0,55
single,25,111,1,0,0,0,0,25
reflection,25,111,0,1,8,8,1,33
static_team,25,111,1,1,1,1,0,51
corpus_mesh,25,111,1,0,0,0,0,50
single,25,112,1,0,0,0,0,25
reflection,25,112,1,0,7,7,0,32
static_team,25,112,1,0,0,0,0,50
corpus_mesh,25,112,1,0,0,0,0,53
single,25,113,1,0,0,0,0,25
reflection,25,113,1,0,6,6,0,31
static_team,25,113,1,0,0,0,0,50
corpus_mesh,25,113,1,0,0,0,0,50
single,25,114,1,0,0,0,0,25
reflection,25,114,1,0,6,6,0,31
static_team,25,114,1,0,0,0,0,50
corpus_mesh,25,114,1,0,0,0,0,50
single,25,115,1,0,0,0,0,25
reflection,25,115,1,0,9,9,0,34
static_team,25,115,1,1,1,1,0,51
corpus_mesh,25,115,1,0,0,0,0,52
single,25,116,1,0,0,0,0,25
reflection,25,116,1,0,8,8,0,33
static_team,25,116,1,0,0,0,0,50
corpus_mesh,25,116,1,0,0,0,0,51
single,25,117,1,0,0,0,0,25
reflection,25,117,1,1,3,3,0,28
static_team,25,117,1,0,0,0,0,50
corpus_mesh,25,117,1,0,0,0,0,51
single,25,118,1,0,0,0,0,25
reflection,25,118,1,0,10,10,0,35
static_team,25,118,1,1,1,1,0,51
corpus_mesh,25,118,1,0,0,0,0,52
single,25,119,0,2,0,0,1,25
reflection,25,119,1,0,9,9,0,34
static_team,25,119,1,0,0,0,0,50
corpus_mesh,25,119,1,0,0,0,0,55
single,25,120,1,0,0,0,0,25
reflection,25,120,1,0,7,7,0,32
static_team,25,120,1,0,0,0,0,50
corpus_mesh,25,120,1,1,1,1,0,55
single,25,121,0,1,0,0,1,25
reflection,25,121,1,0,9,9,0,34
static_team,25,121,1,0,0,0,0,50
corpus_mesh,25,121,1,0,0,0,0,56
single,25,122,0,2,0,0,1,25
reflection,25,122,1,0,8,8,0,33
static_team,25,122,1,0,0,0,0,50
corpus_mesh,25,122,1,0,0,0,0,53
single,25,123,1,0,0,0,0,25
reflection,25,123,1,0,3,3,0,28
static_team,25,123,1,0,0,0,0,50
corpus_mesh,25,123,1,0,0,0,0,51
single,25,124,0,1,0,0,1,25
reflection,25,124,1,0,8,8,0,33
static_team,25,124,1,0,0,0,0,50
corpus_mesh,25,124,1,0,0,0,0,56
single,25,125,1,0,0,0,0,25
reflection,25,125,0,0,5,4,1,30
static_team,25,125,1,0,0,0,0,50
corpus_mesh,25,125,1,1,1,1,0,56
single,25,126,1,0,0,0,0,25
reflection,25,126,1,0,9,9,0,34
static_team,25,126,1,0,0,0,0,50
corpus_mesh,25,126,1,0,0,0,0,51
single,25,127,0,1,0,0,1,25
reflection,25,127,0,0,8,7,1,33
static_team,25,127,1,0,0,0,0,50
corpus_mesh,25,127,1,0,0,0,0,51
single,25,128,0,1,0,0,1,25
reflection,25,128,0,1,6,5,1,31
static_team,25,128,1,1,1,1,0,51
corpus_mesh,25,128,1,0,0,0,0,52
single,25,129,1,0,0,0,0,25
reflection,25,129,1,0,8,8,0,33
static_team,25,129,1,0,0,0,0,50
corpus_mesh,25,129,1,0,0,0,0,54
single,25,130,0,1,0,0,1,25
reflection,25,130,1,0,7,7,0,32
static_team,25,130,1,0,0,0,0,50
corpus_mesh,25,130,1,0,0,0,0,55
single,25,131,1,0,0,0,0,25
reflection,25,131,1,0,8,8,0,33
static_team,25,131,1,0,0,0,0,50
corpus_mesh,25,131,1,0,0,0,0,54
single,25,132,0,2,0,0,1,25
reflection,25,132,0,0,12,11,1,37
static_team,25,132,1,0,0,0,0,50
corpus_mesh,25,132,1,0,0,0,0,52
single,25,133,1,0,0,0,0,25
reflection,25,133,1,0,10,10,0,35
static_team,25,133,1,0,0,0,0,50
corpus_mesh,25,133,1,0,0,0,0,54
single,25,134,1,0,0,0,0,25
reflection,25,134,1,0,4,4,0,29
static_team,25,134,1,0,0,0,0,50
corpus_mesh,25,134,1,0,0,0,0,53
single,25,135,1,0,0,0,0,25
reflection,25,135,0,3,6,5,1,31
static_team,25,135,1,0,0,0,0,50
corpus_mesh,25,135,1,0,0,0,0,50
single,25,136,1,0,0,0,0,25
reflection,25,136,1,0,8,8,0,33
static_team,25,136,1,0,0,0,0,50
corpus_mesh,25,136,1,0,0,0,0,52
single,25,137,1,0,0,0,0,25
reflection,25,137,1,0,7,7,0,32
static_team,25,137,1,0,0,0,0,50
corpus_mesh,25,137,1,0,0,0,0,55
single,25,138,1,0,0,0,0,25
reflection,25,138,1,0,7,7,0,32
static_team,25,138,1,0,0,0,0,50
corpus_mesh,25,138,1,0,0,0,0,53
single,25,139,0,1,0,0,1,25
reflection,25,139,1,0,5,5,0,30
static_team,25,139,1,1,1,1,0,51
corpus_mesh,25,139,1,1,1,1,0,54
single,25,140,1,0,0,0,0,25
reflection,25,140,0,1,7,7,1,32
static_team,25,140,1,0,0,0,0,50
corpus_mesh,25,140,1,0,0,0,0,53
single,25,141,0,1,0,0,1,25
reflection,25,141,1,0,4,4,0,29
static_team,25,141,1,1,1,1,0,51
corpus_mesh,25,141,1,1,1,1,0,55
single,25,142,1,0,0,0,0,25
reflection,25,142,1,0,12,12,0,37
static_team,25,142,1,0,0,0,0,50
corpus_mesh,25,142,1,0,0,0,0,53
single,25,143,0,1,0,0,1,25
reflection,25,143,1,0,8,8,0,33
static_team,25,143,1,0,0,0,0,50
corpus_mesh,25,143,1,1,1,1,0,54
single,25,144,0,1,0,0,1,25
reflection,25,144,1,1,12,12,0,37
static_team,25,144,1,0,0,0,0,50
corpus_mesh,25,144,1,0,0,0,0,52
single,25,145,0,1,0,0,1,25
reflection,25,145,1,0,7,7,0,32
static_team,25,145,1,0,0,0,0,50
corpus_mesh,25,145,1,1,1,1,0,54
single,25,146,1,0,0,0,0,25
reflection,25,146,0,1,5,5,1,30
static_team,25,146,1,1,1,1,0,51
corpus_mesh,25,146,1,3,3,3,0,57
single,25,147,1,0,0,0,0,25
reflection,25,147,1,0,9,9,0,34
static_team,25,147,1,0,0,0,0,51
corpus_mesh,25,147,1,0,0,0,0,51
single,25,148,0,1,0,0,1,25
reflection,25,148,1,0,6,6,0,31
static_team,25,148,1,0,0,0,0,50
corpus_mesh,25,148,1,0,0,0,0,55
single,25,149,0,2,0,0,1,25
reflection,25,149,0,1,5,5,1,30
static_team,25,149,1,1,1,1,0,52
corpus_mesh,25,149,1,2,2,2,0,57
single,25,150,1,0,0,0,0,25
reflection,25,150,1,0,6,6,0,31
static_team,25,150,1,2,2,2,0,52
corpus_mesh,25,150,1,0,0,0,0,52
single,25,151,0,1,0,0,1,25
reflection,25,151,1,0,9,9,0,34
static_team,25,151,1,1,1,1,0,51
corpus_mesh,25,151,1,0,0,0,0,56
single,25,152,1,0,0,0,0,25
reflection,25,152,1,0,4,4,0,29
static_team,25,152,1,0,0,0,0,50
corpus_mesh,25,152,1,1,1,1,0,53
single,25,153,1,0,0,0,0,25
reflection,25,153,1,0,5,5,0,30
static_team,25,153,1,0,0,0,0,50
corpus_mesh,25,153,1,0,0,0,0,52
single,25,154,0,2,0,0,1,25
reflection,25,154,1,0,7,7,0,32
static_team,25,154,1,0,0,0,0,50
corpus_mesh,25,154,1,1,1,1,0,56
single,25,155,1,0,0,0,0,25
reflection,25,155,1,0,6,6,0,31
static_team,25,155,1,0,0,0,0,50
corpus_mesh,25,155,1,0,0,0,0,52
single,25,156,0,2,0,0,1,25
reflection,25,156,0,1,5,5,1,30
static_team,25,156,1,0,0,0,0,51
corpus_mesh,25,156,1,0,0,0,0,53
single,25,157,1,0,0,0,0,25
reflection,25,157,0,2,5,5,1,30
static_team,25,157,1,0,0,0,0,50
corpus_mesh,25,157,1,0,0,0,0,55
single,25,158,1,0,0,0,0,25
reflection,25,158,1,0,3,3,0,28
static_team,25,158,1,1,1,1,0,52
corpus_mesh,25,158,1,2,2,2,0,57
single,25,159,1,0,0,0,0,25
reflection,25,159,1,0,7,7,0,32
static_team,25,159,1,1,1,1,0,51
corpus_mesh,25,159,1,0,0,0,0,50
single,25,160,0,1,0,0,1,25
reflection,25,160,0,1,12,12,1,37
static_team,25,160,1,1,1,1,0,51
corpus_mesh,25,160,1,0,0,0,0,52
single,25,161,0,1,0,0,1,25
reflection,25,161,0,2,7,7,1,32
static_team,25,161,1,0,0,0,0,51
corpus_mesh,25,161,1,0,0,0,0,53
single,25,162,1,0,0,0,0,25
reflection,25,162,1,0,4,4,0,29
static_team,25,162,1,0,0,0,0,50
corpus_mesh,25,162,1,0,0,0,0,56
single,25,163,1,0,0,0,0,25
reflection,25,163,1,0,6,6,0,31
static_team,25,163,1,0,0,0,0,50
corpus_mesh,25,163,1,0,0,0,0,56
single,25,164,1,0,0,0,0,25
reflection,25,164,1,0,8,8,0,33
static_team,25,164,1,0,0,0,0,50
corpus_mesh,25,164,1,0,0,0,0,53
single,25,165,1,0,0,0,0,25
reflection,25,165,1,1,10,10,0,35
static_team,25,165,1,0,0,0,0,50
corpus_mesh,25,165,1,0,0,0,0,53
single,25,166,0,1,0,0,1,25
reflection,25,166,1,1,4,4,0,29
static_team,25,166,1,0,0,0,0,50
corpus_mesh,25,166,1,2,2,2,0,55
single,25,167,1,0,0,0,0,25
reflection,25,167,1,0,4,4,0,29
static_team,25,167,1,0,0,0,0,51
corpus_mesh,25,167,1,0,0,0,0,52
single,25,168,1,0,0,0,0,25
reflection,25,168,0,0,7,6,1,32
static_team,25,168,1,0,0,0,0,50
corpus_mesh,25,168,1,1,1,1,0,57
single,25,169,0,1,0,0,1,25
reflection,25,169,1,0,6,6,0,31
static_team,25,169,1,0,0,0,0,50
corpus_mesh,25,169,1,0,0,0,0,55
single,25,170,1,0,0,0,0,25
reflection,25,170,1,0,10,10,0,35
static_team,25,170,1,1,1,1,0,51
corpus_mesh,25,170,1,0,0,0,0,52
single,25,171,1,0,0,0,0,25
reflection,25,171,1,0,6,6,0,31
static_team,25,171,1,0,0,0,0,50
corpus_mesh,25,171,1,2,2,2,0,54
single,25,172,0,1,0,0,1,25
reflection,25,172,1,0,12,12,0,37
static_team,25,172,1,0,0,0,0,50
corpus_mesh,25,172,1,0,0,0,0,50
single,25,173,0,1,0,0,1,25
reflection,25,173,1,0,8,8,0,33
static_team,25,173,1,0,0,0,0,50
corpus_mesh,25,173,1,0,0,0,0,50
single,25,174,1,0,0,0,0,25
reflection,25,174,1,0,4,4,0,29
static_team,25,174,1,0,0,0,0,50
corpus_mesh,25,174,1,0,0,0,0,52
single,25,175,0,1,0,0,1,25
reflection,25,175,1,0,4,4,0,29
static_team,25,175,1,1,1,1,0,51
corpus_mesh,25,175,1,0,0,0,0,53
single,25,176,0,1,0,0,1,25
reflection,25,176,1,0,4,4,0,29
static_team,25,176,1,0,0,0,0,50
corpus_mesh,25,176,1,0,0,0,0,53
single,25,177,1,0,0,0,0,25
reflection,25,177,1,0,9,9,0,34
static_team,25,177,1,0,0,0,0,50
corpus_mesh,25,177,1,1,1,1,0,55
single,25,178,0,1,0,0,1,25
reflection,25,178,1,1,4,4,0,29
static_team,25,178,1,0,0,0,0,50
corpus_mesh,25,178,1,0,0,0,0,50
single,25,179,1,0,0,0,0,25
reflection,25,179,1,0,8,8,0,33
static_team,25,179,1,0,0,0,0,50
corpus_mesh,25,179,1,0,0,0,0,53
single,25,180,1,0,0,0,0,25
reflection,25,180,1,0,5,5,0,30
static_team,25,180,1,0,0,0,0,50
corpus_mesh,25,180,1,1,1,1,0,55
single,25,181,1,0,0,0,0,25
reflection,25,181,0,0,9,8,1,34
static_team,25,181,1,0,0,0,0,50
corpus_mesh,25,181,1,0,0,0,0,52
single,25,182,1,0,0,0,0,25
reflection,25,182,1,0,2,2,0,27
static_team,25,182,1,0,0,0,0,50
corpus_mesh,25,182,1,1,1,1,0,56
single,25,183,1,0,0,0,0,25
reflection,25,183,1,0,8,8,0,33
static_team,25,183,1,0,0,0,0,51
corpus_mesh,25,183,1,1,1,1,0,54
single,25,184,0,1,0,0,1,25
reflection,25,184,1,0,2,2,0,27
static_team,25,184,1,0,0,0,0,50
corpus_mesh,25,184,1,0,0,0,0,54
single,25,185,1,0,0,0,0,25
reflection,25,185,1,0,7,7,0,32
static_team,25,185,1,0,0,0,0,50
corpus_mesh,25,185,1,0,0,0,0,52
single,25,186,0,1,0,0,1,25
reflection,25,186,0,1,11,11,1,36
static_team,25,186,1,0,0,0,0,50
corpus_mesh,25,186,1,1,1,1,0,52
single,25,187,0,2,0,0,1,25
reflection,25,187,1,0,5,5,0,30
static_team,25,187,1,0,0,0,0,50
corpus_mesh,25,187,1,1,1,1,0,53
single,25,188,1,0,0,0,0,25
reflection,25,188,0,1,7,7,1,32
static_team,25,188,1,0,0,0,0,51
corpus_mesh,25,188,1,0,0,0,0,55
single,25,189,1,0,0,0,0,25
reflection,25,189,0,1,10,10,1,35
static_team,25,189,1,1,1,1,0,51
corpus_mesh,25,189,1,1,1,1,0,56
single,25,190,1,0,0,0,0,25
reflection,25,190,1,0,6,6,0,31
static_team,25,190,1,0,0,0,0,50
corpus_mesh,25,190,1,0,0,0,0,55
single,25,191,1,0,0,0,0,25
reflection,25,191,0,1,5,5,1,30
static_team,25,191,1,1,1,1,0,51
corpus_mesh,25,191,1,1,1,1,0,54
single,25,192,1,0,0,0,0,25
reflection,25,192,1,0,8,8,0,33
static_team,25,192,1,0,0,0,0,50
corpus_mesh,25,192,1,0,0,0,0,52
single,25,193,1,0,0,0,0,25
reflection,25,193,1,0,6,6,0,31
static_team,25,193,1,2,2,2,0,52
corpus_mesh,25,193,1,0,0,0,0,53
single,25,194,0,1,0,0,1,25
reflection,25,194,1,0,5,5,0,30
static_team,25,194,1,0,0,0,0,50
corpus_mesh,25,194,1,0,0,0,0,53
single,25,195,1,0,0,0,0,25
reflection,25,195,1,0,6,6,0,31
static_team,25,195,1,1,1,1,0,51
corpus_mesh,25,195,1,1,1,1,0,54
single,25,196,1,0,0,0,0,25
reflection,25,196,1,1,6,6,0,31
static_team,25,196,1,3,3,3,0,53
corpus_mesh,25,196,1,0,0,0,0,52
single,25,197,1,0,0,0,0,25
reflection,25,197,1,0,3,3,0,28
static_team,25,197,1,0,0,0,0,51
corpus_mesh,25,197,1,0,0,0,0,52
single,25,198,1,0,0,0,0,25
reflection,25,198,1,0,5,5,0,30
static_team,25,198,1,0,0,0,0,50
corpus_mesh,25,198,1,0,0,0,0,53
single,25,199,1,0,0,0,0,25
reflection,25,199,0,0,10,9,1,35
static_team,25,199,1,2,2,2,0,52
corpus_mesh,25,199,1,3,3,3,0,58
single,25,200,1,0,0,0,0,25
reflection,25,200,0,1,10,9,1,35
static_team,25,200,1,0,0,0,0,50
corpus_mesh,25,200,1,0,0,0,0,52
single,25,201,0,1,0,0,1,25
reflection,25,201,0,1,9,9,1,34
static_team,25,201,1,0,0,0,0,50
corpus_mesh,25,201,1,0,0,0,0,53
single,25,202,0,2,0,0,1,25
reflection,25,202,1,0,8,8,0,33
static_team,25,202,1,1,1,1,0,52
corpus_mesh,25,202,1,0,0,0,0,53
single,25,203,1,0,0,0,0,25
reflection,25,203,1,0,4,4,0,29
static_team,25,203,1,0,0,0,0,50
corpus_mesh,25,203,1,1,1,1,0,56
single,25,204,0,2,0,0,1,25
reflection,25,204,0,1,8,8,1,33
static_team,25,204,1,1,1,1,0,51
corpus_mesh,25,204,1,1,1,1,0,53
single,25,205,1,0,0,0,0,25
reflection,25,205,1,0,2,2,0,27
static_team,25,205,1,0,0,0,0,50
corpus_mesh,25,205,1,0,0,0,0,51
single,25,206,1,0,0,0,0,25
reflection,25,206,1,0,8,8,0,33
static_team,25,206,1,0,0,0,0,50
corpus_mesh,25,206,1,1,1,1,0,53
single,25,207,1,0,0,0,0,25
reflection,25,207,1,0,6,6,0,31
static_team,25,207,1,0,0,0,0,50
corpus_mesh,25,207,1,1,1,1,0,53
single,25,208,0,1,0,0,1,25
reflection,25,208,0,0,7,6,1,32
static_team,25,208,1,2,2,2,0,52
corpus_mesh,25,208,1,0,0,0,0,50
single,25,209,1,2,0,0,0,25
reflection,25,209,0,1,12,12,1,37
static_team,25,209,1,0,0,0,0,50
corpus_mesh,25,209,1,1,1,1,0,56
single,25,210,0,1,0,0,1,25
reflection,25,210,1,1,5,5,0,30
static_team,25,210,1,0,0,0,0,50
corpus_mesh,25,210,1,1,1,1,0,56
single,25,211,0,1,0,0,1,25
reflection,25,211,1,0,4,4,0,29
static_team,25,211,1,0,0,0,0,50
corpus_mesh,25,211,1,0,0,0,0,54
single,25,212,1,0,0,0,0,25
reflection,25,212,1,0,7,7,0,32
static_team,25,212,1,0,0,0,0,50
corpus_mesh,25,212,1,2,2,2,0,56
single,25,213,1,0,0,0,0,25
reflection,25,213,1,0,6,6,0,31
static_team,25,213,1,0,0,0,0,50
corpus_mesh,25,213,1,0,0,0,0,52
single,25,214,1,0,0,0,0,25
reflection,25,214,1,0,3,3,0,28
static_team,25,214,1,0,0,0,0,50
corpus_mesh,25,214,1,0,0,0,0,52
single,25,215,1,0,0,0,0,25
reflection,25,215,1,0,5,5,0,30
static_team,25,215,1,0,0,0,0,50
corpus_mesh,25,215,1,0,0,0,0,51
single,25,216,1,0,0,0,0,25
reflection,25,216,1,0,4,4,0,29
static_team,25,216,1,2,2,2,0,52
corpus_mesh,25,216,1,0,0,0,0,51
single,25,217,0,1,0,0,1,25
reflection,25,217,0,1,7,7,1,32
static_team,25,217,1,0,0,0,0,50
corpus_mesh,25,217,1,0,0,0,0,52
single,25,218,1,0,0,0,0,25
reflection,25,218,1,0,8,8,0,33
static_team,25,218,1,1,1,1,0,51
corpus_mesh,25,218,1,0,0,0,0,54
single,25,219,1,0,0,0,0,25
reflection,25,219,1,0,4,4,0,29
static_team,25,219,1,0,0,0,0,50
corpus_mesh,25,219,1,1,1,1,0,54
single,25,220,1,0,0,0,0,25
reflection,25,220,0,0,11,10,1,36
static_team,25,220,1,0,0,0,0,50
corpus_mesh,25,220,1,0,0,0,0,52
single,25,221,1,0,0,0,0,25
reflection,25,221,1,0,8,8,0,33
static_team,25,221,1,2,2,2,0,52
corpus_mesh,25,221,1,0,0,0,0,52
single,25,222,1,0,0,0,0,25
reflection,25,222,0,1,8,8,1,33
static_team,25,222,1,0,0,0,0,50
corpus_mesh,25,222,1,0,0,0,0,50
single,25,223,1,0,0,0,0,25
reflection,25,223,1,0,9,9,0,34
static_team,25,223,1,0,0,0,0,50
corpus_mesh,25,223,1,0,0,0,0,51
single,25,224,1,0,0,0,0,25
reflection,25,224,1,0,8,8,0,33
static_team,25,224,1,0,0,0,0,50
corpus_mesh,25,224,1,0,0,0,0,54
single,25,225,0,1,0,0,1,25
reflection,25,225,0,1,3,3,1,28
static_team,25,225,1,0,0,0,0,50
corpus_mesh,25,225,1,0,0,0,0,54
single,25,226,1,0,0,0,0,25
reflection,25,226,1,0,5,5,0,30
static_team,25,226,1,0,0,0,0,50
corpus_mesh,25,226,1,0,0,0,0,55
single,25,227,0,1,0,0,1,25
reflection,25,227,0,1,6,6,1,31
static_team,25,227,1,1,1,1,0,51
corpus_mesh,25,227,1,0,0,0,0,53
single,25,228,0,2,0,0,1,25
reflection,25,228,1,0,5,5,0,30
static_team,25,228,1,0,0,0,0,50
corpus_mesh,25,228,1,1,1,1,0,52
single,25,229,1,0,0,0,0,25
reflection,25,229,1,0,14,14,0,39
static_team,25,229,1,0,0,0,0,50
corpus_mesh,25,229,1,1,1,1,0,55
single,25,230,1,0,0,0,0,25
reflection,25,230,1,0,8,8,0,33
static_team,25,230,1,1,1,1,0,52
corpus_mesh,25,230,1,0,0,0,0,52
single,25,231,1,0,0,0,0,25
reflection,25,231,1,0,4,4,0,29
static_team,25,231,1,0,0,0,0,50
corpus_mesh,25,231,1,1,1,1,0,55
single,25,232,0,1,0,0,1,25
reflection,25,232,1,0,10,10,0,35
static_team,25,232,1,1,1,1,0,51
corpus_mesh,25,232,1,0,0,0,0,53
single,25,233,1,0,0,0,0,25
reflection,25,233,1,0,5,5,0,30
static_team,25,233,1,1,1,1,0,51
corpus_mesh,25,233,1,0,0,0,0,53
single,25,234,1,0,0,0,0,25
reflection,25,234,1,0,5,5,0,30
static_team,25,234,1,0,0,0,0,51
corpus_mesh,25,234,1,0,0,0,0,55
single,25,235,0,4,0,0,1,25
reflection,25,235,1,0,8,8,0,33
static_team,25,235,1,0,0,0,0,50
corpus_mesh,25,235,1,0,0,0,0,52
single,25,236,1,0,0,0,0,25
reflection,25,236,1,0,4,4,0,29
static_team,25,236,1,1,1,1,0,51
corpus_mesh,25,236,1,1,1,1,0,56
single,25,237,1,0,0,0,0,25
reflection,25,237,1,0,7,7,0,32
static_team,25,237,1,1,1,1,0,51
corpus_mesh,25,237,1,2,2,2,0,57
single,25,238,1,0,0,0,0,25
reflection,25,238,1,0,9,9,0,34
static_team,25,238,1,0,0,0,0,50
corpus_mesh,25,238,1,1,1,1,0,53
single,25,239,1,0,0,0,0,25
reflection,25,239,0,0,9,8,1,34
static_team,25,239,1,1,1,1,0,51
corpus_mesh,25,239,1,0,0,0,0,50
single,25,240,0,1,0,0,1,25
reflection,25,240,1,0,8,8,0,33
static_team,25,240,1,0,0,0,0,50
corpus_mesh,25,240,1,0,0,0,0,54
single,25,241,1,0,0,0,0,25
reflection,25,241,1,1,10,10,0,35
static_team,25,241,1,1,1,1,0,51
corpus_mesh,25,241,1,0,0,0,0,52
single,25,242,1,0,0,0,0,25
reflection,25,242,1,0,8,8,0,33
static_team,25,242,1,0,0,0,0,50
corpus_mesh,25,242,1,0,0,0,0,51
single,25,243,1,0,0,0,0,25
reflection,25,243,0,2,5,5,1,30
static_team,25,243,1,0,0,0,0,50
corpus_mesh,25,243,1,0,0,0,0,53
single,25,244,0,1,0,0,1,25
reflection,25,244,1,0,6,6,0,31
static_team,25,244,1,0,0,0,0,50
corpus_mesh,25,244,1,0,0,0,0,51
single,25,245,1,0,0,0,0,25
reflection,25,245,0,1,10,10,1,35
static_team,25,245,1,1,1,1,0,51
corpus_mesh,25,245,1,0,0,0,0,53
single,25,246,0,1,0,0,1,25
reflection,25,246,0,3,8,8,1,33
static_team,25,246,1,0,0,0,0,50
corpus_mesh,25,246,1,0,0,0,0,53
single,25,247,1,0,0,0,0,25
reflection,25,247,1,0,11,11,0,36
static_team,25,247,1,0,0,0,0,51
corpus_mesh,25,247,1,0,0,0,0,52
single,25,248,1,0,0,0,0,25
reflection,25,248,1,0,9,9,0,34
static_team,25,248,1,0,0,0,0,50
corpus_mesh,25,248,1,0,0,0,0,56
single,25,249,0,1,0,0,1,25
reflection,25,249,0,1,10,9,1,35
static_team,25,249,1,4,4,4,0,54
corpus_mesh,25,249,1,0,0,0,0,54
single,25,250,1,0,0,0,0,25
reflection,25,250,0,1,8,8,1,33
static_team,25,250,1,0,0,0,0,50
corpus_mesh,25,250,1,1,1,1,0,56
single,25,251,1,0,0,0,0,25
reflection,25,251,1,0,5,5,0,30
static_team,25,251,1,0,0,0,0,50
corpus_mesh,25,251,1,0,0,0,0,55
single,25,252,1,0,0,0,0,25
reflection,25,252,1,1,3,3,0,28
static_team,25,252,1,0,0,0,0,50
corpus_mesh,25,252,1,1,1,1,0,53
single,25,253,1,0,0,0,0,25
reflection,25,253,1,0,10,10,0,35
static_team,25,253,1,1,1,1,0,51
corpus_mesh,25,253,1,0,0,0,0,53
single,25,254,1,0,0,0,0,25
reflection,25,254,0,1,8,8,1,33
static_team,25,254,1,1,1,1,0,51
corpus_mesh,25,254,1,0,0,0,0,54
single,25,255,1,0,0,0,0,25
reflection,25,255,1,0,6,6,0,31
static_team,25,255,1,0,0,0,0,50
corpus_mesh,25,255,1,0,0,0,0,53
single,25,256,0,1,0,0,1,25
reflection,25,256,1,0,10,10,0,35
static_team,25,256,1,1,1,1,0,51
corpus_mesh,25,256,1,0,0,0,0,51
single,25,257,1,0,0,0,0,25
reflection,25,257,1,0,9,9,0,34
static_team,25,257,1,1,1,1,0,51
corpus_mesh,25,257,1,1,1,1,0,58
single,25,258,1,0,0,0,0,25
reflection,25,258,0,2,8,8,1,33
static_team,25,258,1,0,0,0,0,50
corpus_mesh,25,258,1,1,1,1,0,53
single,25,259,1,0,0,0,0,25
reflection,25,259,1,0,5,5,0,30
static_team,25,259,1,1,1,1,0,51
corpus_mesh,25,259,1,0,0,0,0,52
single,25,260,0,1,0,0,1,25
reflection,25,260,1,0,2,2,0,27
static_team,25,260,1,1,1,1,0,52
corpus_mesh,25,260,1,0,0,0,0,52
single,25,261,0,1,0,0,1,25
reflection,25,261,1,0,8,8,0,33
static_team,25,261,1,0,0,0,0,50
corpus_mesh,25,261,1,2,2,2,0,57
single,25,262,1,0,0,0,0,25
reflection,25,262,1,0,11,11,0,36
static_team,25,262,1,1,1,1,0,51
corpus_mesh,25,262,1,0,0,0,0,54
single,25,263,1,0,0,0,0,25
reflection,25,263,1,0,9,9,0,34
static_team,25,263,1,0,0,0,0,51
corpus_mesh,25,263,1,0,0,0,0,53
single,25,264,1,0,0,0,0,25
reflection,25,264,1,1,9,9,0,34
static_team,25,264,1,0,0,0,0,51
corpus_mesh,25,264,1,0,0,0,0,52
single,25,265,0,1,0,0,1,25
reflection,25,265,1,0,9,9,0,34
static_team,25,265,1,0,0,0,0,50
corpus_mesh,25,265,1,0,0,0,0,51
single,25,266,1,0,0,0,0,25
reflection,25,266,0,1,9,7,1,34
static_team,25,266,1,0,0,0,0,50
corpus_mesh,25,266,1,0,0,0,0,52
single,25,267,1,0,0,0,0,25
reflection,25,267,1,0,7,7,0,32
static_team,25,267,1,0,0,0,0,50
corpus_mesh,25,267,1,2,2,2,0,56
single,25,268,0,1,0,0,1,25
reflection,25,268,1,1,8,8,0,33
static_team,25,268,1,0,0,0,0,50
corpus_mesh,25,268,1,1,1,1,0,52
single,25,269,1,0,0,0,0,25
reflection,25,269,1,0,8,8,0,33
static_team,25,269,1,1,1,1,0,51
corpus_mesh,25,269,1,1,1,1,0,54
single,25,270,1,0,0,0,0,25
reflection,25,270,1,0,10,10,0,35
static_team,25,270,1,0,0,0,0,50
corpus_mesh,25,270,1,0,0,0,0,54
single,25,271,1,0,0,0,0,25
reflection,25,271,1,2,9,9,0,34
static_team,25,271,1,0,0,0,0,50
corpus_mesh,25,271,1,1,1,1,0,56
single,25,272,1,0,0,0,0,25
reflection,25,272,1,0,6,6,0,31
static_team,25,272,1,0,0,0,0,50
corpus_mesh,25,272,1,0,0,0,0,53
single,25,273,1,0,0,0,0,25
reflection,25,273,1,0,4,4,0,29
static_team,25,273,1,0,0,0,0,50
corpus_mesh,25,273,1,1,1,1,0,57
single,25,274,1,0,0,0,0,25
reflection,25,274,1,0,6,6,0,31
static_team,25,274,1,0,0,0,0,51
corpus_mesh,25,274,1,0,0,0,0,51
single,25,275,1,0,0,0,0,25
reflection,25,275,1,0,4,4,0,29
static_team,25,275,1,0,0,0,0,50
corpus_mesh,25,275,0,2,1,1,1,54
single,25,276,1,0,0,0,0,25
reflection,25,276,1,0,8,8,0,33
static_team,25,276,1,0,0,0,0,51
corpus_mesh,25,276,1,0,0,0,0,52
single,25,277,1,0,0,0,0,25
reflection,25,277,0,0,6,5,1,31
static_team,25,277,1,0,0,0,0,50
corpus_mesh,25,277,1,0,0,0,0,53
single,25,278,0,1,0,0,1,25
reflection,25,278,1,0,10,10,0,35
static_team,25,278,1,1,1,1,0,51
corpus_mesh,25,278,1,0,0,0,0,52
single,25,279,1,0,0,0,0,25
reflection,25,279,1,1,6,6,0,31
static_team,25,279,1,1,1,1,0,51
corpus_mesh,25,279,1,0,0,0,0,51
single,25,280,1,0,0,0,0,25
reflection,25,280,0,2,7,7,1,32
static_team,25,280,1,0,0,0,0,50
corpus_mesh,25,280,1,0,0,0,0,54
single,25,281,1,0,0,0,0,25
reflection,25,281,1,0,4,4,0,29
static_team,25,281,1,1,1,1,0,51
corpus_mesh,25,281,1,2,2,2,0,55
single,25,282,1,0,0,0,0,25
reflection,25,282,0,0,8,7,1,33
static_team,25,282,1,0,0,0,0,50
corpus_mesh,25,282,1,0,0,0,0,53
single,25,283,1,0,0,0,0,25
reflection,25,283,1,2,9,9,0,34
static_team,25,283,1,0,0,0,0,50
corpus_mesh,25,283,1,1,1,1,0,55
single,25,284,1,0,0,0,0,25
reflection,25,284,1,0,8,8,0,33
static_team,25,284,1,0,0,0,0,50
corpus_mesh,25,284,1,0,0,0,0,51
single,25,285,1,0,0,0,0,25
reflection,25,285,1,0,7,7,0,32
static_team,25,285,1,0,0,0,0,50
corpus_mesh,25,285,1,0,0,0,0,53
single,25,286,1,0,0,0,0,25
reflection,25,286,0,1,4,4,1,29
static_team,25,286,0,1,1,0,1,52
corpus_mesh,25,286,1,1,1,1,0,52
single,25,287,1,0,0,0,0,25
reflection,25,287,0,1,8,8,1,33
static_team,25,287,1,1,1,1,0,51
corpus_mesh,25,287,0,1,1,0,1,54
single,25,288,1,0,0,0,0,25
reflection,25,288,1,0,9,9,0,34
static_team,25,288,1,1,1,1,0,51
corpus_mesh,25,288,1,1,1,1,0,54
single,25,289,0,1,0,0,1,25
reflection,25,289,0,1,9,9,1,34
static_team,25,289,1,0,0,0,0,50
corpus_mesh,25,289,1,0,0,0,0,52
single,25,290,1,0,0,0,0,25
reflection,25,290,1,0,10,10,0,35
static_team,25,290,1,0,0,0,0,50
corpus_mesh,25,290,1,0,0,0,0,53
single,25,291,0,1,0,0,1,25
reflection,25,291,0,1,9,9,1,34
static_team,25,291,1,0,0,0,0,50
corpus_mesh,25,291,1,0,0,0,0,53
single,25,292,1,0,0,0,0,25
reflection,25,292,1,0,11,11,0,36
static_team,25,292,1,0,0,0,0,50
corpus_mesh,25,292,1,0,0,0,0,54
single,25,293,1,0,0,0,0,25
reflection,25,293,0,1,10,10,1,35
static_team,25,293,1,0,0,0,0,50
corpus_mesh,25,293,1,1,1,1,0,55
single,25,294,1,0,0,0,0,25
reflection,25,294,1,0,4,4,0,29
static_team,25,294,1,0,0,0,0,50
corpus_mesh,25,294,1,0,0,0,0,54
single,25,295,1,0,0,0,0,25
reflection,25,295,0,1,10,10,1,35
static_team,25,295,1,0,0,0,0,50
corpus_mesh,25,295,1,0,0,0,0,52
single,25,296,0,1,0,0,1,25
reflection,25,296,1,0,6,6,0,31
static_team,25,296,1,0,0,0,0,50
corpus_mesh,25,296,1,0,0,0,0,51
single,25,297,1,0,0,0,0,25
reflection,25,297,1,0,8,8,0,33
static_team,25,297,1,0,0,0,0,50
corpus_mesh,25,297,1,0,0,0,0,52
single,25,298,1,0,0,0,0,25
reflection,25,298,1,0,4,4,0,29
static_team,25,298,1,0,0,0,0,50
corpus_mesh,25,298,1,0,0,0,0,53
single,25,299,0,1,0,0,1,25
reflection,25,299,0,3,7,6,1,32
static_team,25,299,1,0,0,0,0,50
corpus_mesh,25,299,1,1,1,1,0,55
single,25,300,0,2,0,0,1,25
reflection,25,300,1,0,7,7,0,32
static_team,25,300,1,1,1,1,0,51
corpus_mesh,25,300,1,1,1,1,0,54
single,25,301,0,1,0,0,1,25
reflection,25,301,1,0,9,9,0,34
static_team,25,301,1,0,0,0,0,50
corpus_mesh,25,301,1,0,0,0,0,53
single,25,302,1,0,0,0,0,25
reflection,25,302,1,0,9,9,0,34
static_team,25,302,1,1,1,1,0,51
corpus_mesh,25,302,1,0,0,0,0,54
single,25,303,1,0,0,0,0,25
reflection,25,303,0,1,7,7,1,32
static_team,25,303,1,0,0,0,0,50
corpus_mesh,25,303,1,0,0,0,0,51
single,25,304,1,0,0,0,0,25
reflection,25,304,0,1,2,2,1,27
static_team,25,304,1,0,0,0,0,50
corpus_mesh,25,304,1,0,0,0,0,52
single,25,305,1,0,0,0,0,25
reflection,25,305,1,0,7,7,0,32
static_team,25,305,1,0,0,0,0,50
corpus_mesh,25,305,1,0,0,0,0,51
single,25,306,1,0,0,0,0,25
reflection,25,306,1,1,8,8,0,33
static_team,25,306,1,0,0,0,0,51
corpus_mesh,25,306,1,1,1,1,0,54
single,25,307,1,0,0,0,0,25
reflection,25,307,0,1,3,3,1,28
static_team,25,307,1,1,1,1,0,51
corpus_mesh,25,307,1,0,0,0,0,52
single,25,308,0,1,0,0,1,25
reflection,25,308,0,1,9,9,1,34
static_team,25,308,1,1,1,1,0,51
corpus_mesh,25,308,1,0,0,0,0,53
single,25,309,0,1,0,0,1,25
reflection,25,309,0,1,8,8,1,33
static_team,25,309,1,0,0,0,0,50
corpus_mesh,25,309,1,1,1,1,0,55
single,25,310,0,1,0,0,1,25
reflection,25,310,0,1,8,8,1,33
static_team,25,310,1,0,0,0,0,50
corpus_mesh,25,310,1,1,1,1,0,55
single,25,311,1,0,0,0,0,25
reflection,25,311,1,0,5,5,0,30
static_team,25,311,1,1,1,1,0,51
corpus_mesh,25,311,1,0,0,0,0,51
single,25,312,1,0,0,0,0,25
reflection,25,312,0,2,8,8,1,33
static_team,25,312,1,0,0,0,0,50
corpus_mesh,25,312,1,1,1,1,0,53
single,25,313,1,0,0,0,0,25
reflection,25,313,1,0,10,10,0,35
static_team,25,313,1,0,0,0,0,50
corpus_mesh,25,313,1,0,0,0,0,52
single,25,314,1,0,0,0,0,25
reflection,25,314,1,0,5,5,0,30
static_team,25,314,1,0,0,0,0,50
corpus_mesh,25,314,1,1,1,1,0,56
single,25,315,1,0,0,0,0,25
reflection,25,315,1,0,7,7,0,32
static_team,25,315,1,0,0,0,0,50
corpus_mesh,25,315,1,0,0,0,0,54
single,25,316,1,0,0,0,0,25
reflection,25,316,1,0,9,9,0,34
static_team,25,316,1,0,0,0,0,50
corpus_mesh,25,316,1,0,0,0,0,52
single,25,317,1,0,0,0,0,25
reflection,25,317,0,2,7,7,1,32
static_team,25,317,1,1,1,1,0,51
corpus_mesh,25,317,1,0,0,0,0,55
single,25,318,1,0,0,0,0,25
reflection,25,318,1,0,11,11,0,36
static_team,25,318,1,1,1,1,0,51
corpus_mesh,25,318,1,1,1,1,0,53
single,25,319,1,0,0,0,0,25
reflection,25,319,0,1,6,6,1,31
static_team,25,319,1,1,1,1,0,51
corpus_mesh,25,319,1,0,0,0,0,52
single,25,320,0,1,0,0,1,25
reflection,25,320,1,0,6,6,0,31
static_team,25,320,1,0,0,0,0,50
corpus_mesh,25,320,1,0,0,0,0,53
single,25,321,1,0,0,0,0,25
reflection,25,321,1,0,6,6,0,31
static_team,25,321,1,1,1,1,0,51
corpus_mesh,25,321,1,0,0,0,0,51
single,25,322,1,0,0,0,0,25
reflection,25,322,1,0,4,4,0,29
static_team,25,322,1,0,0,0,0,50
corpus_mesh,25,322,1,1,1,1,0,54
single,25,323,1,0,0,0,0,25
reflection,25,323,1,0,12,12,0,37
static_team,25,323,1,1,1,1,0,51
corpus_mesh,25,323,1,1,1,1,0,53
single,25,324,1,0,0,0,0,25
reflection,25,324,1,0,8,8,0,33
static_team,25,324,1,0,0,0,0,50
corpus_mesh,25,324,1,1,1,1,0,56
single,25,325,0,1,0,0,1,25
reflection,25,325,1,0,7,7,0,32
static_team,25,325,1,2,2,2,0,52
corpus_mesh,25,325,1,0,0,0,0,55
single,25,326,1,0,0,0,0,25
reflection,25,326,1,0,9,9,0,34
static_team,25,326,1,0,0,0,0,50
corpus_mesh,25,326,1,0,0,0,0,51
single,25,327,1,0,0,0,0,25
reflection,25,327,1,0,8,8,0,33
static_team,25,327,1,0,0,0,0,50
corpus_mesh,25,327,1,0,0,0,0,53
single,25,328,1,0,0,0,0,25
reflection,25,328,0,0,6,5,1,31
static_team,25,328,1,0,0,0,0,50
corpus_mesh,25,328,1,0,0,0,0,53
single,25,329,1,0,0,0,0,25
reflection,25,329,0,0,7,6,1,32
static_team,25,329,1,0,0,0,0,51
corpus_mesh,25,329,1,1,1,1,0,52
single,25,330,1,0,0,0,0,25
reflection,25,330,0,1,7,7,1,32
static_team,25,330,1,0,0,0,0,51
corpus_mesh,25,330,1,0,0,0,0,52
single,25,331,1,0,0,0,0,25
reflection,25,331,0,0,11,10,1,36
static_team,25,331,1,1,1,1,0,53
corpus_mesh,25,331,1,0,0,0,0,57
single,25,332,1,0,0,0,0,25
reflection,25,332,1,0,7,7,0,32
static_team,25,332,1,0,0,0,0,50
corpus_mesh,25,332,1,0,0,0,0,54
single,25,333,1,0,0,0,0,25
reflection,25,333,1,0,6,6,0,31
static_team,25,333,1,1,1,1,0,51
corpus_mesh,25,333,1,1,1,1,0,56
single,25,334,1,0,0,0,0,25
reflection,25,334,1,0,5,5,0,30
static_team,25,334,1,0,0,0,0,50
corpus_mesh,25,334,1,0,0,0,0,57
single,25,335,1,0,0,0,0,25
reflection,25,335,1,0,5,5,0,30
static_team,25,335,1,0,0,0,0,51
corpus_mesh,25,335,1,1,1,1,0,53
single,25,336,1,0,0,0,0,25
reflection,25,336,0,1,6,6,1,31
static_team,25,336,1,1,1,1,0,51
corpus_mesh,25,336,1,0,0,0,0,57
single,25,337,1,0,0,0,0,25
reflection,25,337,0,0,7,6,1,32
static_team,25,337,1,1,1,1,0,51
corpus_mesh,25,337,0,1,1,0,1,55
single,25,338,1,0,0,0,0,25
reflection,25,338,0,1,5,5,1,30
static_team,25,338,1,1,1,1,0,51
corpus_mesh,25,338,1,1,1,1,0,52
single,25,339,0,1,0,0,1,25
reflection,25,339,1,0,11,11,0,36
static_team,25,339,1,0,0,0,0,50
corpus_mesh,25,339,1,0,0,0,0,51
single,25,340,1,0,0,0,0,25
reflection,25,340,0,1,8,7,1,33
static_team,25,340,1,0,0,0,0,50
corpus_mesh,25,340,1,0,0,0,0,58
single,25,341,0,1,0,0,1,25
reflection,25,341,1,0,10,10,0,35
static_team,25,341,1,0,0,0,0,50
corpus_mesh,25,341,1,0,0,0,0,51
single,25,342,1,0,0,0,0,25
reflection,25,342,1,0,8,8,0,33
static_team,25,342,1,0,0,0,0,50
corpus_mesh,25,342,1,0,0,0,0,53
single,25,343,0,2,0,0,1,25
reflection,25,343,1,0,6,6,0,31
static_team,25,343,1,1,1,1,0,51
corpus_mesh,25,343,1,0,0,0,0,54
single,25,344,1,0,0,0,0,25
reflection,25,344,1,0,6,6,0,31
static_team,25,344,1,0,0,0,0,50
corpus_mesh,25,344,1,1,1,1,0,57
single,25,345,0,1,0,0,1,25
reflection,25,345,1,0,6,6,0,31
static_team,25,345,1,0,0,0,0,50
corpus_mesh,25,345,1,0,0,0,0,52
single,25,346,0,3,0,0,1,25
reflection,25,346,1,0,9,9,0,34
static_team,25,346,1,0,0,0,0,50
corpus_mesh,25,346,1,1,1,1,0,55
single,25,347,1,0,0,0,0,25
reflection,25,347,1,0,8,8,0,33
static_team,25,347,1,0,0,0,0,50
corpus_mesh,25,347,1,0,0,0,0,52
single,25,348,1,0,0,0,0,25
reflection,25,348,1,0,3,3,0,28
static_team,25,348,1,0,0,0,0,50
corpus_mesh,25,348,1,0,0,0,0,53
single,25,349,1,2,0,0,0,25
reflection,25,349,1,0,7,7,0,32
static_team,25,349,1,1,1,1,0,51
corpus_mesh,25,349,1,1,1,1,0,53
single,25,350,1,0,0,0,0,25
reflection,25,350,0,0,6,5,1,31
static_team,25,350,1,1,1,1,0,51
corpus_mesh,25,350,1,1,1,1,0,53
single,25,351,1,0,0,0,0,25
reflection,25,351,1,0,7,7,0,32
static_team,25,351,1,0,0,0,0,50
corpus_mesh,25,351,1,1,1,1,0,58
single,25,352,0,1,0,0,1,25
reflection,25,352,0,1,9,9,1,34
static_team,25,352,1,0,0,0,0,50
corpus_mesh,25,352,1,0,0,0,0,53
single,25,353,1,0,0,0,0,25
reflection,25,353,1,0,5,5,0,30
static_team,25,353,1,0,0,0,0,50
corpus_mesh,25,353,1,0,0,0,0,53
single,25,354,0,1,0,0,1,25
reflection,25,354,1,0,9,9,0,34
static_team,25,354,1,0,0,0,0,50
corpus_mesh,25,354,1,0,0,0,0,55
single,25,355,1,0,0,0,0,25
reflection,25,355,1,0,7,7,0,32
static_team,25,355,1,0,0,0,0,50
corpus_mesh,25,355,1,0,0,0,0,55
single,25,356,1,0,0,0,0,25
reflection,25,356,1,0,5,5,0,30
static_team,25,356,1,1,1,1,0,51
corpus_mesh,25,356,1,2,2,2,0,61
single,25,357,1,0,0,0,0,25
reflection,25,357,0,1,6,6,1,31
static_team,25,357,1,0,0,0,0,50
corpus_mesh,25,357,1,0,0,0,0,53
single,25,358,0,2,0,0,1,25
reflection,25,358,1,1,10,10,0,35
static_team,25,358,1,0,0,0,0,51
corpus_mesh,25,358,1,0,0,0,0,53
single,25,359,1,0,0,0,0,25
reflection,25,359,1,0,5,5,0,30
static_team,25,359,1,1,1,1,0,51
corpus_mesh,25,359,1,0,0,0,0,56
single,25,360,1,0,0,0,0,25
reflection,25,360,1,0,8,8,0,33
static_team,25,360,1,1,1,1,0,51
corpus_mesh,25,360,1,1,1,1,0,55
single,25,361,1,0,0,0,0,25
reflection,25,361,0,0,6,5,1,31
static_team,25,361,1,0,0,0,0,50
corpus_mesh,25,361,1,1,1,1,0,58
single,25,362,1,0,0,0,0,25
reflection,25,362,1,0,6,6,0,31
static_team,25,362,1,1,1,1,0,51
corpus_mesh,25,362,1,0,0,0,0,52
single,25,363,1,0,0,0,0,25
reflection,25,363,1,0,3,3,0,28
static_team,25,363,1,0,0,0,0,50
corpus_mesh,25,363,1,0,0,0,0,54
single,25,364,1,0,0,0,0,25
reflection,25,364,1,0,11,11,0,36
static_team,25,364,1,2,2,2,0,52
corpus_mesh,25,364,1,0,0,0,0,53
single,25,365,1,0,0,0,0,25
reflection,25,365,1,0,9,9,0,34
static_team,25,365,1,0,0,0,0,50
corpus_mesh,25,365,1,2,2,2,0,56
single,25,366,0,2,0,0,1,25
reflection,25,366,1,0,9,9,0,34
static_team,25,366,1,0,0,0,0,50
corpus_mesh,25,366,1,1,1,1,0,53
single,25,367,1,0,0,0,0,25
reflection,25,367,0,2,9,9,1,34
static_team,25,367,1,0,0,0,0,50
corpus_mesh,25,367,1,1,1,1,0,53
single,25,368,0,1,0,0,1,25
reflection,25,368,0,0,5,4,1,30
static_team,25,368,1,1,1,1,0,51
corpus_mesh,25,368,1,1,1,1,0,55
single,25,369,1,0,0,0,0,25
reflection,25,369,0,0,8,7,1,33
static_team,25,369,1,0,0,0,0,51
corpus_mesh,25,369,1,0,0,0,0,51
single,25,370,1,0,0,0,0,25
reflection,25,370,1,0,6,6,0,31
static_team,25,370,1,0,0,0,0,50
corpus_mesh,25,370,1,0,0,0,0,51
single,25,371,0,2,0,0,1,25
reflection,25,371,0,1,6,6,1,31
static_team,25,371,1,0,0,0,0,50
corpus_mesh,25,371,1,0,0,0,0,51
single,25,372,1,0,0,0,0,25
reflection,25,372,1,0,5,5,0,30
static_team,25,372,1,1,1,1,0,51
corpus_mesh,25,372,1,0,0,0,0,52
single,25,373,1,0,0,0,0,25
reflection,25,373,0,0,6,5,1,31
static_team,25,373,1,1,1,1,0,51
corpus_mesh,25,373,1,2,2,2,0,56
single,25,374,1,0,0,0,0,25
reflection,25,374,1,0,9,9,0,34
static_team,25,374,1,1,1,1,0,51
corpus_mesh,25,374,1,0,0,0,0,51
single,25,375,1,0,0,0,0,25
reflection,25,375,0,2,9,9,1,34
static_team,25,375,1,0,0,0,0,50
corpus_mesh,25,375,1,0,0,0,0,53
single,25,376,1,0,0,0,0,25
reflection,25,376,1,0,5,5,0,30
static_team,25,376,1,0,0,0,0,50
corpus_mesh,25,376,1,0,0,0,0,51
single,25,377,0,1,0,0,1,25
reflection,25,377,1,0,8,8,0,33
static_team,25,377,1,0,0,0,0,51
corpus_mesh,25,377,1,1,1,1,0,53
single,25,378,1,0,0,0,0,25
reflection,25,378,1,0,6,6,0,31
static_team,25,378,1,0,0,0,0,50
corpus_mesh,25,378,1,0,0,0,0,52
single,25,379,1,0,0,0,0,25
reflection,25,379,1,0,4,4,0,29
static_team,25,379,1,1,1,1,0,51
corpus_mesh,25,379,1,0,0,0,0,52
single,25,380,0,1,0,0,1,25
reflection,25,380,1,0,6,6,0,31
static_team,25,380,1,0,0,0,0,50
corpus_mesh,25,380,1,0,0,0,0,54
single,25,381,1,0,0,0,0,25
reflection,25,381,0,1,7,7,1,32
static_team,25,381,1,0,0,0,0,51
corpus_mesh,25,381,1,1,1,1,0,54
single,25,382,0,1,0,0,1,25
reflection,25,382,1,0,7,7,0,32
static_team,25,382,1,0,0,0,0,50
corpus_mesh,25,382,1,1,1,1,0,55
single,25,383,0,1,0,0,1,25
reflection,25,383,0,0,5,4,1,30
static_team,25,383,1,1,1,1,0,51
corpus_mesh,25,383,1,0,0,0,0,52
single,25,384,1,0,0,0,0,25
reflection,25,384,1,0,7,7,0,32
static_team,25,384,1,0,0,0,0,50
corpus_mesh,25,384,1,0,0,0,0,50
single,25,385,1,0,0,0,0,25
reflection,25,385,1,0,8,8,0,33
static_team,25,385,1,2,2,2,0,52
corpus_mesh,25,385,1,0,0,0,0,54
single,25,386,0,1,0,0,1,25
reflection,25,386,0,1,6,6,1,31
static_team,25,386,1,0,0,0,0,50
corpus_mesh,25,386,1,0,0,0,0,52
single,25,387,0,1,0,0,1,25
reflection,25,387,0,1,13,13,1,38
static_team,25,387,1,1,1,1,0,51
corpus_mesh,25,387,1,1,1,1,0,57
single,25,388,1,0,0,0,0,25
reflection,25,388,1,1,7,7,0,32
static_team,25,388,1,1,1,1,0,51
corpus_mesh,25,388,1,0,0,0,0,53
single,25,389,0,1,0,0,1,25
reflection,25,389,1,0,9,9,0,34
static_team,25,389,1,0,0,0,0,50
corpus_mesh,25,389,1,0,0,0,0,53
single,25,390,1,0,0,0,0,25
reflection,25,390,1,0,7,7,0,32
static_team,25,390,1,0,0,0,0,50
corpus_mesh,25,390,1,0,0,0,0,57
single,25,391,0,1,0,0,1,25
reflection,25,391,0,1,7,7,1,32
static_team,25,391,1,0,0,0,0,50
corpus_mesh,25,391,1,1,1,1,0,57
single,25,392,1,0,0,0,0,25
reflection,25,392,1,0,8,8,0,33
static_team,25,392,1,0,0,0,0,50
corpus_mesh,25,392,1,0,0,0,0,53
single,25,393,1,0,0,0,0,25
reflection,25,393,1,2,5,5,0,30
static_team,25,393,1,0,0,0,0,50
corpus_mesh,25,393,1,0,0,0,0,54
single,25,394,1,0,0,0,0,25
reflection,25,394,1,0,8,8,0,33
static_team,25,394,1,1,1,1,0,51
corpus_mesh,25,394,1,1,1,1,0,56
single,25,395,0,1,0,0,1,25
reflection,25,395,1,0,9,9,0,34
static_team,25,395,1,0,0,0,0,50
corpus_mesh,25,395,1,0,0,0,0,52
single,25,396,1,0,0,0,0,25
reflection,25,396,1,0,7,7,0,32
static_team,25,396,1,1,1,1,0,51
corpus_mesh,25,396,1,1,1,1,0,54
single,25,397,1,0,0,0,0,25
reflection,25,397,1,0,4,4,0,29
static_team,25,397,1,0,0,0,0,51
corpus_mesh,25,397,1,0,0,0,0,52
single,25,398,1,0,0,0,0,25
reflection,25,398,0,1,11,11,1,36
static_team,25,398,1,0,0,0,0,50
corpus_mesh,25,398,1,1,1,1,0,53
single,25,399,0,4,0,0,1,25
reflection,25,399,0,0,8,7,1,33
static_team,25,399,1,1,1,1,0,52
corpus_mesh,25,399,1,0,0,0,0,51
single,25,400,1,0,0,0,0,25
reflection,25,400,0,1,10,10,1,35
static_team,25,400,1,1,1,1,0,51
corpus_mesh,25,400,1,1,1,1,0,55
single,25,401,1,0,0,0,0,25
reflection,25,401,1,0,8,8,0,33
static_team,25,401,1,1,1,1,0,51
corpus_mesh,25,401,1,0,0,0,0,51
single,25,402,1,0,0,0,0,25
reflection,25,402,1,0,6,6,0,31
static_team,25,402,1,0,0,0,0,50
corpus_mesh,25,402,1,1,1,1,0,55
single,25,403,0,1,0,0,1,25
reflection,25,403,1,0,8,8,0,33
static_team,25,403,1,0,0,0,0,50
corpus_mesh,25,403,1,1,1,1,0,54
single,25,404,0,1,0,0,1,25
reflection,25,404,1,0,10,10,0,35
static_team,25,404,1,0,0,0,0,50
corpus_mesh,25,404,1,0,0,0,0,54
single,25,405,1,0,0,0,0,25
reflection,25,405,1,1,5,5,0,30
static_team,25,405,1,0,0,0,0,50
corpus_mesh,25,405,1,0,0,0,0,56
single,25,406,0,1,0,0,1,25
reflection,25,406,0,0,8,7,1,33
static_team,25,406,1,2,2,2,0,52
corpus_mesh,25,406,1,2,2,2,0,59
single,25,407,0,1,0,0,1,25
reflection,25,407,1,0,7,7,0,32
static_team,25,407,1,0,0,0,0,50
corpus_mesh,25,407,1,0,0,0,0,53
single,25,408,1,0,0,0,0,25
reflection,25,408,1,0,7,7,0,32
static_team,25,408,1,0,0,0,0,50
corpus_mesh,25,408,1,0,0,0,0,51
single,25,409,0,1,0,0,1,25
reflection,25,409,1,1,7,7,0,32
static_team,25,409,1,0,0,0,0,50
corpus_mesh,25,409,1,0,0,0,0,54
single,25,410,0,1,0,0,1,25
reflection,25,410,0,1,7,6,1,32
static_team,25,410,1,1,1,1,0,52
corpus_mesh,25,410,1,0,0,0,0,53
single,25,411,1,0,0,0,0,25
reflection,25,411,1,0,5,5,0,30
static_team,25,411,1,1,1,1,0,51
corpus_mesh,25,411,1,0,0,0,0,53
single,25,412,0,1,0,0,1,25
reflection,25,412,0,1,7,7,1,32
static_team,25,412,1,0,0,0,0,50
corpus_mesh,25,412,1,0,0,0,0,52
single,25,413,1,0,0,0,0,25
reflection,25,413,1,0,7,7,0,32
static_team,25,413,1,0,0,0,0,50
corpus_mesh,25,413,1,0,0,0,0,54
single,25,414,1,0,0,0,0,25
reflection,25,414,0,1,7,5,1,32
static_team,25,414,1,0,0,0,0,50
corpus_mesh,25,414,1,0,0,0,0,55
single,25,415,1,0,0,0,0,25
reflection,25,415,1,0,11,11,0,36
static_team,25,415,1,2,2,2,0,52
corpus_mesh,25,415,1,1,1,1,0,53
single,25,416,1,0,0,0,0,25
reflection,25,416,1,0,5,5,0,30
static_team,25,416,1,1,1,1,0,52
corpus_mesh,25,416,1,1,1,1,0,55
single,25,417,1,0,0,0,0,25
reflection,25,417,1,0,6,6,0,31
static_team,25,417,1,1,1,1,0,51
corpus_mesh,25,417,1,0,0,0,0,53
single,25,418,1,0,0,0,0,25
reflection,25,418,1,1,11,11,0,36
static_team,25,418,1,1,1,1,0,51
corpus_mesh,25,418,1,1,1,1,0,57
single,25,419,0,1,0,0,1,25
reflection,25,419,1,0,5,5,0,30
static_team,25,419,1,0,0,0,0,50
corpus_mesh,25,419,1,1,1,1,0,53
single,25,420,1,0,0,0,0,25
reflection,25,420,1,0,2,2,0,27
static_team,25,420,1,0,0,0,0,50
corpus_mesh,25,420,1,0,0,0,0,51
single,25,421,1,0,0,0,0,25
reflection,25,421,1,0,10,10,0,35
static_team,25,421,1,0,0,0,0,50
corpus_mesh,25,421,1,0,0,0,0,50
single,25,422,1,0,0,0,0,25
reflection,25,422,0,1,10,10,1,35
static_team,25,422,1,0,0,0,0,50
corpus_mesh,25,422,1,0,0,0,0,53
single,25,423,1,0,0,0,0,25
reflection,25,423,1,1,10,10,0,35
static_team,25,423,1,2,2,2,0,52
corpus_mesh,25,423,1,0,0,0,0,52
single,25,424,1,0,0,0,0,25
reflection,25,424,1,1,13,13,0,38
static_team,25,424,1,0,0,0,0,50
corpus_mesh,25,424,1,2,2,2,0,59
single,25,425,1,0,0,0,0,25
reflection,25,425,1,0,5,5,0,30
static_team,25,425,1,0,0,0,0,50
corpus_mesh,25,425,1,0,0,0,0,54
single,25,426,1,0,0,0,0,25
reflection,25,426,1,0,4,4,0,29
static_team,25,426,1,0,0,0,0,50
corpus_mesh,25,426,1,0,0,0,0,53
single,25,427,1,0,0,0,0,25
reflection,25,427,1,0,4,4,0,29
static_team,25,427,1,1,1,1,0,51
corpus_mesh,25,427,1,0,0,0,0,54
single,25,428,0,1,0,0,1,25
reflection,25,428,1,0,9,9,0,34
static_team,25,428,1,0,0,0,0,50
corpus_mesh,25,428,1,0,0,0,0,51
single,25,429,0,1,0,0,1,25
reflection,25,429,0,1,2,2,1,27
static_team,25,429,1,0,0,0,0,50
corpus_mesh,25,429,1,0,0,0,0,51
single,25,430,1,0,0,0,0,25
reflection,25,430,1,0,4,4,0,29
static_team,25,430,1,0,0,0,0,51
corpus_mesh,25,430,1,0,0,0,0,51
single,25,431,0,1,0,0,1,25
reflection,25,431,1,0,5,5,0,30
static_team,25,431,1,1,1,1,0,51
corpus_mesh,25,431,1,0,0,0,0,54
single,25,432,1,0,0,0,0,25
reflection,25,432,1,0,7,7,0,32
static_team,25,432,1,1,1,1,0,51
corpus_mesh,25,432,1,1,1,1,0,54
single,25,433,1,0,0,0,0,25
reflection,25,433,1,1,9,9,0,34
static_team,25,433,1,0,0,0,0,50
corpus_mesh,25,433,1,1,1,1,0,57
single,25,434,1,0,0,0,0,25
reflection,25,434,1,1,6,6,0,31
static_team,25,434,1,0,0,0,0,50
corpus_mesh,25,434,0,0,0,0,1,56
single,25,435,1,0,0,0,0,25
reflection,25,435,0,2,7,7,1,32
static_team,25,435,1,0,0,0,0,50
corpus_mesh,25,435,1,0,0,0,0,53
single,25,436,0,1,0,0,1,25
reflection,25,436,1,0,5,5,0,30
static_team,25,436,0,0,0,0,1,51
corpus_mesh,25,436,1,0,0,0,0,51
single,25,437,0,1,0,0,1,25
reflection,25,437,1,1,9,9,0,34
static_team,25,437,1,1,1,1,0,51
corpus_mesh,25,437,1,1,1,1,0,53
single,25,438,0,1,0,0,1,25
reflection,25,438,0,1,5,5,1,30
static_team,25,438,1,0,0,0,0,51
corpus_mesh,25,438,1,0,0,0,0,54
single,25,439,1,0,0,0,0,25
reflection,25,439,1,0,6,6,0,31
static_team,25,439,1,0,0,0,0,50
corpus_mesh,25,439,1,0,0,0,0,52
single,25,440,1,0,0,0,0,25
reflection,25,440,1,0,3,3,0,28
static_team,25,440,1,0,0,0,0,50
corpus_mesh,25,440,1,0,0,0,0,51
single,25,441,1,0,0,0,0,25
reflection,25,441,1,0,7,7,0,32
static_team,25,441,1,1,1,1,0,51
corpus_mesh,25,441,1,0,0,0,0,51
single,25,442,1,0,0,0,0,25
reflection,25,442,1,0,6,6,0,31
static_team,25,442,1,0,0,0,0,50
corpus_mesh,25,442,1,0,0,0,0,50
single,25,443,1,0,0,0,0,25
reflection,25,443,1,0,6,6,0,31
static_team,25,443,1,0,0,0,0,50
corpus_mesh,25,443,1,0,0,0,0,52
single,25,444,1,0,0,0,0,25
reflection,25,444,0,1,7,7,1,32
static_team,25,444,1,1,1,1,0,51
corpus_mesh,25,444,1,1,1,1,0,54
single,25,445,1,0,0,0,0,25
reflection,25,445,1,0,4,4,0,29
static_team,25,445,1,0,0,0,0,50
corpus_mesh,25,445,1,1,1,1,0,54
single,25,446,1,0,0,0,0,25
reflection,25,446,1,1,9,9,0,34
static_team,25,446,1,1,1,1,0,51
corpus_mesh,25,446,1,0,0,0,0,51
single,25,447,1,0,0,0,0,25
reflection,25,447,1,0,4,4,0,29
static_team,25,447,1,0,0,0,0,50
corpus_mesh,25,447,1,0,0,0,0,56
single,25,448,1,0,0,0,0,25
reflection,25,448,1,0,6,6,0,31
static_team,25,448,1,1,1,1,0,51
corpus_mesh,25,448,0,1,1,1,1,55
single,25,449,1,0,0,0,0,25
reflection,25,449,0,1,6,6,1,31
static_team,25,449,1,0,0,0,0,50
corpus_mesh,25,449,1,0,0,0,0,54
single,25,450,0,1,0,0,1,25
reflection,25,450,1,1,9,9,0,34
static_team,25,450,1,1,1,1,0,51
corpus_mesh,25,450,1,0,0,0,0,52
single,25,451,1,0,0,0,0,25
reflection,25,451,1,1,4,4,0,29
static_team,25,451,1,0,0,0,0,50
corpus_mesh,25,451,1,1,1,1,0,54
single,25,452,0,1,0,0,1,25
reflection,25,452,1,1,8,8,0,33
static_team,25,452,1,1,1,1,0,51
corpus_mesh,25,452,1,0,0,0,0,55
single,25,453,1,0,0,0,0,25
reflection,25,453,1,0,7,7,0,32
static_team,25,453,1,1,1,1,0,51
corpus_mesh,25,453,1,0,0,0,0,52
single,25,454,1,0,0,0,0,25
reflection,25,454,1,0,5,5,0,30
static_team,25,454,1,0,0,0,0,50
corpus_mesh,25,454,1,0,0,0,0,52
single,25,455,1,0,0,0,0,25
reflection,25,455,1,0,9,9,0,34
static_team,25,455,1,0,0,0,0,50
corpus_mesh,25,455,1,1,1,1,0,55
single,25,456,1,0,0,0,0,25
reflection,25,456,0,2,8,8,1,33
static_team,25,456,1,2,2,2,0,52
corpus_mesh,25,456,1,1,1,1,0,55
single,25,457,0,1,0,0,1,25
reflection,25,457,1,0,8,8,0,33
static_team,25,457,1,0,0,0,0,50
corpus_mesh,25,457,0,0,0,0,1,52
single,25,458,0,1,0,0,1,25
reflection,25,458,1,0,5,5,0,30
static_team,25,458,1,0,0,0,0,50
corpus_mesh,25,458,1,0,0,0,0,50
single,25,459,1,0,0,0,0,25
reflection,25,459,1,0,7,7,0,32
static_team,25,459,1,0,0,0,0,50
corpus_mesh,25,459,1,0,0,0,0,55
single,25,460,1,0,0,0,0,25
reflection,25,460,1,1,9,9,0,34
static_team,25,460,1,0,0,0,0,50
corpus_mesh,25,460,1,0,0,0,0,55
single,25,461,0,1,0,0,1,25
reflection,25,461,1,1,7,7,0,32
static_team,25,461,1,0,0,0,0,50
corpus_mesh,25,461,1,0,0,0,0,52
single,25,462,1,0,0,0,0,25
reflection,25,462,1,0,6,6,0,31
static_team,25,462,1,0,0,0,0,50
corpus_mesh,25,462,1,1,1,1,0,53
single,25,463,1,0,0,0,0,25
reflection,25,463,1,0,7,7,0,32
static_team,25,463,1,0,0,0,0,50
corpus_mesh,25,463,1,0,0,0,0,52
single,25,464,1,0,0,0,0,25
reflection,25,464,0,0,7,6,1,32
static_team,25,464,1,0,0,0,0,50
corpus_mesh,25,464,1,1,1,1,0,52
single,25,465,1,0,0,0,0,25
reflection,25,465,0,2,8,8,1,33
static_team,25,465,1,1,1,1,0,51
corpus_mesh,25,465,1,1,1,1,0,55
single,25,466,1,0,0,0,0,25
reflection,25,466,1,1,5,5,0,30
static_team,25,466,1,1,1,1,0,52
corpus_mesh,25,466,1,0,0,0,0,52
single,25,467,0,1,0,0,1,25
reflection,25,467,0,0,11,10,1,36
static_team,25,467,1,0,0,0,0,50
corpus_mesh,25,467,1,0,0,0,0,54
single,25,468,0,1,0,0,1,25
reflection,25,468,0,0,9,8,1,34
static_team,25,468,1,1,1,1,0,51
corpus_mesh,25,468,1,0,0,0,0,53
single,25,469,0,1,0,0,1,25
reflection,25,469,1,0,6,6,0,31
static_team,25,469,1,1,1,1,0,52
corpus_mesh,25,469,1,1,1,1,0,54
single,25,470,1,0,0,0,0,25
reflection,25,470,1,0,9,9,0,34
static_team,25,470,1,0,0,0,0,50
corpus_mesh,25,470,1,1,1,1,0,53
single,25,471,0,1,0,0,1,25
reflection,25,471,1,0,6,6,0,31
static_team,25,471,1,0,0,0,0,50
corpus_mesh,25,471,1,0,0,0,0,54
single,25,472,1,0,0,0,0,25
reflection,25,472,1,0,6,6,0,31
static_team,25,472,1,0,0,0,0,50
corpus_mesh,25,472,1,0,0,0,0,51
single,25,473,0,1,0,0,1,25
reflection,25,473,0,2,7,7,1,32
static_team,25,473,1,0,0,0,0,50
corpus_mesh,25,473,1,1,1,1,0,54
single,25,474,1,0,0,0,0,25
reflection,25,474,1,0,5,5,0,30
static_team,25,474,1,2,2,2,0,52
corpus_mesh,25,474,1,0,0,0,0,52
single,25,475,0,2,0,0,1,25
reflection,25,475,1,0,5,5,0,30
static_team,25,475,1,0,0,0,0,50
corpus_mesh,25,475,1,0,0,0,0,55
single,25,476,1,0,0,0,0,25
reflection,25,476,1,0,9,9,0,34
static_team,25,476,1,0,0,0,0,50
corpus_mesh,25,476,1,0,0,0,0,52
single,25,477,1,0,0,0,0,25
reflection,25,477,0,2,8,8,1,33
static_team,25,477,1,0,0,0,0,50
corpus_mesh,25,477,1,0,0,0,0,53
single,25,478,1,0,0,0,0,25
reflection,25,478,1,0,9,9,0,34
static_team,25,478,1,0,0,0,0,50
corpus_mesh,25,478,1,0,0,0,0,55
single,25,479,1,0,0,0,0,25
reflection,25,479,1,0,4,4,0,29
static_team,25,479,1,0,0,0,0,50
corpus_mesh,25,479,1,0,0,0,0,54
single,25,480,1,0,0,0,0,25
reflection,25,480,1,0,4,4,0,29
static_team,25,480,1,0,0,0,0,50
corpus_mesh,25,480,1,0,0,0,0,52
single,25,481,0,1,0,0,1,25
reflection,25,481,1,1,2,2,0,27
static_team,25,481,1,0,0,0,0,50
corpus_mesh,25,481,1,1,1,1,0,53
single,25,482,1,0,0,0,0,25
reflection,25,482,0,1,5,5,1,30
static_team,25,482,1,1,1,1,0,51
corpus_mesh,25,482,1,0,0,0,0,53
single,25,483,0,1,0,0,1,25
reflection,25,483,1,0,7,7,0,32
static_team,25,483,1,1,1,1,0,51
corpus_mesh,25,483,1,1,1,1,0,58
single,25,484,1,0,0,0,0,25
reflection,25,484,1,0,6,6,0,31
static_team,25,484,1,0,0,0,0,50
corpus_mesh,25,484,1,0,0,0,0,53
single,25,485,1,0,0,0,0,25
reflection,25,485,1,1,6,6,0,31
static_team,25,485,1,0,0,0,0,51
corpus_mesh,25,485,1,0,0,0,0,54
single,25,486,0,1,0,0,1,25
reflection,25,486,1,0,5,5,0,30
static_team,25,486,1,0,0,0,0,50
corpus_mesh,25,486,1,0,0,0,0,55
single,25,487,0,1,0,0,1,25
reflection,25,487,0,1,4,4,1,29
static_team,25,487,1,1,1,1,0,51
corpus_mesh,25,487,1,0,0,0,0,52
single,25,488,0,1,0,0,1,25
reflection,25,488,1,0,5,5,0,30
static_team,25,488,1,0,0,0,0,50
corpus_mesh,25,488,1,1,1,1,0,56
single,25,489,1,0,0,0,0,25
reflection,25,489,1,0,4,4,0,29
static_team,25,489,1,0,0,0,0,50
corpus_mesh,25,489,1,0,0,0,0,53
single,25,490,1,0,0,0,0,25
reflection,25,490,0,0,7,6,1,32
static_team,25,490,1,0,0,0,0,50
corpus_mesh,25,490,1,0,0,0,0,52
single,25,491,1,0,0,0,0,25
reflection,25,491,0,1,6,6,1,31
static_team,25,491,1,0,0,0,0,50
corpus_mesh,25,491,1,0,0,0,0,54
single,25,492,1,0,0,0,0,25
reflection,25,492,1,0,6,6,0,31
static_team,25,492,1,0,0,0,0,50
corpus_mesh,25,492,1,0,0,0,0,54
single,25,493,0,1,0,0,1,25
reflection,25,493,1,0,10,10,0,35
static_team,25,493,1,0,0,0,0,51
corpus_mesh,25,493,1,0,0,0,0,53
single,25,494,1,0,0,0,0,25
reflection,25,494,0,1,4,4,1,29
static_team,25,494,1,1,1,1,0,51
corpus_mesh,25,494,1,0,0,0,0,52
single,25,495,1,0,0,0,0,25
reflection,25,495,1,0,6,6,0,31
static_team,25,495,1,1,1,1,0,51
corpus_mesh,25,495,1,0,0,0,0,52
single,25,496,1,0,0,0,0,25
reflection,25,496,0,1,5,5,1,30
static_team,25,496,1,0,0,0,0,50
corpus_mesh,25,496,1,0,0,0,0,51
single,25,497,1,0,0,0,0,25
reflection,25,497,1,0,9,9,0,34
static_team,25,497,1,0,0,0,0,50
corpus_mesh,25,497,1,0,0,0,0,52
single,25,498,1,0,0,0,0,25
reflection,25,498,1,1,6,6,0,31
static_team,25,498,1,1,1,1,0,51
corpus_mesh,25,498,1,0,0,0,0,57
single,25,499,0,1,0,0,1,25
reflection,25,499,1,0,11,11,0,36
static_team,25,499,1,0,0,0,0,51
corpus_mesh,25,499,1,0,0,0,0,51
single,25,500,0,1,0,0,1,25
reflection,25,500,0,1,8,8,1,33
static_team,25,500,1,0,0,0,0,50
corpus_mesh,25,500,1,0,0,0,0,53
single,25,501,1,0,0,0,0,25
reflection,25,501,1,0,8,8,0,33
static_team,25,501,1,1,1,1,0,51
corpus_mesh,25,501,1,0,0,0,0,50
single,25,502,1,0,0,0,0,25
reflection,25,502,0,1,4,4,1,29
static_team,25,502,1,0,0,0,0,50
corpus_mesh,25,502,1,0,0,0,0,52
single,25,503,1,0,0,0,0,25
reflection,25,503,0,1,4,4,1,29
static_team,25,503,1,0,0,0,0,50
corpus_mesh,25,503,1,0,0,0,0,55
single,25,504,1,0,0,0,0,25
reflection,25,504,1,0,3,3,0,28
static_team,25,504,1,0,0,0,0,50
corpus_mesh,25,504,1,3,3,3,0,58
single,25,505,1,0,0,0,0,25
reflection,25,505,1,0,6,6,0,31
static_team,25,505,1,1,1,1,0,51
corpus_mesh,25,505,1,0,0,0,0,51
single,25,506,0,1,0,0,1,25
reflection,25,506,0,1,7,6,1,32
static_team,25,506,1,1,1,1,0,51
corpus_mesh,25,506,1,0,0,0,0,55
single,25,507,1,0,0,0,0,25
reflection,25,507,1,0,7,7,0,32
static_team,25,507,1,0,0,0,0,50
corpus_mesh,25,507,1,2,2,2,0,58
single,25,508,1,0,0,0,0,25
reflection,25,508,1,0,4,4,0,29
static_team,25,508,1,0,0,0,0,50
corpus_mesh,25,508,1,0,0,0,0,53
single,25,509,0,1,0,0,1,25
reflection,25,509,1,0,8,8,0,33
static_team,25,509,1,0,0,0,0,51
corpus_mesh,25,509,1,2,2,2,0,56
single,25,510,0,1,0,0,1,25
reflection,25,510,1,0,5,5,0,30
static_team,25,510,1,0,0,0,0,51
corpus_mesh,25,510,1,0,0,0,0,54
single,25,511,1,0,0,0,0,25
reflection,25,511,1,0,6,6,0,31
static_team,25,511,1,0,0,0,0,50
corpus_mesh,25,511,1,0,0,0,0,50
single,25,512,0,1,0,0,1,25
reflection,25,512,1,0,6,6,0,31
static_team,25,512,1,1,1,1,0,51
corpus_mesh,25,512,1,0,0,0,0,51
single,25,513,1,0,0,0,0,25
reflection,25,513,1,0,8,8,0,33
static_team,25,513,1,0,0,0,0,50
corpus_mesh,25,513,1,0,0,0,0,53
single,25,514,0,2,0,0,1,25
reflection,25,514,1,0,8,8,0,33
static_team,25,514,1,1,1,1,0,51
corpus_mesh,25,514,1,0,0,0,0,55
single,25,515,1,0,0,0,0,25
reflection,25,515,0,0,10,9,1,35
static_team,25,515,1,1,1,1,0,51
corpus_mesh,25,515,1,0,0,0,0,53
single,25,516,1,0,0,0,0,25
reflection,25,516,1,1,7,7,0,32
static_team,25,516,1,0,0,0,0,50
corpus_mesh,25,516,1,1,1,1,0,56
single,25,517,1,0,0,0,0,25
reflection,25,517,1,0,6,6,0,31
static_team,25,517,1,0,0,0,0,50
corpus_mesh,25,517,1,0,0,0,0,53
single,25,518,0,1,0,0,1,25
reflection,25,518,0,1,6,6,1,31
static_team,25,518,1,0,0,0,0,50
corpus_mesh,25,518,1,1,1,1,0,53
single,25,519,1,0,0,0,0,25
reflection,25,519,1,1,3,3,0,28
static_team,25,519,1,1,1,1,0,51
corpus_mesh,25,519,1,0,0,0,0,54
single,25,520,1,0,0,0,0,25
reflection,25,520,1,0,3,3,0,28
static_team,25,520,1,1,1,1,0,51
corpus_mesh,25,520,1,0,0,0,0,53
single,25,521,1,0,0,0,0,25
reflection,25,521,1,0,9,9,0,34
static_team,25,521,1,0,0,0,0,51
corpus_mesh,25,521,1,1,1,1,0,56
single,25,522,0,1,0,0,1,25
reflection,25,522,1,0,6,6,0,31
static_team,25,522,1,0,0,0,0,50
corpus_mesh,25,522,1,0,0,0,0,53
single,25,523,0,1,0,0,1,25
reflection,25,523,1,0,8,8,0,33
static_team,25,523,1,1,1,1,0,52
corpus_mesh,25,523,1,0,0,0,0,53
single,25,524,0,1,0,0,1,25
reflection,25,524,0,2,6,6,1,31
static_team,25,524,1,0,0,0,0,50
corpus_mesh,25,524,1,0,0,0,0,53
single,25,525,1,0,0,0,0,25
reflection,25,525,1,0,8,8,0,33
static_team,25,525,1,0,0,0,0,50
corpus_mesh,25,525,1,0,0,0,0,53
single,25,526,1,0,0,0,0,25
reflection,25,526,1,1,11,11,0,36
static_team,25,526,1,0,0,0,0,50
corpus_mesh,25,526,1,0,0,0,0,56
single,25,527,1,0,0,0,0,25
reflection,25,527,0,1,9,9,1,34
static_team,25,527,1,0,0,0,0,50
corpus_mesh,25,527,1,0,0,0,0,56
single,25,528,1,0,0,0,0,25
reflection,25,528,1,0,5,5,0,30
static_team,25,528,1,0,0,0,0,50
corpus_mesh,25,528,1,1,1,1,0,56
single,25,529,0,1,0,0,1,25
reflection,25,529,1,1,6,6,0,31
static_team,25,529,1,0,0,0,0,50
corpus_mesh,25,529,1,0,0,0,0,53
single,25,530,1,0,0,0,0,25
reflection,25,530,1,0,10,10,0,35
static_team,25,530,1,0,0,0,0,50
corpus_mesh,25,530,1,1,1,1,0,54
single,25,531,1,0,0,0,0,25
reflection,25,531,1,0,6,6,0,31
static_team,25,531,1,1,1,1,0,51
corpus_mesh,25,531,1,2,2,2,0,57
single,25,532,1,0,0,0,0,25
reflection,25,532,0,1,7,7,1,32
static_team,25,532,1,0,0,0,0,50
corpus_mesh,25,532,1,0,0,0,0,56
single,25,533,0,1,0,0,1,25
reflection,25,533,0,1,2,2,1,27
static_team,25,533,1,1,1,1,0,51
corpus_mesh,25,533,1,0,0,0,0,53
single,25,534,1,0,0,0,0,25
reflection,25,534,1,0,5,5,0,30
static_team,25,534,1,0,0,0,0,50
corpus_mesh,25,534,1,2,2,2,0,54
single,25,535,1,2,0,0,0,25
reflection,25,535,1,0,5,5,0,30
static_team,25,535,1,0,0,0,0,50
corpus_mesh,25,535,1,1,1,1,0,55
single,25,536,1,0,0,0,0,25
reflection,25,536,0,0,5,4,1,30
static_team,25,536,1,0,0,0,0,50
corpus_mesh,25,536,1,0,0,0,0,52
single,25,537,0,1,0,0,1,25
reflection,25,537,1,1,5,5,0,30
static_team,25,537,1,0,0,0,0,50
corpus_mesh,25,537,1,0,0,0,0,58
single,25,538,0,1,0,0,1,25
reflection,25,538,1,0,8,8,0,33
static_team,25,538,1,1,1,1,0,51
corpus_mesh,25,538,1,0,0,0,0,53
single,25,539,1,0,0,0,0,25
reflection,25,539,1,0,6,6,0,31
static_team,25,539,1,0,0,0,0,50
corpus_mesh,25,539,1,0,0,0,0,52
single,25,540,1,0,0,0,0,25
reflection,25,540,1,0,10,10,0,35
static_team,25,540,1,0,0,0,0,50
corpus_mesh,25,540,1,3,3,3,0,58
single,25,541,1,0,0,0,0,25
reflection,25,541,1,0,5,5,0,30
static_team,25,541,1,0,0,0,0,50
corpus_mesh,25,541,1,0,0,0,0,50
single,25,542,1,0,0,0,0,25
reflection,25,542,1,0,6,6,0,31
static_team,25,542,1,0,0,0,0,50
corpus_mesh,25,542,1,2,2,2,0,56
single,25,543,1,0,0,0,0,25
reflection,25,543,1,0,6,6,0,31
static_team,25,543,1,0,0,0,0,50
corpus_mesh,25,543,1,0,0,0,0,51
single,25,544,0,1,0,0,1,25
reflection,25,544,0,1,10,9,1,35
static_team,25,544,1,0,0,0,0,50
corpus_mesh,25,544,1,0,0,0,0,54
single,25,545,1,0,0,0,0,25
reflection,25,545,0,1,10,10,1,35
static_team,25,545,1,0,0,0,0,50
corpus_mesh,25,545,1,1,1,1,0,55
single,25,546,0,1,0,0,1,25
reflection,25,546,1,0,8,8,0,33
static_team,25,546,1,0,0,0,0,50
corpus_mesh,25,546,1,0,0,0,0,52
single,25,547,1,0,0,0,0,25
reflection,25,547,1,0,7,7,0,32
static_team,25,547,1,0,0,0,0,50
corpus_mesh,25,547,1,0,0,0,0,55
single,25,548,1,0,0,0,0,25
reflection,25,548,1,1,7,7,0,32
static_team,25,548,1,0,0,0,0,50
corpus_mesh,25,548,1,3,3,3,0,59
single,25,549,0,1,0,0,1,25
reflection,25,549,1,0,8,8,0,33
static_team,25,549,1,0,0,0,0,50
corpus_mesh,25,549,1,1,1,1,0,52
single,25,550,0,1,0,0,1,25
reflection,25,550,1,0,8,8,0,33
static_team,25,550,1,0,0,0,0,50
corpus_mesh,25,550,1,0,0,0,0,52
single,25,551,0,1,0,0,1,25
reflection,25,551,0,1,4,4,1,29
static_team,25,551,1,0,0,0,0,50
corpus_mesh,25,551,1,0,0,0,0,54
single,25,552,1,0,0,0,0,25
reflection,25,552,0,0,10,9,1,35
static_team,25,552,1,0,0,0,0,51
corpus_mesh,25,552,1,0,0,0,0,52
single,25,553,1,0,0,0,0,25
reflection,25,553,1,0,7,7,0,32
static_team,25,553,1,0,0,0,0,50
corpus_mesh,25,553,1,0,0,0,0,53
single,25,554,1,0,0,0,0,25
reflection,25,554,1,0,8,8,0,33
static_team,25,554,1,3,3,3,0,53
corpus_mesh,25,554,1,1,1,1,0,52
single,25,555,1,0,0,0,0,25
reflection,25,555,0,0,4,3,1,29
static_team,25,555,1,0,0,0,0,50
corpus_mesh,25,555,1,0,0,0,0,55
single,25,556,0,2,0,0,1,25
reflection,25,556,0,1,5,5,1,30
static_team,25,556,1,0,0,0,0,50
corpus_mesh,25,556,1,0,0,0,0,54
single,25,557,1,0,0,0,0,25
reflection,25,557,1,0,5,5,0,30
static_team,25,557,1,2,2,2,0,52
corpus_mesh,25,557,1,1,1,1,0,54
single,25,558,1,0,0,0,0,25
reflection,25,558,1,0,5,5,0,30
static_team,25,558,1,0,0,0,0,50
corpus_mesh,25,558,1,0,0,0,0,52
single,25,559,1,0,0,0,0,25
reflection,25,559,1,0,11,11,0,36
static_team,25,559,1,2,2,2,0,52
corpus_mesh,25,559,1,2,2,2,0,58
single,25,560,0,1,0,0,1,25
reflection,25,560,0,2,6,6,1,31
static_team,25,560,1,0,0,0,0,50
corpus_mesh,25,560,1,4,4,4,0,60
single,25,561,0,1,0,0,1,25
reflection,25,561,1,0,6,6,0,31
static_team,25,561,1,0,0,0,0,50
corpus_mesh,25,561,1,0,0,0,0,51
single,25,562,1,0,0,0,0,25
reflection,25,562,0,1,9,9,1,34
static_team,25,562,1,0,0,0,0,50
corpus_mesh,25,562,1,0,0,0,0,50
single,25,563,1,0,0,0,0,25
reflection,25,563,1,0,3,3,0,28
static_team,25,563,1,0,0,0,0,50
corpus_mesh,25,563,1,0,0,0,0,54
single,25,564,1,0,0,0,0,25
reflection,25,564,0,1,10,10,1,35
static_team,25,564,1,0,0,0,0,50
corpus_mesh,25,564,1,0,0,0,0,51
single,25,565,0,2,0,0,1,25
reflection,25,565,1,1,8,8,0,33
static_team,25,565,1,0,0,0,0,50
corpus_mesh,25,565,1,0,0,0,0,52
single,25,566,0,1,0,0,1,25
reflection,25,566,1,0,10,10,0,35
static_team,25,566,1,1,1,1,0,51
corpus_mesh,25,566,1,1,1,1,0,55
single,25,567,0,1,0,0,1,25
reflection,25,567,0,2,7,7,1,32
static_team,25,567,1,0,0,0,0,50
corpus_mesh,25,567,1,0,0,0,0,52
single,25,568,0,1,0,0,1,25
reflection,25,568,1,0,6,6,0,31
static_team,25,568,1,1,1,1,0,51
corpus_mesh,25,568,1,0,0,0,0,53
single,25,569,1,0,0,0,0,25
reflection,25,569,0,1,8,8,1,33
static_team,25,569,1,0,0,0,0,50
corpus_mesh,25,569,1,1,1,1,0,54
single,25,570,1,0,0,0,0,25
reflection,25,570,0,0,6,5,1,31
static_team,25,570,1,0,0,0,0,50
corpus_mesh,25,570,1,0,0,0,0,57
single,25,571,1,0,0,0,0,25
reflection,25,571,1,0,7,7,0,32
static_team,25,571,1,2,2,2,0,52
corpus_mesh,25,571,1,0,0,0,0,51
single,25,572,1,0,0,0,0,25
reflection,25,572,1,0,6,6,0,31
static_team,25,572,1,0,0,0,0,50
corpus_mesh,25,572,1,0,0,0,0,52
single,25,573,0,2,0,0,1,25
reflection,25,573,1,1,8,8,0,33
static_team,25,573,1,0,0,0,0,50
corpus_mesh,25,573,1,1,1,1,0,57
single,25,574,1,0,0,0,0,25
reflection,25,574,1,0,8,8,0,33
static_team,25,574,1,0,0,0,0,50
corpus_mesh,25,574,1,0,0,0,0,53
single,25,575,1,0,0,0,0,25
reflection,25,575,0,1,6,6,1,31
static_team,25,575,1,0,0,0,0,50
corpus_mesh,25,575,1,0,0,0,0,51
single,25,576,1,0,0,0,0,25
reflection,25,576,1,0,7,7,0,32
static_team,25,576,1,0,0,0,0,50
corpus_mesh,25,576,1,1,1,1,0,53
single,25,577,0,1,0,0,1,25
reflection,25,577,1,0,12,12,0,37
static_team,25,577,1,0,0,0,0,50
corpus_mesh,25,577,1,1,1,1,0,54
single,25,578,1,0,0,0,0,25
reflection,25,578,1,0,9,9,0,34
static_team,25,578,1,1,1,1,0,52
corpus_mesh,25,578,1,0,0,0,0,52
single,25,579,1,0,0,0,0,25
reflection,25,579,1,0,4,4,0,29
static_team,25,579,1,0,0,0,0,50
corpus_mesh,25,579,1,0,0,0,0,52
single,25,580,1,0,0,0,0,25
reflection,25,580,0,1,9,9,1,34
static_team,25,580,1,1,1,1,0,51
corpus_mesh,25,580,1,0,0,0,0,50
single,25,581,0,1,0,0,1,25
reflection,25,581,0,1,4,4,1,29
static_team,25,581,1,1,1,1,0,51
corpus_mesh,25,581,1,1,1,1,0,56
single,25,582,0,1,0,0,1,25
reflection,25,582,1,0,3,3,0,28
static_team,25,582,1,0,0,0,0,51
corpus_mesh,25,582,1,2,2,2,0,58
single,25,583,1,0,0,0,0,25
reflection,25,583,0,0,6,5,1,31
static_team,25,583,1,0,0,0,0,50
corpus_mesh,25,583,1,1,1,1,0,53
single,25,584,1,0,0,0,0,25
reflection,25,584,1,0,7,7,0,32
static_team,25,584,1,2,2,2,0,52
corpus_mesh,25,584,1,1,1,1,0,55
single,25,585,1,0,0,0,0,25
reflection,25,585,1,0,5,5,0,30
static_team,25,585,1,1,1,1,0,51
corpus_mesh,25,585,1,0,0,0,0,55
single,25,586,1,0,0,0,0,25
reflection,25,586,1,0,8,8,0,33
static_team,25,586,1,0,0,0,0,50
corpus_mesh,25,586,1,0,0,0,0,52
single,25,587,0,1,0,0,1,25
reflection,25,587,1,0,5,5,0,30
static_team,25,587,1,0,0,0,0,50
corpus_mesh,25,587,1,0,0,0,0,52
single,25,588,1,0,0,0,0,25
reflection,25,588,0,1,8,8,1,33
static_team,25,588,1,0,0,0,0,51
corpus_mesh,25,588,1,3,3,3,0,57
single,25,589,1,0,0,0,0,25
reflection,25,589,1,0,3,3,0,28
static_team,25,589,1,0,0,0,0,50
corpus_mesh,25,589,1,0,0,0,0,52
single,25,590,1,0,0,0,0,25
reflection,25,590,1,0,5,5,0,30
static_team,25,590,1,2,2,2,0,52
corpus_mesh,25,590,1,1,1,1,0,56
single,25,591,0,1,0,0,1,25
reflection,25,591,1,0,5,5,0,30
static_team,25,591,1,0,0,0,0,50
corpus_mesh,25,591,1,1,1,1,0,55
single,25,592,1,0,0,0,0,25
reflection,25,592,1,0,4,4,0,29
static_team,25,592,1,2,2,2,0,52
corpus_mesh,25,592,1,1,1,1,0,53
single,25,593,1,0,0,0,0,25
reflection,25,593,1,0,5,5,0,30
static_team,25,593,1,0,0,0,0,50
corpus_mesh,25,593,1,1,1,1,0,54
single,25,594,0,1,0,0,1,25
reflection,25,594,1,0,7,7,0,32
static_team,25,594,1,0,0,0,0,50
corpus_mesh,25,594,1,0,0,0,0,53
single,25,595,1,0,0,0,0,25
reflection,25,595,1,0,4,4,0,29
static_team,25,595,1,1,1,1,0,51
corpus_mesh,25,595,1,2,2,2,0,55
single,25,596,0,1,0,0,1,25
reflection,25,596,1,0,7,7,0,32
static_team,25,596,1,0,0,0,0,50
corpus_mesh,25,596,1,0,0,0,0,51
single,25,597,1,0,0,0,0,25
reflection,25,597,1,0,9,9,0,34
static_team,25,597,1,0,0,0,0,50
corpus_mesh,25,597,1,1,1,1,0,53
single,25,598,0,1,0,0,1,25
reflection,25,598,1,0,6,6,0,31
static_team,25,598,1,2,2,2,0,52
corpus_mesh,25,598,1,0,0,0,0,51
single,25,599,1,0,0,0,0,25
reflection,25,599,1,0,7,7,0,32
static_team,25,599,1,1,1,1,0,51
corpus_mesh,25,599,1,0,0,0,0,55
single,25,600,0,1,0,0,1,25
reflection,25,600,1,0,5,5,0,30
static_team,25,600,1,0,0,0,0,50
corpus_mesh,25,600,1,1,1,1,0,55
single,25,601,1,0,0,0,0,25
reflection,25,601,0,0,10,9,1,35
static_team,25,601,1,0,0,0,0,50
corpus_mesh,25,601,1,0,0,0,0,55
single,25,602,0,1,0,0,1,25
reflection,25,602,1,0,8,8,0,33
static_team,25,602,1,0,0,0,0,52
corpus_mesh,25,602,1,1,1,1,0,53
single,25,603,0,1,0,0,1,25
reflection,25,603,1,0,8,8,0,33
static_team,25,603,1,0,0,0,0,51
corpus_mesh,25,603,1,1,1,1,0,53
single,25,604,1,0,0,0,0,25
reflection,25,604,0,2,8,7,1,33
static_team,25,604,1,1,1,1,0,52
corpus_mesh,25,604,1,0,0,0,0,51
single,25,605,1,0,0,0,0,25
reflection,25,605,1,0,1,1,0,26
static_team,25,605,1,0,0,0,0,50
corpus_mesh,25,605,1,2,2,2,0,55
single,25,606,0,2,0,0,1,25
reflection,25,606,1,0,8,8,0,33
static_team,25,606,1,0,0,0,0,50
corpus_mesh,25,606,1,0,0,0,0,51
single,25,607,1,0,0,0,0,25
reflection,25,607,0,1,7,6,1,32
static_team,25,607,1,1,1,1,0,51
corpus_mesh,25,607,1,0,0,0,0,54
single,25,608,1,0,0,0,0,25
reflection,25,608,1,0,7,7,0,32
static_team,25,608,1,0,0,0,0,50
corpus_mesh,25,608,1,0,0,0,0,52
single,25,609,1,0,0,0,0,25
reflection,25,609,0,1,4,3,1,29
static_team,25,609,0,2,2,1,1,53
corpus_mesh,25,609,1,0,0,0,0,50
single,25,610,1,0,0,0,0,25
reflection,25,610,1,0,4,4,0,29
static_team,25,610,1,3,3,3,0,53
corpus_mesh,25,610,1,0,0,0,0,54
single,25,611,1,0,0,0,0,25
reflection,25,611,1,0,8,8,0,33
static_team,25,611,1,0,0,0,0,50
corpus_mesh,25,611,1,2,2,2,0,59
single,25,612,1,0,0,0,0,25
reflection,25,612,1,0,11,11,0,36
static_team,25,612,1,0,0,0,0,50
corpus_mesh,25,612,1,0,0,0,0,51
single,25,613,1,0,0,0,0,25
reflection,25,613,1,0,7,7,0,32
static_team,25,613,1,0,0,0,0,50
corpus_mesh,25,613,1,0,0,0,0,53
single,25,614,1,0,0,0,0,25
reflection,25,614,1,0,4,4,0,29
static_team,25,614,1,0,0,0,0,50
corpus_mesh,25,614,1,0,0,0,0,54
single,25,615,0,1,0,0,1,25
reflection,25,615,1,0,7,7,0,32
static_team,25,615,1,0,0,0,0,50
corpus_mesh,25,615,1,0,0,0,0,52
single,25,616,0,1,0,0,1,25
reflection,25,616,1,1,7,7,0,32
static_team,25,616,1,1,1,1,0,51
corpus_mesh,25,616,1,0,0,0,0,55
single,25,617,1,0,0,0,0,25
reflection,25,617,1,0,8,8,0,33
static_team,25,617,1,0,0,0,0,50
corpus_mesh,25,617,1,0,0,0,0,51
single,25,618,0,1,0,0,1,25
reflection,25,618,1,1,11,11,0,36
static_team,25,618,1,0,0,0,0,50
corpus_mesh,25,618,1,0,0,0,0,52
single,25,619,0,1,0,0,1,25
reflection,25,619,1,0,8,8,0,33
static_team,25,619,1,1,1,1,0,51
corpus_mesh,25,619,1,0,0,0,0,55
single,25,620,1,0,0,0,0,25
reflection,25,620,1,0,8,8,0,33
static_team,25,620,1,0,0,0,0,50
corpus_mesh,25,620,1,1,1,1,0,55
single,25,621,1,0,0,0,0,25
reflection,25,621,0,1,11,10,1,36
static_team,25,621,1,0,0,0,0,50
corpus_mesh,25,621,1,0,0,0,0,54
single,25,622,1,0,0,0,0,25
reflection,25,622,1,0,8,8,0,33
static_team,25,622,1,0,0,0,0,50
corpus_mesh,25,622,1,0,0,0,0,50
single,25,623,1,0,0,0,0,25
reflection,25,623,1,0,0,0,0,25
static_team,25,623,1,1,1,1,0,52
corpus_mesh,25,623,1,0,0,0,0,54
single,25,624,0,2,0,0,1,25
reflection,25,624,1,0,9,9,0,34
static_team,25,624,1,0,0,0,0,50
corpus_mesh,25,624,1,0,0,0,0,52
single,25,625,1,0,0,0,0,25
reflection,25,625,1,0,7,7,0,32
static_team,25,625,1,0,0,0,0,50
corpus_mesh,25,625,1,1,1,1,0,53
single,25,626,1,0,0,0,0,25
reflection,25,626,1,0,12,12,0,37
static_team,25,626,1,1,1,1,0,51
corpus_mesh,25,626,1,0,0,0,0,52
single,25,627,1,0,0,0,0,25
reflection,25,627,1,0,8,8,0,33
static_team,25,627,1,1,1,1,0,51
corpus_mesh,25,627,1,0,0,0,0,51
single,25,628,1,0,0,0,0,25
reflection,25,628,0,0,11,10,1,36
static_team,25,628,1,0,0,0,0,50
corpus_mesh,25,628,1,0,0,0,0,56
single,25,629,1,0,0,0,0,25
reflection,25,629,1,0,9,9,0,34
static_team,25,629,1,0,0,0,0,50
corpus_mesh,25,629,1,0,0,0,0,52
single,25,630,1,0,0,0,0,25
reflection,25,630,0,2,8,8,1,33
static_team,25,630,1,0,0,0,0,51
corpus_mesh,25,630,1,0,0,0,0,53
single,25,631,1,0,0,0,0,25
reflection,25,631,0,1,8,8,1,33
static_team,25,631,1,1,1,1,0,51
corpus_mesh,25,631,0,1,1,0,1,53
single,25,632,0,1,0,0,1,25
reflection,25,632,1,0,6,6,0,31
static_team,25,632,1,2,2,2,0,52
corpus_mesh,25,632,1,0,0,0,0,51
single,25,633,0,1,0,0,1,25
reflection,25,633,1,0,7,7,0,32
static_team,25,633,1,1,1,1,0,51
corpus_mesh,25,633,1,0,0,0,0,54
single,25,634,1,0,0,0,0,25
reflection,25,634,0,2,5,5,1,30
static_team,25,634,1,1,1,1,0,51
corpus_mesh,25,634,1,1,1,1,0,55
single,25,635,1,0,0,0,0,25
reflection,25,635,0,2,8,8,1,33
static_team,25,635,1,0,0,0,0,50
corpus_mesh,25,635,1,0,0,0,0,53
single,25,636,1,0,0,0,0,25
reflection,25,636,1,0,7,7,0,32
static_team,25,636,1,0,0,0,0,50
corpus_mesh,25,636,1,1,1,1,0,54
single,25,637,0,1,0,0,1,25
reflection,25,637,1,0,9,9,0,34
static_team,25,637,1,0,0,0,0,50
corpus_mesh,25,637,1,1,1,1,0,54
single,25,638,1,0,0,0,0,25
reflection,25,638,1,0,3,3,0,28
static_team,25,638,1,3,3,3,0,53
corpus_mesh,25,638,1,1,1,1,0,53
single,25,639,1,0,0,0,0,25
reflection,25,639,1,0,4,4,0,29
static_team,25,639,1,0,0,0,0,50
corpus_mesh,25,639,1,0,0,0,0,54
single,25,640,1,0,0,0,0,25
reflection,25,640,0,2,10,10,1,35
static_team,25,640,1,1,1,1,0,52
corpus_mesh,25,640,1,2,2,2,0,56
single,25,641,1,0,0,0,0,25
reflection,25,641,0,0,9,8,1,34
static_team,25,641,1,1,1,1,0,51
corpus_mesh,25,641,1,1,1,1,0,56
single,25,642,1,0,0,0,0,25
reflection,25,642,1,2,9,9,0,34
static_team,25,642,1,1,1,1,0,51
corpus_mesh,25,642,1,1,1,1,0,53
single,25,643,1,0,0,0,0,25
reflection,25,643,1,0,6,6,0,31
static_team,25,643,1,1,1,1,0,51
corpus_mesh,25,643,1,1,1,1,0,55
single,25,644,0,1,0,0,1,25
reflection,25,644,1,0,4,4,0,29
static_team,25,644,1,0,0,0,0,50
corpus_mesh,25,644,1,0,0,0,0,51
single,25,645,0,1,0,0,1,25
reflection,25,645,0,1,8,8,1,33
static_team,25,645,1,2,2,2,0,52
corpus_mesh,25,645,1,0,0,0,0,51
single,25,646,1,0,0,0,0,25
reflection,25,646,1,0,4,4,0,29
static_team,25,646,1,0,0,0,0,50
corpus_mesh,25,646,1,1,1,1,0,53
single,25,647,1,0,0,0,0,25
reflection,25,647,1,0,5,5,0,30
static_team,25,647,1,1,1,1,0,51
corpus_mesh,25,647,1,0,0,0,0,53
single,25,648,0,1,0,0,1,25
reflection,25,648,0,2,7,7,1,32
static_team,25,648,1,0,0,0,0,50
corpus_mesh,25,648,1,1,1,1,0,54
single,25,649,1,0,0,0,0,25
reflection,25,649,0,1,7,7,1,32
static_team,25,649,1,0,0,0,0,50
corpus_mesh,25,649,1,1,1,1,0,55
single,25,650,1,0,0,0,0,25
reflection,25,650,1,0,7,7,0,32
static_team,25,650,1,1,1,1,0,52
corpus_mesh,25,650,1,0,0,0,0,55
single,25,651,0,1,0,0,1,25
reflection,25,651,1,0,13,13,0,38
static_team,25,651,1,0,0,0,0,51
corpus_mesh,25,651,1,0,0,0,0,53
single,25,652,1,0,0,0,0,25
reflection,25,652,0,1,6,6,1,31
static_team,25,652,1,1,1,1,0,51
corpus_mesh,25,652,1,1,1,1,0,53
single,25,653,1,0,0,0,0,25
reflection,25,653,1,0,9,9,0,34
static_team,25,653,1,1,1,1,0,51
corpus_mesh,25,653,1,0,0,0,0,51
single,25,654,1,0,0,0,0,25
reflection,25,654,1,1,5,5,0,30
static_team,25,654,1,0,0,0,0,50
corpus_mesh,25,654,1,0,0,0,0,53
single,25,655,0,1,0,0,1,25
reflection,25,655,1,0,7,7,0,32
static_team,25,655,1,2,2,2,0,52
corpus_mesh,25,655,1,0,0,0,0,52
single,25,656,0,1,0,0,1,25
reflection,25,656,1,0,9,9,0,34
static_team,25,656,1,0,0,0,0,50
corpus_mesh,25,656,1,0,0,0,0,57
single,25,657,1,0,0,0,0,25
reflection,25,657,0,1,5,5,1,30
static_team,25,657,1,0,0,0,0,50
corpus_mesh,25,657,1,0,0,0,0,52
single,25,658,1,0,0,0,0,25
reflection,25,658,1,0,11,11,0,36
static_team,25,658,1,0,0,0,0,51
corpus_mesh,25,658,1,0,0,0,0,51
single,25,659,1,0,0,0,0,25
reflection,25,659,0,0,6,4,1,31
static_team,25,659,1,0,0,0,0,50
corpus_mesh,25,659,1,1,1,1,0,54
single,25,660,1,0,0,0,0,25
reflection,25,660,0,2,6,5,1,31
static_team,25,660,1,0,0,0,0,50
corpus_mesh,25,660,1,2,2,2,0,55
single,25,661,1,0,0,0,0,25
reflection,25,661,1,0,8,8,0,33
static_team,25,661,1,2,2,2,0,52
corpus_mesh,25,661,1,0,0,0,0,51
single,25,662,0,1,0,0,1,25
reflection,25,662,1,0,7,7,0,32
static_team,25,662,1,0,0,0,0,50
corpus_mesh,25,662,1,0,0,0,0,52
single,25,663,1,0,0,0,0,25
reflection,25,663,1,0,8,8,0,33
static_team,25,663,1,0,0,0,0,50
corpus_mesh,25,663,1,0,0,0,0,52
single,25,664,0,1,0,0,1,25
reflection,25,664,0,1,7,7,1,32
static_team,25,664,1,0,0,0,0,50
corpus_mesh,25,664,1,0,0,0,0,55
single,25,665,0,1,0,0,1,25
reflection,25,665,0,0,7,6,1,32
static_team,25,665,1,0,0,0,0,50
corpus_mesh,25,665,1,0,0,0,0,52
single,25,666,1,0,0,0,0,25
reflection,25,666,0,2,3,3,1,28
static_team,25,666,1,0,0,0,0,50
corpus_mesh,25,666,1,0,0,0,0,51
single,25,667,1,0,0,0,0,25
reflection,25,667,1,0,6,6,0,31
static_team,25,667,1,0,0,0,0,50
corpus_mesh,25,667,1,0,0,0,0,52
single,25,668,1,0,0,0,0,25
reflection,25,668,1,0,8,8,0,33
static_team,25,668,1,0,0,0,0,50
corpus_mesh,25,668,1,0,0,0,0,54
single,25,669,0,1,0,0,1,25
reflection,25,669,0,1,11,11,1,36
static_team,25,669,1,0,0,0,0,50
corpus_mesh,25,669,1,0,0,0,0,56
single,25,670,0,1,0,0,1,25
reflection,25,670,1,0,5,5,0,30
static_team,25,670,1,1,1,1,0,51
corpus_mesh,25,670,1,0,0,0,0,55
single,25,671,1,0,0,0,0,25
reflection,25,671,1,0,6,6,0,31
static_team,25,671,1,0,0,0,0,50
corpus_mesh,25,671,1,1,1,1,0,56
single,25,672,1,0,0,0,0,25
reflection,25,672,1,0,7,7,0,32
static_team,25,672,1,0,0,0,0,50
corpus_mesh,25,672,1,0,0,0,0,51
single,25,673,0,1,0,0,1,25
reflection,25,673,0,1,4,4,1,29
static_team,25,673,1,0,0,0,0,51
corpus_mesh,25,673,1,1,1,1,0,55
single,25,674,1,0,0,0,0,25
reflection,25,674,1,0,6,6,0,31
static_team,25,674,1,0,0,0,0,50
corpus_mesh,25,674,1,0,0,0,0,53
single,25,675,1,0,0,0,0,25
reflection,25,675,1,0,4,4,0,29
static_team,25,675,1,1,1,1,0,51
corpus_mesh,25,675,1,0,0,0,0,54
single,25,676,1,0,0,0,0,25
reflection,25,676,0,2,5,5,1,30
static_team,25,676,1,0,0,0,0,50
corpus_mesh,25,676,1,0,0,0,0,52
single,25,677,1,0,0,0,0,25
reflection,25,677,0,2,7,7,1,32
static_team,25,677,1,0,0,0,0,50
corpus_mesh,25,677,1,0,0,0,0,55
single,25,678,1,0,0,0,0,25
reflection,25,678,1,0,6,6,0,31
static_team,25,678,1,0,0,0,0,50
corpus_mesh,25,678,1,0,0,0,0,55
single,25,679,1,0,0,0,0,25
reflection,25,679,0,0,10,9,1,35
static_team,25,679,1,0,0,0,0,50
corpus_mesh,25,679,1,0,0,0,0,59
single,25,680,1,0,0,0,0,25
reflection,25,680,1,0,6,6,0,31
static_team,25,680,1,0,0,0,0,50
corpus_mesh,25,680,1,0,0,0,0,50
single,25,681,0,1,0,0,1,25
reflection,25,681,0,1,6,6,1,31
static_team,25,681,1,1,1,1,0,51
corpus_mesh,25,681,1,0,0,0,0,51
single,25,682,1,0,0,0,0,25
reflection,25,682,1,2,4,4,0,29
static_team,25,682,1,0,0,0,0,51
corpus_mesh,25,682,1,1,1,1,0,55
single,25,683,0,1,0,0,1,25
reflection,25,683,1,1,9,9,0,34
static_team,25,683,1,0,0,0,0,50
corpus_mesh,25,683,1,2,2,2,0,55
single,25,684,1,0,0,0,0,25
reflection,25,684,1,1,4,4,0,29
static_team,25,684,1,1,1,1,0,51
corpus_mesh,25,684,1,0,0,0,0,53
single,25,685,1,0,0,0,0,25
reflection,25,685,1,0,4,4,0,29
static_team,25,685,1,0,0,0,0,50
corpus_mesh,25,685,1,0,0,0,0,52
single,25,686,1,0,0,0,0,25
reflection,25,686,1,0,7,7,0,32
static_team,25,686,1,1,1,1,0,51
corpus_mesh,25,686,1,0,0,0,0,51
single,25,687,1,0,0,0,0,25
reflection,25,687,1,0,5,5,0,30
static_team,25,687,1,1,1,1,0,51
corpus_mesh,25,687,1,0,0,0,0,53
single,25,688,0,1,0,0,1,25
reflection,25,688,0,3,6,6,1,31
static_team,25,688,1,1,1,1,0,51
corpus_mesh,25,688,1,0,0,0,0,53
single,25,689,1,0,0,0,0,25
reflection,25,689,1,0,4,4,0,29
static_team,25,689,1,0,0,0,0,50
corpus_mesh,25,689,1,0,0,0,0,51
single,25,690,1,0,0,0,0,25
reflection,25,690,0,0,7,6,1,32
static_team,25,690,1,1,1,1,0,51
corpus_mesh,25,690,1,0,0,0,0,53
single,25,691,1,0,0,0,0,25
reflection,25,691,0,1,5,5,1,30
static_team,25,691,1,1,1,1,0,51
corpus_mesh,25,691,1,1,1,1,0,53
single,25,692,1,0,0,0,0,25
reflection,25,692,1,1,7,7,0,32
static_team,25,692,1,1,1,1,0,51
corpus_mesh,25,692,1,3,3,3,0,59
single,25,693,1,0,0,0,0,25
reflection,25,693,0,1,6,6,1,31
static_team,25,693,1,1,1,1,0,51
corpus_mesh,25,693,1,1,1,1,0,56
single,25,694,1,0,0,0,0,25
reflection,25,694,1,0,8,8,0,33
static_team,25,694,1,0,0,0,0,50
corpus_mesh,25,694,1,0,0,0,0,54
single,25,695,1,0,0,0,0,25
reflection,25,695,0,2,8,8,1,33
static_team,25,695,1,0,0,0,0,50
corpus_mesh,25,695,1,1,1,1,0,56
single,25,696,1,0,0,0,0,25
reflection,25,696,1,0,3,3,0,28
static_team,25,696,1,1,1,1,0,52
corpus_mesh,25,696,1,0,0,0,0,51
single,25,697,1,0,0,0,0,25
reflection,25,697,0,1,6,6,1,31
static_team,25,697,1,0,0,0,0,50
corpus_mesh,25,697,1,0,0,0,0,51
single,25,698,1,0,0,0,0,25
reflection,25,698,1,0,5,5,0,30
static_team,25,698,1,2,2,2,0,52
corpus_mesh,25,698,1,0,0,0,0,52
single,25,699,1,0,0,0,0,25
reflection,25,699,1,0,5,5,0,30
static_team,25,699,1,1,1,1,0,51
corpus_mesh,25,699,1,0,0,0,0,52
single,25,700,1,0,0,0,0,25
reflection,25,700,1,2,7,7,0,32
static_team,25,700,1,0,0,0,0,51
corpus_mesh,25,700,1,0,0,0,0,53
single,25,701,1,0,0,0,0,25
reflection,25,701,1,0,10,10,0,35
static_team,25,701,1,0,0,0,0,50
corpus_mesh,25,701,1,0,0,0,0,51
single,25,702,1,0,0,0,0,25
reflection,25,702,0,0,7,6,1,32
static_team,25,702,1,1,1,1,0,51
corpus_mesh,25,702,1,0,0,0,0,56
single,25,703,1,0,0,0,0,25
reflection,25,703,1,1,6,6,0,31
static_team,25,703,1,0,0,0,0,50
corpus_mesh,25,703,1,0,0,0,0,55
single,25,704,0,3,0,0,1,25
reflection,25,704,1,0,6,6,0,31
static_team,25,704,1,0,0,0,0,51
corpus_mesh,25,704,1,1,1,1,0,56
single,25,705,1,0,0,0,0,25
reflection,25,705,0,2,7,7,1,32
static_team,25,705,1,0,0,0,0,51
corpus_mesh,25,705,1,0,0,0,0,52
single,25,706,1,0,0,0,0,25
reflection,25,706,1,0,9,9,0,34
static_team,25,706,1,0,0,0,0,50
corpus_mesh,25,706,1,0,0,0,0,53
single,25,707,0,2,0,0,1,25
reflection,25,707,1,0,7,7,0,32
static_team,25,707,1,0,0,0,0,51
corpus_mesh,25,707,1,0,0,0,0,51
single,25,708,1,0,0,0,0,25
reflection,25,708,1,1,6,6,0,31
static_team,25,708,1,0,0,0,0,51
corpus_mesh,25,708,1,0,0,0,0,53
single,25,709,1,2,0,0,0,25
reflection,25,709,1,0,8,8,0,33
static_team,25,709,1,1,1,1,0,51
corpus_mesh,25,709,1,0,0,0,0,51
single,25,710,1,0,0,0,0,25
reflection,25,710,1,0,11,11,0,36
static_team,25,710,1,2,2,2,0,52
corpus_mesh,25,710,1,0,0,0,0,52
single,25,711,1,0,0,0,0,25
reflection,25,711,0,2,4,4,1,29
static_team,25,711,1,0,0,0,0,50
corpus_mesh,25,711,1,0,0,0,0,54
single,25,712,1,0,0,0,0,25
reflection,25,712,1,0,10,10,0,35
static_team,25,712,1,0,0,0,0,50
corpus_mesh,25,712,1,0,0,0,0,52
single,25,713,1,0,0,0,0,25
reflection,25,713,1,1,9,9,0,34
static_team,25,713,1,0,0,0,0,50
corpus_mesh,25,713,1,0,0,0,0,52
single,25,714,1,0,0,0,0,25
reflection,25,714,1,0,7,7,0,32
static_team,25,714,1,0,0,0,0,50
corpus_mesh,25,714,1,1,1,1,0,56
single,25,715,1,0,0,0,0,25
reflection,25,715,1,0,4,4,0,29
static_team,25,715,1,0,0,0,0,50
corpus_mesh,25,715,1,0,0,0,0,52
single,25,716,0,1,0,0,1,25
reflection,25,716,0,0,7,6,1,32
static_team,25,716,1,0,0,0,0,50
corpus_mesh,25,716,1,0,0,0,0,51
single,25,717,1,0,0,0,0,25
reflection,25,717,1,0,5,5,0,30
static_team,25,717,1,0,0,0,0,50
corpus_mesh,25,717,1,1,1,1,0,55
single,25,718,0,1,0,0,1,25
reflection,25,718,1,0,7,7,0,32
static_team,25,718,1,0,0,0,0,50
corpus_mesh,25,718,1,0,0,0,0,54
single,25,719,1,0,0,0,0,25
reflection,25,719,1,0,5,5,0,30
static_team,25,719,1,0,0,0,0,51
corpus_mesh,25,719,1,0,0,0,0,50
single,25,720,1,0,0,0,0,25
reflection,25,720,0,1,5,5,1,30
static_team,25,720,1,0,0,0,0,50
corpus_mesh,25,720,1,0,0,0,0,51
single,25,721,0,2,0,0,1,25
reflection,25,721,1,0,7,7,0,32
static_team,25,721,1,1,1,1,0,51
corpus_mesh,25,721,1,0,0,0,0,55
single,25,722,1,0,0,0,0,25
reflection,25,722,1,0,6,6,0,31
static_team,25,722,1,0,0,0,0,50
corpus_mesh,25,722,1,0,0,0,0,51
single,25,723,1,0,0,0,0,25
reflection,25,723,1,0,7,7,0,32
static_team,25,723,1,1,1,1,0,51
corpus_mesh,25,723,1,1,1,1,0,54
single,25,724,1,0,0,0,0,25
reflection,25,724,1,0,4,4,0,29
static_team,25,724,1,0,0,0,0,50
corpus_mesh,25,724,1,1,1,1,0,54
single,25,725,1,0,0,0,0,25
reflection,25,725,0,1,4,4,1,29
static_team,25,725,1,0,0,0,0,50
corpus_mesh,25,725,1,0,0,0,0,50
single,25,726,1,0,0,0,0,25
reflection,25,726,1,0,7,7,0,32
static_team,25,726,1,0,0,0,0,50
corpus_mesh,25,726,1,0,0,0,0,55
single,25,727,1,0,0,0,0,25
reflection,25,727,1,0,7,7,0,32
static_team,25,727,1,0,0,0,0,50
corpus_mesh,25,727,1,1,1,1,0,54
single,25,728,0,1,0,0,1,25
reflection,25,728,0,1,6,6,1,31
static_team,25,728,1,0,0,0,0,50
corpus_mesh,25,728,1,0,0,0,0,55
single,25,729,1,0,0,0,0,25
reflection,25,729,1,0,6,6,0,31
static_team,25,729,1,0,0,0,0,50
corpus_mesh,25,729,1,0,0,0,0,53
single,25,730,0,1,0,0,1,25
reflection,25,730,1,0,6,6,0,31
static_team,25,730,1,0,0,0,0,50
corpus_mesh,25,730,1,0,0,0,0,52
single,25,731,0,1,0,0,1,25
reflection,25,731,0,1,7,7,1,32
static_team,25,731,1,0,0,0,0,50
corpus_mesh,25,731,1,1,1,1,0,56
single,25,732,1,0,0,0,0,25
reflection,25,732,1,0,6,6,0,31
static_team,25,732,1,1,1,1,0,51
corpus_mesh,25,732,1,0,0,0,0,51
single,25,733,1,0,0,0,0,25
reflection,25,733,1,0,8,8,0,33
static_team,25,733,1,2,2,2,0,52
corpus_mesh,25,733,1,0,0,0,0,54
single,25,734,0,2,0,0,1,25
reflection,25,734,0,2,13,13,1,38
static_team,25,734,1,0,0,0,0,50
corpus_mesh,25,734,1,0,0,0,0,50
single,25,735,0,1,0,0,1,25
reflection,25,735,1,0,8,8,0,33
static_team,25,735,1,0,0,0,0,50
corpus_mesh,25,735,1,0,0,0,0,54
single,25,736,1,0,0,0,0,25
reflection,25,736,0,1,9,9,1,34
static_team,25,736,1,0,0,0,0,50
corpus_mesh,25,736,1,0,0,0,0,53
single,25,737,1,0,0,0,0,25
reflection,25,737,0,0,6,5,1,31
static_team,25,737,1,0,0,0,0,50
corpus_mesh,25,737,1,2,2,2,0,56
single,25,738,1,0,0,0,0,25
reflection,25,738,1,2,7,7,0,32
static_team,25,738,1,0,0,0,0,50
corpus_mesh,25,738,1,0,0,0,0,51
single,25,739,1,0,0,0,0,25
reflection,25,739,1,0,5,5,0,30
static_team,25,739,1,0,0,0,0,50
corpus_mesh,25,739,1,0,0,0,0,52
single,25,740,0,2,0,0,1,25
reflection,25,740,1,1,5,5,0,30
static_team,25,740,1,0,0,0,0,51
corpus_mesh,25,740,1,1,1,1,0,55
single,25,741,1,0,0,0,0,25
reflection,25,741,0,1,6,6,1,31
static_team,25,741,1,1,1,1,0,51
corpus_mesh,25,741,1,0,0,0,0,50
single,25,742,0,2,0,0,1,25
reflection,25,742,1,1,7,7,0,32
static_team,25,742,1,2,2,2,0,52
corpus_mesh,25,742,1,1,1,1,0,54
single,25,743,1,0,0,0,0,25
reflection,25,743,0,1,8,8,1,33
static_team,25,743,1,1,1,1,0,51
corpus_mesh,25,743,1,0,0,0,0,54
single,25,744,1,0,0,0,0,25
reflection,25,744,1,0,3,3,0,28
static_team,25,744,1,0,0,0,0,50
corpus_mesh,25,744,1,2,2,2,0,55
single,25,745,0,1,0,0,1,25
reflection,25,745,1,0,7,7,0,32
static_team,25,745,1,1,1,1,0,51
corpus_mesh,25,745,1,0,0,0,0,54
single,25,746,1,0,0,0,0,25
reflection,25,746,0,1,9,9,1,34
static_team,25,746,1,0,0,0,0,50
corpus_mesh,25,746,1,0,0,0,0,54
single,25,747,1,0,0,0,0,25
reflection,25,747,1,0,3,3,0,28
static_team,25,747,1,0,0,0,0,50
corpus_mesh,25,747,1,0,0,0,0,53
single,25,748,0,2,0,0,1,25
reflection,25,748,0,2,5,5,1,30
static_team,25,748,1,0,0,0,0,50
corpus_mesh,25,748,1,0,0,0,0,52
single,25,749,0,1,0,0,1,25
reflection,25,749,0,0,8,7,1,33
static_team,25,749,1,0,0,0,0,50
corpus_mesh,25,749,1,0,0,0,0,51
single,25,750,1,0,0,0,0,25
reflection,25,750,1,0,11,11,0,36
static_team,25,750,1,0,0,0,0,50
corpus_mesh,25,750,1,0,0,0,0,51
single,25,751,1,0,0,0,0,25
reflection,25,751,1,0,9,9,0,34
static_team,25,751,1,0,0,0,0,50
corpus_mesh,25,751,1,1,1,1,0,52
single,25,752,1,0,0,0,0,25
reflection,25,752,1,1,6,6,0,31
static_team,25,752,1,0,0,0,0,50
corpus_mesh,25,752,1,0,0,0,0,53
single,25,753,1,0,0,0,0,25
reflection,25,753,1,0,10,10,0,35
static_team,25,753,1,0,0,0,0,50
corpus_mesh,25,753,1,1,1,1,0,55
single,25,754,0,1,0,0,1,25
reflection,25,754,1,0,5,5,0,30
static_team,25,754,1,1,1,1,0,51
corpus_mesh,25,754,1,0,0,0,0,50
single,25,755,1,0,0,0,0,25
reflection,25,755,1,0,5,5,0,30
static_team,25,755,1,0,0,0,0,50
corpus_mesh,25,755,1,0,0,0,0,52
single,25,756,1,0,0,0,0,25
reflection,25,756,1,0,5,5,0,30
static_team,25,756,1,0,0,0,0,50
corpus_mesh,25,756,1,2,2,2,0,61
single,25,757,0,1,0,0,1,25
reflection,25,757,1,0,5,5,0,30
static_team,25,757,1,0,0,0,0,50
corpus_mesh,25,757,1,0,0,0,0,55
single,25,758,1,0,0,0,0,25
reflection,25,758,1,0,5,5,0,30
static_team,25,758,1,0,0,0,0,50
corpus_mesh,25,758,1,0,0,0,0,52
single,25,759,0,2,0,0,1,25
reflection,25,759,0,0,7,6,1,32
static_team,25,759,1,0,0,0,0,50
corpus_mesh,25,759,1,0,0,0,0,51
single,25,760,0,3,0,0,1,25
reflection,25,760,0,1,7,5,1,32
static_team,25,760,1,0,0,0,0,50
corpus_mesh,25,760,1,0,0,0,0,52
single,25,761,1,0,0,0,0,25
reflection,25,761,1,0,10,10,0,35
static_team,25,761,1,0,0,0,0,51
corpus_mesh,25,761,1,1,1,1,0,53
single,25,762,1,0,0,0,0,25
reflection,25,762,1,0,7,7,0,32
static_team,25,762,1,0,0,0,0,50
corpus_mesh,25,762,1,0,0,0,0,51
single,25,763,1,0,0,0,0,25
reflection,25,763,1,0,5,5,0,30
static_team,25,763,1,0,0,0,0,50
corpus_mesh,25,763,1,0,0,0,0,50
single,25,764,1,0,0,0,0,25
reflection,25,764,1,0,8,8,0,33
static_team,25,764,1,1,1,1,0,51
corpus_mesh,25,764,1,0,0,0,0,52
single,25,765,1,0,0,0,0,25
reflection,25,765,1,0,5,5,0,30
static_team,25,765,1,0,0,0,0,50
corpus_mesh,25,765,1,1,1,1,0,53
single,25,766,0,1,0,0,1,25
reflection,25,766,0,0,6,5,1,31
static_team,25,766,1,0,0,0,0,50
corpus_mesh,25,766,1,0,0,0,0,58
single,25,767,1,0,0,0,0,25
reflection,25,767,0,1,7,7,1,32
static_team,25,767,1,1,1,1,0,51
corpus_mesh,25,767,1,0,0,0,0,52
single,25,768,1,0,0,0,0,25
reflection,25,768,1,0,6,6,0,31
static_team,25,768,1,0,0,0,0,50
corpus_mesh,25,768,1,0,0,0,0,52
single,25,769,0,1,0,0,1,25
reflection,25,769,1,0,7,7,0,32
static_team,25,769,1,0,0,0,0,50
corpus_mesh,25,769,1,0,0,0,0,53
single,25,770,1,0,0,0,0,25
reflection,25,770,1,0,9,9,0,34
static_team,25,770,1,0,0,0,0,50
corpus_mesh,25,770,1,0,0,0,0,56
single,25,771,1,0,0,0,0,25
reflection,25,771,0,1,9,9,1,34
static_team,25,771,1,0,0,0,0,50
corpus_mesh,25,771,1,0,0,0,0,51
single,25,772,1,0,0,0,0,25
reflection,25,772,1,0,3,3,0,28
static_team,25,772,1,0,0,0,0,50
corpus_mesh,25,772,1,0,0,0,0,53
single,25,773,0,1,0,0,1,25
reflection,25,773,1,1,11,11,0,36
static_team,25,773,1,1,1,1,0,51
corpus_mesh,25,773,1,3,3,3,0,57
single,25,774,1,0,0,0,0,25
reflection,25,774,1,0,2,2,0,27
static_team,25,774,1,1,1,1,0,51
corpus_mesh,25,774,1,2,2,2,0,56
single,25,775,1,0,0,0,0,25
reflection,25,775,0,0,12,11,1,37
static_team,25,775,1,0,0,0,0,50
corpus_mesh,25,775,1,2,2,2,0,57
single,25,776,0,1,0,0,1,25
reflection,25,776,1,0,9,9,0,34
static_team,25,776,1,0,0,0,0,50
corpus_mesh,25,776,1,0,0,0,0,50
single,25,777,0,1,0,0,1,25
reflection,25,777,1,0,7,7,0,32
static_team,25,777,1,1,1,1,0,51
corpus_mesh,25,777,1,1,1,1,0,56
single,25,778,1,0,0,0,0,25
reflection,25,778,1,0,6,6,0,31
static_team,25,778,1,0,0,0,0,50
corpus_mesh,25,778,1,0,0,0,0,54
single,25,779,1,0,0,0,0,25
reflection,25,779,1,0,4,4,0,29
static_team,25,779,1,0,0,0,0,50
corpus_mesh,25,779,1,0,0,0,0,51
single,25,780,1,0,0,0,0,25
reflection,25,780,1,0,9,9,0,34
static_team,25,780,0,0,0,0,1,51
corpus_mesh,25,780,1,0,0,0,0,50
single,25,781,0,1,0,0,1,25
reflection,25,781,1,0,5,5,0,30
static_team,25,781,1,1,1,1,0,51
corpus_mesh,25,781,1,0,0,0,0,54
single,25,782,0,2,0,0,1,25
reflection,25,782,0,2,7,7,1,32
static_team,25,782,1,0,0,0,0,50
corpus_mesh,25,782,1,0,0,0,0,55
single,25,783,0,1,0,0,1,25
reflection,25,783,0,2,12,12,1,37
static_team,25,783,1,0,0,0,0,50
corpus_mesh,25,783,1,1,1,1,0,54
single,25,784,0,1,0,0,1,25
reflection,25,784,1,0,11,11,0,36
static_team,25,784,1,0,0,0,0,50
corpus_mesh,25,784,1,0,0,0,0,52
single,25,785,1,0,0,0,0,25
reflection,25,785,1,0,10,10,0,35
static_team,25,785,1,0,0,0,0,51
corpus_mesh,25,785,1,1,1,1,0,55
single,25,786,1,0,0,0,0,25
reflection,25,786,1,0,5,5,0,30
static_team,25,786,1,0,0,0,0,50
corpus_mesh,25,786,1,0,0,0,0,51
single,25,787,1,0,0,0,0,25
reflection,25,787,1,0,7,7,0,32
static_team,25,787,1,2,2,2,0,52
corpus_mesh,25,787,1,0,0,0,0,53
single,25,788,0,3,0,0,1,25
reflection,25,788,1,0,6,6,0,31
static_team,25,788,1,0,0,0,0,50
corpus_mesh,25,788,1,1,1,1,0,53
single,25,789,1,0,0,0,0,25
reflection,25,789,1,0,3,3,0,28
static_team,25,789,1,0,0,0,0,50
corpus_mesh,25,789,1,0,0,0,0,52
single,25,790,0,1,0,0,1,25
reflection,25,790,1,0,12,12,0,37
static_team,25,790,1,1,1,1,0,51
corpus_mesh,25,790,1,0,0,0,0,53
single,25,791,0,1,0,0,1,25
reflection,25,791,0,1,7,7,1,32
static_team,25,791,1,0,0,0,0,50
corpus_mesh,25,791,1,1,1,1,0,53
single,25,792,0,1,0,0,1,25
reflection,25,792,0,2,7,7,1,32
static_team,25,792,1,1,1,1,0,52
corpus_mesh,25,792,1,1,1,1,0,52
single,25,793,0,1,0,0,1,25
reflection,25,793,0,1,7,6,1,32
static_team,25,793,1,0,0,0,0,50
corpus_mesh,25,793,1,0,0,0,0,51
single,25,794,1,0,0,0,0,25
reflection,25,794,1,0,6,6,0,31
static_team,25,794,1,1,1,1,0,51
corpus_mesh,25,794,1,0,0,0,0,54
single,25,795,0,2,0,0,1,25
reflection,25,795,0,2,7,7,1,32
static_team,25,795,1,0,0,0,0,50
corpus_mesh,25,795,1,0,0,0,0,50
single,25,796,1,0,0,0,0,25
reflection,25,796,0,1,10,10,1,35
static_team,25,796,1,0,0,0,0,50
corpus_mesh,25,796,1,0,0,0,0,52
single,25,797,0,1,0,0,1,25
reflection,25,797,1,0,8,8,0,33
static_team,25,797,1,0,0,0,0,50
corpus_mesh,25,797,1,1,1,1,0,54
single,25,798,1,0,0,0,0,25
reflection,25,798,1,1,8,8,0,33
static_team,25,798,1,0,0,0,0,50
corpus_mesh,25,798,1,1,1,1,0,54
single,25,799,1,0,0,0,0,25
reflection,25,799,1,0,4,4,0,29
static_team,25,799,1,0,0,0,0,50
corpus_mesh,25,799,1,0,0,0,0,53
single,25,800,0,1,0,0,1,25
reflection,25,800,1,0,9,9,0,34
static_team,25,800,1,0,0,0,0,50
corpus_mesh,25,800,1,1,1,1,0,54
single,25,801,1,0,0,0,0,25
reflection,25,801,1,0,11,11,0,36
static_team,25,801,1,1,1,1,0,51
corpus_mesh,25,801,1,1,1,1,0,54
single,25,802,0,1,0,0,1,25
reflection,25,802,1,0,9,9,0,34
static_team,25,802,1,0,0,0,0,50
corpus_mesh,25,802,1,0,0,0,0,52
single,25,803,0,1,0,0,1,25
reflection,25,803,0,1,3,3,1,28
static_team,25,803,1,1,1,1,0,51
corpus_mesh,25,803,1,0,0,0,0,54
single,25,804,1,0,0,0,0,25
reflection,25,804,0,1,4,4,1,29
static_team,25,804,1,0,0,0,0,50
corpus_mesh,25,804,1,0,0,0,0,52
single,25,805,0,2,0,0,1,25
reflection,25,805,1,0,7,7,0,32
static_team,25,805,1,0,0,0,0,50
corpus_mesh,25,805,1,0,0,0,0,55
single,25,806,1,0,0,0,0,25
reflection,25,806,1,0,9,9,0,34
static_team,25,806,1,2,2,2,0,52
corpus_mesh,25,806,1,0,0,0,0,53
single,25,807,1,0,0,0,0,25
reflection,25,807,1,0,7,7,0,32
static_team,25,807,1,0,0,0,0,50
corpus_mesh,25,807,1,0,0,0,0,53
single,25,808,1,0,0,0,0,25
reflection,25,808,1,0,4,4,0,29
static_team,25,808,1,0,0,0,0,50
corpus_mesh,25,808,1,0,0,0,0,56
single,25,809,1,0,0,0,0,25
reflection,25,809,1,0,9,9,0,34
static_team,25,809,1,0,0,0,0,50
corpus_mesh,25,809,1,0,0,0,0,51
single,25,810,1,0,0,0,0,25
reflection,25,810,1,0,7,7,0,32
static_team,25,810,1,0,0,0,0,50
corpus_mesh,25,810,1,0,0,0,0,52
single,25,811,0,2,0,0,1,25
reflection,25,811,1,0,6,6,0,31
static_team,25,811,1,1,1,1,0,52
corpus_mesh,25,811,1,0,0,0,0,55
single,25,812,1,0,0,0,0,25
reflection,25,812,1,0,1,1,0,26
static_team,25,812,1,0,0,0,0,50
corpus_mesh,25,812,1,1,1,1,0,55
single,25,813,1,0,0,0,0,25
reflection,25,813,0,0,9,8,1,34
static_team,25,813,1,0,0,0,0,50
corpus_mesh,25,813,1,0,0,0,0,51
single,25,814,1,0,0,0,0,25
reflection,25,814,1,1,10,10,0,35
static_team,25,814,1,0,0,0,0,50
corpus_mesh,25,814,1,0,0,0,0,51
single,25,815,1,0,0,0,0,25
reflection,25,815,1,0,6,6,0,31
static_team,25,815,1,1,1,1,0,51
corpus_mesh,25,815,1,0,0,0,0,52
single,25,816,1,0,0,0,0,25
reflection,25,816,1,0,5,5,0,30
static_team,25,816,1,0,0,0,0,50
corpus_mesh,25,816,1,0,0,0,0,51
single,25,817,1,0,0,0,0,25
reflection,25,817,1,1,8,8,0,33
static_team,25,817,1,0,0,0,0,50
corpus_mesh,25,817,1,0,0,0,0,54
single,25,818,1,0,0,0,0,25
reflection,25,818,1,0,5,5,0,30
static_team,25,818,1,0,0,0,0,50
corpus_mesh,25,818,1,0,0,0,0,53
single,25,819,1,0,0,0,0,25
reflection,25,819,1,0,5,5,0,30
static_team,25,819,1,0,0,0,0,50
corpus_mesh,25,819,1,1,1,1,0,52
single,25,820,0,1,0,0,1,25
reflection,25,820,1,0,7,7,0,32
static_team,25,820,1,0,0,0,0,50
corpus_mesh,25,820,0,0,0,0,1,57
single,25,821,1,0,0,0,0,25
reflection,25,821,1,0,4,4,0,29
static_team,25,821,1,0,0,0,0,51
corpus_mesh,25,821,1,0,0,0,0,54
single,25,822,1,0,0,0,0,25
reflection,25,822,1,0,5,5,0,30
static_team,25,822,1,0,0,0,0,51
corpus_mesh,25,822,1,0,0,0,0,52
single,25,823,1,0,0,0,0,25
reflection,25,823,1,1,7,7,0,32
static_team,25,823,1,3,3,3,0,53
corpus_mesh,25,823,1,1,1,1,0,57
single,25,824,1,0,0,0,0,25
reflection,25,824,0,1,4,4,1,29
static_team,25,824,1,2,2,2,0,52
corpus_mesh,25,824,1,0,0,0,0,51
single,25,825,0,1,0,0,1,25
reflection,25,825,1,0,7,7,0,32
static_team,25,825,1,2,2,2,0,52
corpus_mesh,25,825,1,1,1,1,0,55
single,25,826,1,0,0,0,0,25
reflection,25,826,1,0,2,2,0,27
static_team,25,826,1,0,0,0,0,50
corpus_mesh,25,826,1,2,2,2,0,56
single,25,827,1,0,0,0,0,25
reflection,25,827,0,1,7,7,1,32
static_team,25,827,1,1,1,1,0,51
corpus_mesh,25,827,1,0,0,0,0,52
single,25,828,1,0,0,0,0,25
reflection,25,828,1,0,9,9,0,34
static_team,25,828,1,0,0,0,0,50
corpus_mesh,25,828,1,0,0,0,0,53
single,25,829,1,0,0,0,0,25
reflection,25,829,1,0,8,8,0,33
static_team,25,829,1,0,0,0,0,50
corpus_mesh,25,829,1,0,0,0,0,52
single,25,830,1,0,0,0,0,25
reflection,25,830,1,0,4,4,0,29
static_team,25,830,1,0,0,0,0,50
corpus_mesh,25,830,1,0,0,0,0,52
single,25,831,0,1,0,0,1,25
reflection,25,831,0,1,8,8,1,33
static_team,25,831,1,0,0,0,0,50
corpus_mesh,25,831,1,0,0,0,0,55
single,25,832,1,0,0,0,0,25
reflection,25,832,1,0,7,7,0,32
static_team,25,832,1,0,0,0,0,50
corpus_mesh,25,832,1,0,0,0,0,51
single,25,833,1,0,0,0,0,25
reflection,25,833,1,0,9,9,0,34
static_team,25,833,1,1,1,1,0,52
corpus_mesh,25,833,1,0,0,0,0,51
single,25,834,0,1,0,0,1,25
reflection,25,834,0,1,7,7,1,32
static_team,25,834,1,0,0,0,0,50
corpus_mesh,25,834,1,1,1,1,0,53
single,25,835,1,0,0,0,0,25
reflection,25,835,1,0,2,2,0,27
static_team,25,835,1,1,1,1,0,51
corpus_mesh,25,835,1,1,1,1,0,56
single,25,836,0,1,0,0,1,25
reflection,25,836,1,0,7,7,0,32
static_team,25,836,1,0,0,0,0,50
corpus_mesh,25,836,1,0,0,0,0,52
single,25,837,0,1,0,0,1,25
reflection,25,837,1,2,7,7,0,32
static_team,25,837,1,0,0,0,0,50
corpus_mesh,25,837,1,0,0,0,0,52
single,25,838,0,1,0,0,1,25
reflection,25,838,1,0,4,4,0,29
static_team,25,838,1,1,1,1,0,52
corpus_mesh,25,838,1,0,0,0,0,54
single,25,839,1,0,0,0,0,25
reflection,25,839,1,0,5,5,0,30
static_team,25,839,1,0,0,0,0,50
corpus_mesh,25,839,1,0,0,0,0,53
single,25,840,0,1,0,0,1,25
reflection,25,840,0,1,9,9,1,34
static_team,25,840,1,0,0,0,0,50
corpus_mesh,25,840,1,0,0,0,0,54
single,25,841,0,1,0,0,1,25
reflection,25,841,0,1,7,7,1,32
static_team,25,841,1,1,1,1,0,51
corpus_mesh,25,841,1,0,0,0,0,51
single,25,842,0,1,0,0,1,25
reflection,25,842,0,1,9,9,1,34
static_team,25,842,1,1,1,1,0,51
corpus_mesh,25,842,1,0,0,0,0,55
single,25,843,0,1,0,0,1,25
reflection,25,843,1,0,6,6,0,31
static_team,25,843,1,0,0,0,0,50
corpus_mesh,25,843,1,0,0,0,0,53
single,25,844,1,0,0,0,0,25
reflection,25,844,0,1,4,4,1,29
static_team,25,844,1,0,0,0,0,50
corpus_mesh,25,844,1,1,1,1,0,53
single,25,845,1,0,0,0,0,25
reflection,25,845,1,0,4,4,0,29
static_team,25,845,1,0,0,0,0,50
corpus_mesh,25,845,1,0,0,0,0,52
single,25,846,0,1,0,0,1,25
reflection,25,846,1,0,10,10,0,35
static_team,25,846,1,0,0,0,0,50
corpus_mesh,25,846,1,0,0,0,0,51
single,25,847,1,0,0,0,0,25
reflection,25,847,1,0,10,10,0,35
static_team,25,847,1,1,1,1,0,51
corpus_mesh,25,847,1,0,0,0,0,52
single,25,848,0,2,0,0,1,25
reflection,25,848,1,0,8,8,0,33
static_team,25,848,1,1,1,1,0,51
corpus_mesh,25,848,1,0,0,0,0,52
single,25,849,0,1,0,0,1,25
reflection,25,849,1,0,4,4,0,29
static_team,25,849,1,0,0,0,0,50
corpus_mesh,25,849,1,0,0,0,0,51
single,25,850,1,0,0,0,0,25
reflection,25,850,1,0,7,7,0,32
static_team,25,850,1,1,1,1,0,51
corpus_mesh,25,850,1,0,0,0,0,52
single,25,851,1,0,0,0,0,25
reflection,25,851,1,1,8,8,0,33
static_team,25,851,1,1,1,1,0,51
corpus_mesh,25,851,1,2,2,2,0,55
single,25,852,0,1,0,0,1,25
reflection,25,852,1,0,7,7,0,32
static_team,25,852,1,0,0,0,0,50
corpus_mesh,25,852,1,0,0,0,0,54
single,25,853,1,0,0,0,0,25
reflection,25,853,1,1,9,9,0,34
static_team,25,853,1,0,0,0,0,50
corpus_mesh,25,853,1,0,0,0,0,53
single,25,854,1,0,0,0,0,25
reflection,25,854,1,0,8,8,0,33
static_team,25,854,1,0,0,0,0,50
corpus_mesh,25,854,1,1,1,1,0,55
single,25,855,1,0,0,0,0,25
reflection,25,855,1,0,7,7,0,32
static_team,25,855,1,0,0,0,0,50
corpus_mesh,25,855,1,0,0,0,0,53
single,25,856,1,0,0,0,0,25
reflection,25,856,0,1,11,10,1,36
static_team,25,856,1,0,0,0,0,50
corpus_mesh,25,856,1,0,0,0,0,51
single,25,857,1,0,0,0,0,25
reflection,25,857,1,0,8,8,0,33
static_team,25,857,1,0,0,0,0,50
corpus_mesh,25,857,1,0,0,0,0,56
single,25,858,1,0,0,0,0,25
reflection,25,858,1,0,8,8,0,33
static_team,25,858,1,0,0,0,0,50
corpus_mesh,25,858,1,0,0,0,0,53
single,25,859,0,1,0,0,1,25
reflection,25,859,1,0,3,3,0,28
static_team,25,859,1,0,0,0,0,50
corpus_mesh,25,859,1,0,0,0,0,53
single,25,860,0,2,0,0,1,25
reflection,25,860,1,0,6,6,0,31
static_team,25,860,1,0,0,0,0,50
corpus_mesh,25,860,1,1,1,1,0,55
single,25,861,1,0,0,0,0,25
reflection,25,861,0,1,5,5,1,30
static_team,25,861,1,0,0,0,0,50
corpus_mesh,25,861,1,0,0,0,0,52
single,25,862,1,0,0,0,0,25
reflection,25,862,1,0,8,8,0,33
static_team,25,862,1,1,1,1,0,52
corpus_mesh,25,862,1,0,0,0,0,51
single,25,863,1,0,0,0,0,25
reflection,25,863,1,0,7,7,0,32
static_team,25,863,1,0,0,0,0,50
corpus_mesh,25,863,1,0,0,0,0,53
single,25,864,1,0,0,0,0,25
reflection,25,864,1,0,9,9,0,34
static_team,25,864,1,0,0,0,0,50
corpus_mesh,25,864,1,0,0,0,0,51
single,25,865,1,0,0,0,0,25
reflection,25,865,0,0,7,6,1,32
static_team,25,865,1,0,0,0,0,50
corpus_mesh,25,865,1,0,0,0,0,53
single,25,866,1,0,0,0,0,25
reflection,25,866,1,0,8,8,0,33
static_team,25,866,1,0,0,0,0,50
corpus_mesh,25,866,1,0,0,0,0,53
single,25,867,1,0,0,0,0,25
reflection,25,867,1,0,8,8,0,33
static_team,25,867,1,0,0,0,0,51
corpus_mesh,25,867,1,0,0,0,0,52
single,25,868,1,0,0,0,0,25
reflection,25,868,1,0,9,9,0,34
static_team,25,868,1,0,0,0,0,50
corpus_mesh,25,868,1,1,1,1,0,56
single,25,869,1,0,0,0,0,25
reflection,25,869,1,0,6,6,0,31
static_team,25,869,1,1,1,1,0,51
corpus_mesh,25,869,1,2,2,2,0,55
single,25,870,1,0,0,0,0,25
reflection,25,870,1,1,7,7,0,32
static_team,25,870,1,0,0,0,0,50
corpus_mesh,25,870,1,0,0,0,0,51
single,25,871,0,1,0,0,1,25
reflection,25,871,1,0,6,6,0,31
static_team,25,871,1,0,0,0,0,51
corpus_mesh,25,871,1,0,0,0,0,53
single,25,872,1,0,0,0,0,25
reflection,25,872,1,0,6,6,0,31
static_team,25,872,1,0,0,0,0,50
corpus_mesh,25,872,1,2,2,2,0,56
single,25,873,0,1,0,0,1,25
reflection,25,873,0,2,7,6,1,32
static_team,25,873,1,1,1,1,0,51
corpus_mesh,25,873,1,0,0,0,0,53
single,25,874,1,0,0,0,0,25
reflection,25,874,0,1,3,2,1,28
static_team,25,874,1,0,0,0,0,50
corpus_mesh,25,874,1,0,0,0,0,53
single,25,875,1,0,0,0,0,25
reflection,25,875,0,1,6,5,1,31
static_team,25,875,1,1,1,1,0,51
corpus_mesh,25,875,1,1,1,1,0,55
single,25,876,1,0,0,0,0,25
reflection,25,876,0,1,6,6,1,31
static_team,25,876,1,2,2,2,0,52
corpus_mesh,25,876,1,0,0,0,0,54
single,25,877,1,0,0,0,0,25
reflection,25,877,0,1,1,1,1,26
static_team,25,877,1,0,0,0,0,50
corpus_mesh,25,877,1,1,1,1,0,57
single,25,878,1,0,0,0,0,25
reflection,25,878,1,0,8,8,0,33
static_team,25,878,1,0,0,0,0,50
corpus_mesh,25,878,1,1,1,1,0,55
single,25,879,1,0,0,0,0,25
reflection,25,879,0,1,5,5,1,30
static_team,25,879,1,0,0,0,0,50
corpus_mesh,25,879,1,1,1,1,0,53
single,25,880,1,0,0,0,0,25
reflection,25,880,1,0,8,8,0,33
static_team,25,880,1,0,0,0,0,50
corpus_mesh,25,880,1,0,0,0,0,51
single,25,881,1,0,0,0,0,25
reflection,25,881,1,0,6,6,0,31
static_team,25,881,1,0,0,0,0,50
corpus_mesh,25,881,1,0,0,0,0,52
single,25,882,0,1,0,0,1,25
reflection,25,882,1,0,7,7,0,32
static_team,25,882,1,0,0,0,0,50
corpus_mesh,25,882,1,0,0,0,0,54
single,25,883,0,2,0,0,1,25
reflection,25,883,0,0,7,6,1,32
static_team,25,883,1,0,0,0,0,50
corpus_mesh,25,883,1,0,0,0,0,51
single,25,884,1,0,0,0,0,25
reflection,25,884,1,0,5,5,0,30
static_team,25,884,1,1,1,1,0,51
corpus_mesh,25,884,1,0,0,0,0,53
single,25,885,1,0,0,0,0,25
reflection,25,885,1,1,8,8,0,33
static_team,25,885,1,1,1,1,0,52
corpus_mesh,25,885,1,0,0,0,0,55
single,25,886,1,0,0,0,0,25
reflection,25,886,1,0,5,5,0,30
static_team,25,886,1,0,0,0,0,50
corpus_mesh,25,886,1,0,0,0,0,55
single,25,887,1,0,0,0,0,25
reflection,25,887,1,0,6,6,0,31
static_team,25,887,1,0,0,0,0,51
corpus_mesh,25,887,1,0,0,0,0,53
single,25,888,1,0,0,0,0,25
reflection,25,888,0,1,7,7,1,32
static_team,25,888,1,0,0,0,0,50
corpus_mesh,25,888,1,0,0,0,0,55
single,25,889,1,0,0,0,0,25
reflection,25,889,1,0,8,8,0,33
static_team,25,889,1,0,0,0,0,50
corpus_mesh,25,889,1,1,1,1,0,55
single,25,890,1,0,0,0,0,25
reflection,25,890,1,0,9,9,0,34
static_team,25,890,1,0,0,0,0,50
corpus_mesh,25,890,1,0,0,0,0,52
single,25,891,0,1,0,0,1,25
reflection,25,891,0,1,7,7,1,32
static_team,25,891,1,0,0,0,0,50
corpus_mesh,25,891,1,1,1,1,0,53
single,25,892,0,2,0,0,1,25
reflection,25,892,0,1,4,4,1,29
static_team,25,892,1,0,0,0,0,50
corpus_mesh,25,892,1,0,0,0,0,51
single,25,893,0,1,0,0,1,25
reflection,25,893,1,0,9,9,0,34
static_team,25,893,1,0,0,0,0,50
corpus_mesh,25,893,1,0,0,0,0,50
single,25,894,1,0,0,0,0,25
reflection,25,894,1,0,12,12,0,37
static_team,25,894,1,1,1,1,0,51
corpus_mesh,25,894,1,0,0,0,0,52
single,25,895,0,1,0,0,1,25
reflection,25,895,1,0,8,8,0,33
static_team,25,895,1,0,0,0,0,50
corpus_mesh,25,895,1,0,0,0,0,54
single,25,896,1,0,0,0,0,25
reflection,25,896,1,0,7,7,0,32
static_team,25,896,1,0,0,0,0,50
corpus_mesh,25,896,1,0,0,0,0,51
single,25,897,1,0,0,0,0,25
reflection,25,897,0,1,4,4,1,29
static_team,25,897,1,0,0,0,0,50
corpus_mesh,25,897,1,0,0,0,0,53
single,25,898,1,0,0,0,0,25
reflection,25,898,0,1,9,9,1,34
static_team,25,898,1,0,0,0,0,50
corpus_mesh,25,898,1,0,0,0,0,56
single,25,899,1,0,0,0,0,25
reflection,25,899,1,0,5,5,0,30
static_team,25,899,1,0,0,0,0,50
corpus_mesh,25,899,1,0,0,0,0,54
single,25,900,1,0,0,0,0,25
reflection,25,900,0,2,10,10,1,35
static_team,25,900,1,0,0,0,0,50
corpus_mesh,25,900,1,0,0,0,0,53
single,25,901,1,0,0,0,0,25
reflection,25,901,0,0,7,6,1,32
static_team,25,901,1,2,2,2,0,52
corpus_mesh,25,901,1,0,0,0,0,52
single,25,902,1,0,0,0,0,25
reflection,25,902,1,0,9,9,0,34
static_team,25,902,1,0,0,0,0,50
corpus_mesh,25,902,1,0,0,0,0,54
single,25,903,1,0,0,0,0,25
reflection,25,903,1,0,8,8,0,33
static_team,25,903,1,0,0,0,0,50
corpus_mesh,25,903,1,0,0,0,0,56
single,25,904,0,1,0,0,1,25
reflection,25,904,0,1,7,7,1,32
static_team,25,904,1,1,1,1,0,51
corpus_mesh,25,904,1,0,0,0,0,52
single,25,905,1,0,0,0,0,25
reflection,25,905,1,0,6,6,0,31
static_team,25,905,1,0,0,0,0,50
corpus_mesh,25,905,1,0,0,0,0,54
single,25,906,1,0,0,0,0,25
reflection,25,906,1,0,7,7,0,32
static_team,25,906,1,0,0,0,0,50
corpus_mesh,25,906,1,0,0,0,0,53
single,25,907,1,0,0,0,0,25
reflection,25,907,1,0,4,4,0,29
static_team,25,907,1,0,0,0,0,50
corpus_mesh,25,907,1,0,0,0,0,55
single,25,908,1,0,0,0,0,25
reflection,25,908,1,0,5,5,0,30
static_team,25,908,1,0,0,0,0,50
corpus_mesh,25,908,1,0,0,0,0,54
single,25,909,1,0,0,0,0,25
reflection,25,909,0,1,10,10,1,35
static_team,25,909,1,0,0,0,0,50
corpus_mesh,25,909,1,0,0,0,0,51
single,25,910,1,0,0,0,0,25
reflection,25,910,1,0,4,4,0,29
static_team,25,910,1,1,1,1,0,51
corpus_mesh,25,910,1,1,1,1,0,53
single,25,911,1,0,0,0,0,25
reflection,25,911,1,0,8,8,0,33
static_team,25,911,1,0,0,0,0,50
corpus_mesh,25,911,1,0,0,0,0,54
single,25,912,1,0,0,0,0,25
reflection,25,912,0,1,6,6,1,31
static_team,25,912,1,0,0,0,0,50
corpus_mesh,25,912,1,0,0,0,0,54
single,25,913,1,0,0,0,0,25
reflection,25,913,1,0,3,3,0,28
static_team,25,913,1,0,0,0,0,50
corpus_mesh,25,913,1,0,0,0,0,53
single,25,914,0,1,0,0,1,25
reflection,25,914,1,0,9,9,0,34
static_team,25,914,1,0,0,0,0,50
corpus_mesh,25,914,1,2,2,2,0,58
single,25,915,1,0,0,0,0,25
reflection,25,915,1,0,8,8,0,33
static_team,25,915,1,0,0,0,0,50
corpus_mesh,25,915,1,0,0,0,0,53
single,25,916,1,0,0,0,0,25
reflection,25,916,1,0,3,3,0,28
static_team,25,916,1,0,0,0,0,50
corpus_mesh,25,916,1,1,1,1,0,53
single,25,917,0,1,0,0,1,25
reflection,25,917,1,0,9,9,0,34
static_team,25,917,1,0,0,0,0,50
corpus_mesh,25,917,1,1,1,1,0,56
single,25,918,1,0,0,0,0,25
reflection,25,918,1,0,9,9,0,34
static_team,25,918,1,1,1,1,0,51
corpus_mesh,25,918,0,0,0,0,1,54
single,25,919,1,0,0,0,0,25
reflection,25,919,0,1,5,5,1,30
static_team,25,919,1,2,2,2,0,53
corpus_mesh,25,919,1,1,1,1,0,58
single,25,920,1,0,0,0,0,25
reflection,25,920,1,0,7,7,0,32
static_team,25,920,1,0,0,0,0,50
corpus_mesh,25,920,1,3,3,3,0,60
single,25,921,1,0,0,0,0,25
reflection,25,921,1,0,5,5,0,30
static_team,25,921,1,0,0,0,0,50
corpus_mesh,25,921,1,2,2,2,0,57
single,25,922,1,0,0,0,0,25
reflection,25,922,1,0,4,4,0,29
static_team,25,922,1,2,2,2,0,53
corpus_mesh,25,922,1,0,0,0,0,52
single,25,923,0,1,0,0,1,25
reflection,25,923,0,1,8,8,1,33
static_team,25,923,1,0,0,0,0,51
corpus_mesh,25,923,1,0,0,0,0,52
single,25,924,0,1,0,0,1,25
reflection,25,924,1,0,9,9,0,34
static_team,25,924,1,0,0,0,0,50
corpus_mesh,25,924,1,3,3,3,0,59
single,25,925,1,0,0,0,0,25
reflection,25,925,0,3,5,5,1,30
static_team,25,925,1,1,1,1,0,51
corpus_mesh,25,925,1,0,0,0,0,52
single,25,926,1,0,0,0,0,25
reflection,25,926,0,2,7,7,1,32
static_team,25,926,1,0,0,0,0,51
corpus_mesh,25,926,1,0,0,0,0,53
single,25,927,0,1,0,0,1,25
reflection,25,927,0,1,7,7,1,32
static_team,25,927,1,1,1,1,0,53
corpus_mesh,25,927,1,1,1,1,0,56
single,25,928,1,0,0,0,0,25
reflection,25,928,1,0,6,6,0,31
static_team,25,928,1,1,1,1,0,51
corpus_mesh,25,928,1,0,0,0,0,51
single,25,929,1,0,0,0,0,25
reflection,25,929,1,0,5,5,0,30
static_team,25,929,1,1,1,1,0,51
corpus_mesh,25,929,1,0,0,0,0,53
single,25,930,1,0,0,0,0,25
reflection,25,930,1,0,6,6,0,31
static_team,25,930,1,0,0,0,0,50
corpus_mesh,25,930,1,0,0,0,0,55
single,25,931,0,1,0,0,1,25
reflection,25,931,1,0,4,4,0,29
static_team,25,931,1,0,0,0,0,50
corpus_mesh,25,931,1,0,0,0,0,53
single,25,932,1,0,0,0,0,25
reflection,25,932,1,0,8,8,0,33
static_team,25,932,1,0,0,0,0,50
corpus_mesh,25,932,1,1,1,1,0,54
single,25,933,1,0,0,0,0,25
reflection,25,933,1,0,7,7,0,32
static_team,25,933,1,0,0,0,0,50
corpus_mesh,25,933,1,0,0,0,0,55
single,25,934,1,0,0,0,0,25
reflection,25,934,0,1,5,5,1,30
static_team,25,934,1,0,0,0,0,50
corpus_mesh,25,934,1,0,0,0,0,52
single,25,935,1,0,0,0,0,25
reflection,25,935,0,1,7,7,1,32
static_team,25,935,1,0,0,0,0,50
corpus_mesh,25,935,1,0,0,0,0,51
single,25,936,1,0,0,0,0,25
reflection,25,936,1,0,10,10,0,35
static_team,25,936,1,0,0,0,0,50
corpus_mesh,25,936,1,0,0,0,0,54
single,25,937,0,2,0,0,1,25
reflection,25,937,1,0,10,10,0,35
static_team,25,937,1,0,0,0,0,50
corpus_mesh,25,937,1,1,1,1,0,57
single,25,938,1,0,0,0,0,25
reflection,25,938,1,0,8,8,0,33
static_team,25,938,1,0,0,0,0,50
corpus_mesh,25,938,1,1,1,1,0,53
single,25,939,1,0,0,0,0,25
reflection,25,939,1,0,9,9,0,34
static_team,25,939,1,1,1,1,0,51
corpus_mesh,25,939,1,1,1,1,0,56
single,25,940,0,1,0,0,1,25
reflection,25,940,1,0,8,8,0,33
static_team,25,940,1,0,0,0,0,50
corpus_mesh,25,940,1,0,0,0,0,51
single,25,941,1,0,0,0,0,25
reflection,25,941,1,0,10,10,0,35
static_team,25,941,1,1,1,1,0,51
corpus_mesh,25,941,1,0,0,0,0,54
single,25,942,0,1,0,0,1,25
reflection,25,942,1,0,9,9,0,34
static_team,25,942,1,0,0,0,0,50
corpus_mesh,25,942,1,0,0,0,0,54
single,25,943,1,0,0,0,0,25
reflection,25,943,1,0,8,8,0,33
static_team,25,943,1,0,0,0,0,50
corpus_mesh,25,943,1,2,2,2,0,58
single,25,944,0,1,0,0,1,25
reflection,25,944,0,1,5,5,1,30
static_team,25,944,1,0,0,0,0,50
corpus_mesh,25,944,1,1,1,1,0,55
single,25,945,1,0,0,0,0,25
reflection,25,945,1,0,10,10,0,35
static_team,25,945,1,0,0,0,0,50
corpus_mesh,25,945,1,0,0,0,0,51
single,25,946,1,0,0,0,0,25
reflection,25,946,1,0,7,7,0,32
static_team,25,946,1,0,0,0,0,50
corpus_mesh,25,946,1,1,1,1,0,56
single,25,947,1,0,0,0,0,25
reflection,25,947,1,0,7,7,0,32
static_team,25,947,1,0,0,0,0,50
corpus_mesh,25,947,1,0,0,0,0,54
single,25,948,1,0,0,0,0,25
reflection,25,948,1,0,9,9,0,34
static_team,25,948,1,0,0,0,0,50
corpus_mesh,25,948,1,0,0,0,0,54
single,25,949,1,0,0,0,0,25
reflection,25,949,1,0,2,2,0,27
static_team,25,949,1,0,0,0,0,50
corpus_mesh,25,949,1,0,0,0,0,53
single,25,950,1,0,0,0,0,25
reflection,25,950,1,0,9,9,0,34
static_team,25,950,1,0,0,0,0,50
corpus_mesh,25,950,1,0,0,0,0,55
single,25,951,0,1,0,0,1,25
reflection,25,951,0,1,4,3,1,29
static_team,25,951,1,0,0,0,0,50
corpus_mesh,25,951,1,0,0,0,0,51
single,25,952,1,0,0,0,0,25
reflection,25,952,1,0,5,5,0,30
static_team,25,952,1,0,0,0,0,50
corpus_mesh,25,952,1,0,0,0,0,55
single,25,953,0,1,0,0,1,25
reflection,25,953,1,0,5,5,0,30
static_team,25,953,1,0,0,0,0,50
corpus_mesh,25,953,1,0,0,0,0,56
single,25,954,1,0,0,0,0,25
reflection,25,954,0,1,4,4,1,29
static_team,25,954,1,0,0,0,0,50
corpus_mesh,25,954,1,0,0,0,0,53
single,25,955,1,0,0,0,0,25
reflection,25,955,1,0,6,6,0,31
static_team,25,955,1,0,0,0,0,50
corpus_mesh,25,955,1,0,0,0,0,52
single,25,956,0,2,0,0,1,25
reflection,25,956,1,0,3,3,0,28
static_team,25,956,1,0,0,0,0,50
corpus_mesh,25,956,1,1,1,1,0,52
single,25,957,1,0,0,0,0,25
reflection,25,957,1,0,5,5,0,30
static_team,25,957,1,0,0,0,0,50
corpus_mesh,25,957,0,1,1,1,1,56
single,25,958,1,0,0,0,0,25
reflection,25,958,1,0,6,6,0,31
static_team,25,958,1,0,0,0,0,50
corpus_mesh,25,958,1,0,0,0,0,54
single,25,959,1,0,0,0,0,25
reflection,25,959,1,0,4,4,0,29
static_team,25,959,1,0,0,0,0,50
corpus_mesh,25,959,1,1,1,1,0,52
single,25,960,1,0,0,0,0,25
reflection,25,960,0,1,4,4,1,29
static_team,25,960,1,1,1,1,0,51
corpus_mesh,25,960,1,0,0,0,0,51
single,25,961,0,1,0,0,1,25
reflection,25,961,1,0,9,9,0,34
static_team,25,961,1,0,0,0,0,50
corpus_mesh,25,961,1,0,0,0,0,51
single,25,962,1,0,0,0,0,25
reflection,25,962,1,0,6,6,0,31
static_team,25,962,1,0,0,0,0,50
corpus_mesh,25,962,1,0,0,0,0,52
single,25,963,1,0,0,0,0,25
reflection,25,963,1,0,6,6,0,31
static_team,25,963,1,0,0,0,0,51
corpus_mesh,25,963,1,0,0,0,0,52
single,25,964,1,0,0,0,0,25
reflection,25,964,1,0,5,5,0,30
static_team,25,964,1,2,2,2,0,52
corpus_mesh,25,964,1,0,0,0,0,53
single,25,965,0,1,0,0,1,25
reflection,25,965,1,0,8,8,0,33
static_team,25,965,1,0,0,0,0,50
corpus_mesh,25,965,1,0,0,0,0,52
single,25,966,1,0,0,0,0,25
reflection,25,966,1,0,7,7,0,32
static_team,25,966,1,1,1,1,0,51
corpus_mesh,25,966,1,0,0,0,0,52
single,25,967,1,0,0,0,0,25
reflection,25,967,1,0,7,7,0,32
static_team,25,967,1,1,1,1,0,51
corpus_mesh,25,967,1,0,0,0,0,54
single,25,968,1,0,0,0,0,25
reflection,25,968,0,1,8,8,1,33
static_team,25,968,1,0,0,0,0,50
corpus_mesh,25,968,1,0,0,0,0,52
single,25,969,1,0,0,0,0,25
reflection,25,969,0,1,5,4,1,30
static_team,25,969,0,1,1,1,1,52
corpus_mesh,25,969,1,0,0,0,0,54
single,25,970,1,0,0,0,0,25
reflection,25,970,1,0,4,4,0,29
static_team,25,970,0,2,2,1,1,52
corpus_mesh,25,970,1,1,1,1,0,56
single,25,971,1,0,0,0,0,25
reflection,25,971,1,0,4,4,0,29
static_team,25,971,1,1,1,1,0,51
corpus_mesh,25,971,1,0,0,0,0,59
single,25,972,1,0,0,0,0,25
reflection,25,972,0,2,6,6,1,31
static_team,25,972,1,0,0,0,0,50
corpus_mesh,25,972,1,0,0,0,0,54
single,25,973,0,3,0,0,1,25
reflection,25,973,1,0,7,7,0,32
static_team,25,973,1,0,0,0,0,50
corpus_mesh,25,973,1,1,1,1,0,54
single,25,974,0,2,0,0,1,25
reflection,25,974,1,0,6,6,0,31
static_team,25,974,1,3,3,3,0,53
corpus_mesh,25,974,1,2,2,2,0,57
single,25,975,1,2,0,0,0,25
reflection,25,975,0,0,9,8,1,34
static_team,25,975,1,0,0,0,0,50
corpus_mesh,25,975,1,0,0,0,0,53
single,25,976,1,0,0,0,0,25
reflection,25,976,1,0,6,6,0,31
static_team,25,976,1,0,0,0,0,51
corpus_mesh,25,976,1,0,0,0,0,52
single,25,977,0,1,0,0,1,25
reflection,25,977,0,1,5,5,1,30
static_team,25,977,1,1,1,1,0,51
corpus_mesh,25,977,1,0,0,0,0,56
single,25,978,1,0,0,0,0,25
reflection,25,978,0,1,6,6,1,31
static_team,25,978,1,0,0,0,0,50
corpus_mesh,25,978,1,0,0,0,0,52
single,25,979,1,0,0,0,0,25
reflection,25,979,1,1,12,12,0,37
static_team,25,979,1,0,0,0,0,50
corpus_mesh,25,979,1,0,0,0,0,54
single,25,980,1,0,0,0,0,25
reflection,25,980,1,0,13,13,0,38
static_team,25,980,1,0,0,0,0,50
corpus_mesh,25,980,1,0,0,0,0,52
single,25,981,1,0,0,0,0,25
reflection,25,981,1,0,7,7,0,32
static_team,25,981,1,0,0,0,0,50
corpus_mesh,25,981,1,2,2,2,0,57
single,25,982,1,0,0,0,0,25
reflection,25,982,1,0,7,7,0,32
static_team,25,982,1,1,1,1,0,51
corpus_mesh,25,982,1,3,3,3,0,58
single,25,983,0,1,0,0,1,25
reflection,25,983,1,0,11,11,0,36
static_team,25,983,1,0,0,0,0,50
corpus_mesh,25,983,1,0,0,0,0,52
single,25,984,1,0,0,0,0,25
reflection,25,984,1,0,7,7,0,32
static_team,25,984,1,0,0,0,0,50
corpus_mesh,25,984,1,0,0,0,0,56
single,25,985,0,1,0,0,1,25
reflection,25,985,1,0,8,8,0,33
static_team,25,985,1,0,0,0,0,50
corpus_mesh,25,985,1,0,0,0,0,53
single,25,986,1,0,0,0,0,25
reflection,25,986,1,0,5,5,0,30
static_team,25,986,1,0,0,0,0,50
corpus_mesh,25,986,1,0,0,0,0,53
single,25,987,1,0,0,0,0,25
reflection,25,987,1,0,12,12,0,37
static_team,25,987,1,1,1,1,0,51
corpus_mesh,25,987,1,0,0,0,0,53
single,25,988,0,1,0,0,1,25
reflection,25,988,1,0,4,4,0,29
static_team,25,988,1,1,1,1,0,51
corpus_mesh,25,988,1,1,1,1,0,55
single,25,989,1,0,0,0,0,25
reflection,25,989,0,1,3,3,1,28
static_team,25,989,1,1,1,1,0,51
corpus_mesh,25,989,1,0,0,0,0,53
single,25,990,1,0,0,0,0,25
reflection,25,990,1,0,7,7,0,32
static_team,25,990,1,0,0,0,0,50
corpus_mesh,25,990,1,0,0,0,0,56
single,25,991,0,1,0,0,1,25
reflection,25,991,0,1,9,9,1,34
static_team,25,991,1,0,0,0,0,50
corpus_mesh,25,991,1,0,0,0,0,57
single,25,992,0,1,0,0,1,25
reflection,25,992,1,0,10,10,0,35
static_team,25,992,1,0,0,0,0,50
corpus_mesh,25,992,1,0,0,0,0,54
single,25,993,1,0,0,0,0,25
reflection,25,993,1,0,6,6,0,31
static_team,25,993,0,2,1,1,1,51
corpus_mesh,25,993,1,0,0,0,0,52
single,25,994,1,0,0,0,0,25
reflection,25,994,1,0,9,9,0,34
static_team,25,994,1,1,1,1,0,51
corpus_mesh,25,994,1,0,0,0,0,51
single,25,995,1,0,0,0,0,25
reflection,25,995,1,0,7,7,0,32
static_team,25,995,1,0,0,0,0,50
corpus_mesh,25,995,1,0,0,0,0,50
single,25,996,1,0,0,0,0,25
reflection,25,996,0,0,5,4,1,30
static_team,25,996,1,1,1,1,0,51
corpus_mesh,25,996,1,0,0,0,0,50
single,25,997,0,1,0,0,1,25
reflection,25,997,1,0,6,6,0,31
static_team,25,997,1,0,0,0,0,50
corpus_mesh,25,997,1,0,0,0,0,53
single,25,998,0,1,0,0,1,25
reflection,25,998,1,0,6,6,0,31
static_team,25,998,1,0,0,0,0,50
corpus_mesh,25,998,1,0,0,0,0,55
single,25,999,1,0,0,0,0,25
reflection,25,999,1,0,6,6,0,31
static_team,25,999,1,0,0,0,0,50
corpus_mesh,25,999,1,1,1,1,0,54
single,50,0,0,2,0,0,1,50
reflection,50,0,1,0,15,15,0,65
static_team,50,0,1,1,1,1,0,101
corpus_mesh,50,0,1,0,0,0,0,102
single,50,1,1,0,0,0,0,50
reflection,50,1,0,3,12,11,1,62
static_team,50,1,1,0,0,0,0,100
corpus_mesh,50,1,1,0,0,0,0,108
single,50,2,1,0,0,0,0,50
reflection,50,2,1,1,12,12,0,62
static_team,50,2,1,1,1,1,0,101
corpus_mesh,50,2,1,1,1,1,0,106
single,50,3,0,1,0,0,1,50
reflection,50,3,1,0,14,14,0,64
static_team,50,3,1,1,1,1,0,101
corpus_mesh,50,3,1,1,1,1,0,108
single,50,4,1,0,0,0,0,50
reflection,50,4,0,0,14,12,1,64
static_team,50,4,1,3,3,3,0,103
corpus_mesh,50,4,1,0,0,0,0,107
single,50,5,1,0,0,0,0,50
reflection,50,5,0,0,16,15,1,66
static_team,50,5,1,0,0,0,0,100
corpus_mesh,50,5,0,1,1,1,1,111
single,50,6,0,1,0,0,1,50
reflection,50,6,1,0,12,12,0,62
static_team,50,6,1,0,0,0,0,100
corpus_mesh,50,6,1,1,1,1,0,108
single,50,7,1,0,0,0,0,50
reflection,50,7,0,1,18,18,1,68
static_team,50,7,1,1,1,1,0,102
corpus_mesh,50,7,1,2,2,2,0,110
single,50,8,1,0,0,0,0,50
reflection,50,8,1,0,12,12,0,62
static_team,50,8,1,1,1,1,0,101
corpus_mesh,50,8,1,0,0,0,0,108
single,50,9,1,0,0,0,0,50
reflection,50,9,1,0,10,10,0,60
static_team,50,9,1,1,1,1,0,101
corpus_mesh,50,9,1,0,0,0,0,107
single,50,10,0,1,0,0,1,50
reflection,50,10,1,0,13,13,0,63
static_team,50,10,1,0,0,0,0,100
corpus_mesh,50,10,1,1,1,1,0,109
single,50,11,1,0,0,0,0,50
reflection,50,11,0,1,13,11,1,63
static_team,50,11,1,0,0,0,0,100
corpus_mesh,50,11,1,1,1,1,0,108
single,50,12,0,1,0,0,1,50
reflection,50,12,0,1,16,16,1,66
static_team,50,12,1,0,0,0,0,102
corpus_mesh,50,12,1,0,0,0,0,106
single,50,13,1,0,0,0,0,50
reflection,50,13,1,0,11,11,0,61
static_team,50,13,1,0,0,0,0,100
corpus_mesh,50,13,1,1,1,1,0,108
single,50,14,1,0,0,0,0,50
reflection,50,14,1,0,9,9,0,59
static_team,50,14,1,0,0,0,0,100
corpus_mesh,50,14,1,1,1,1,0,110
single,50,15,1,0,0,0,0,50
reflection,50,15,0,2,15,14,1,65
static_team,50,15,1,0,0,0,0,101
corpus_mesh,50,15,1,0,0,0,0,100
single,50,16,1,0,0,0,0,50
reflection,50,16,0,1,15,13,1,65
static_team,50,16,1,1,1,1,0,101
corpus_mesh,50,16,1,4,4,4,0,114
single,50,17,1,0,0,0,0,50
reflection,50,17,0,1,14,13,1,64
static_team,50,17,1,1,1,1,0,101
corpus_mesh,50,17,1,1,1,1,0,109
single,50,18,1,0,0,0,0,50
reflection,50,18,1,1,17,17,0,67
static_team,50,18,1,0,0,0,0,101
corpus_mesh,50,18,1,0,0,0,0,104
single,50,19,0,1,0,0,1,50
reflection,50,19,0,1,13,13,1,63
static_team,50,19,1,0,0,0,0,100
corpus_mesh,50,19,1,2,2,2,0,113
single,50,20,1,0,0,0,0,50
reflection,50,20,0,1,9,9,1,59
static_team,50,20,1,1,1,1,0,101
corpus_mesh,50,20,1,1,1,1,0,109
single,50,21,1,0,0,0,0,50
reflection,50,21,1,0,10,10,0,60
static_team,50,21,1,0,0,0,0,100
corpus_mesh,50,21,1,1,1,1,0,105
single,50,22,1,0,0,0,0,50
reflection,50,22,1,0,10,10,0,60
static_team,50,22,1,1,1,1,0,101
corpus_mesh,50,22,1,2,2,2,0,113
single,50,23,0,2,0,0,1,50
reflection,50,23,0,2,11,11,1,61
static_team,50,23,1,0,0,0,0,100
corpus_mesh,50,23,1,4,4,4,0,110
single,50,24,0,1,0,0,1,50
reflection,50,24,0,1,15,15,1,65
static_team,50,24,0,1,0,0,1,100
corpus_mesh,50,24,1,2,2,1,0,109
single,50,25,0,1,0,0,1,50
reflection,50,25,1,0,6,6,0,56
static_team,50,25,1,0,0,0,0,100
corpus_mesh,50,25,1,0,0,0,0,108
single,50,26,1,0,0,0,0,50
reflection,50,26,1,0,14,14,0,64
static_team,50,26,1,2,2,2,0,103
corpus_mesh,50,26,1,2,2,2,0,109
single,50,27,1,0,0,0,0,50
reflection,50,27,1,0,14,14,0,64
static_team,50,27,1,2,2,2,0,102
corpus_mesh,50,27,1,0,0,0,0,111
single,50,28,1,0,0,0,0,50
reflection,50,28,0,1,10,10,1,60
static_team,50,28,1,0,0,0,0,100
corpus_mesh,50,28,1,0,0,0,0,108
single,50,29,0,1,0,0,1,50
reflection,50,29,0,0,16,15,1,66
static_team,50,29,1,1,1,1,0,102
corpus_mesh,50,29,1,0,0,0,0,102
single,50,30,1,0,0,0,0,50
reflection,50,30,0,3,13,13,1,63
static_team,50,30,1,1,1,1,0,101
corpus_mesh,50,30,1,0,0,0,0,105
single,50,31,1,2,0,0,0,50
reflection,50,31,0,2,21,21,1,71
static_team,50,31,1,2,2,2,0,103
corpus_mesh,50,31,1,0,0,0,0,107
single,50,32,0,1,0,0,1,50
reflection,50,32,1,0,12,12,0,62
static_team,50,32,1,0,0,0,0,100
corpus_mesh,50,32,1,1,1,1,0,111
single,50,33,0,1,0,0,1,50
reflection,50,33,0,0,10,9,1,60
static_team,50,33,1,0,0,0,0,100
corpus_mesh,50,33,1,1,1,1,0,108
single,50,34,1,0,0,0,0,50
reflection,50,34,0,1,10,10,1,60
static_team,50,34,1,1,1,1,0,101
corpus_mesh,50,34,1,0,0,0,0,108
single,50,35,0,1,0,0,1,50
reflection,50,35,0,0,13,12,1,63
static_team,50,35,1,1,1,1,0,101
corpus_mesh,50,35,1,0,0,0,0,107
single,50,36,1,0,0,0,0,50
reflection,50,36,0,1,15,15,1,65
static_team,50,36,1,0,0,0,0,101
corpus_mesh,50,36,0,2,1,1,1,107
single,50,37,1,0,0,0,0,50
reflection,50,37,0,2,12,12,1,62
static_team,50,37,0,1,1,0,1,101
corpus_mesh,50,37,1,0,0,0,0,107
single,50,38,1,0,0,0,0,50
reflection,50,38,1,0,13,13,0,63
static_team,50,38,1,1,1,1,0,101
corpus_mesh,50,38,1,1,1,1,0,106
single,50,39,0,1,0,0,1,50
reflection,50,39,1,0,17,17,0,67
static_team,50,39,1,0,0,0,0,101
corpus_mesh,50,39,1,2,2,2,0,105
single,50,40,1,0,0,0,0,50
reflection,50,40,1,1,15,15,0,65
static_team,50,40,1,1,1,1,0,101
corpus_mesh,50,40,1,1,1,1,0,107
single,50,41,0,1,0,0,1,50
reflection,50,41,0,1,9,8,1,59
static_team,50,41,1,2,2,2,0,102
corpus_mesh,50,41,1,0,0,0,0,104
single,50,42,0,1,0,0,1,50
reflection,50,42,0,2,13,12,1,63
static_team,50,42,1,0,0,0,0,101
corpus_mesh,50,42,1,0,0,0,0,104
single,50,43,1,0,0,0,0,50
reflection,50,43,1,0,9,9,0,59
static_team,50,43,1,1,1,1,0,101
corpus_mesh,50,43,1,1,1,1,0,112
single,50,44,0,1,0,0,1,50
reflection,50,44,1,1,16,16,0,66
static_team,50,44,1,2,2,2,0,102
corpus_mesh,50,44,1,2,2,2,0,112
single,50,45,0,1,0,0,1,50
reflection,50,45,0,1,9,9,1,59
static_team,50,45,1,1,1,1,0,101
corpus_mesh,50,45,1,2,2,2,0,114
single,50,46,0,1,0,0,1,50
reflection,50,46,1,0,14,14,0,64
static_team,50,46,1,0,0,0,0,101
corpus_mesh,50,46,1,0,0,0,0,105
single,50,47,0,1,0,0,1,50
reflection,50,47,1,2,12,12,0,62
static_team,50,47,1,1,1,1,0,102
corpus_mesh,50,47,1,2,2,2,0,108
single,50,48,0,1,0,0,1,50
reflection,50,48,1,0,11,11,0,61
static_team,50,48,1,1,1,1,0,101
corpus_mesh,50,48,1,0,0,0,0,110
single,50,49,1,0,0,0,0,50
reflection,50,49,0,1,14,13,1,64
static_team,50,49,1,2,2,2,0,102
corpus_mesh,50,49,1,0,0,0,0,107
single,50,50,0,1,0,0,1,50
reflection,50,50,1,1,17,17,0,67
static_team,50,50,1,0,0,0,0,101
corpus_mesh,50,50,1,0,0,0,0,107
single,50,51,0,1,0,0,1,50
reflection,50,51,1,0,10,10,0,60
static_team,50,51,1,0,0,0,0,101
corpus_mesh,50,51,1,1,1,1,0,105
single,50,52,0,1,0,0,1,50
reflection,50,52,1,1,18,18,0,68
static_team,50,52,1,1,1,1,0,101
corpus_mesh,50,52,1,1,1,1,0,105
single,50,53,1,0,0,0,0,50
reflection,50,53,0,1,10,10,1,60
static_team,50,53,1,1,1,1,0,101
corpus_mesh,50,53,1,2,2,2,0,105
single,50,54,0,1,0,0,1,50
reflection,50,54,0,2,13,12,1,63
static_team,50,54,1,0,0,0,0,100
corpus_mesh,50,54,1,0,0,0,0,103
single,50,55,1,0,0,0,0,50
reflection,50,55,1,0,12,12,0,62
static_team,50,55,1,1,1,1,0,101
corpus_mesh,50,55,1,1,1,1,0,107
single,50,56,0,1,0,0,1,50
reflection,50,56,1,0,13,13,0,63
static_team,50,56,1,1,1,1,0,101
corpus_mesh,50,56,1,0,0,0,0,103
single,50,57,0,1,0,0,1,50
reflection,50,57,0,0,16,15,1,66
static_team,50,57,1,2,2,2,0,102
corpus_mesh,50,57,1,2,2,2,0,112
single,50,58,0,2,0,0,1,50
reflection,50,58,0,1,16,16,1,66
static_team,50,58,1,0,0,0,0,100
corpus_mesh,50,58,1,0,0,0,0,108
single,50,59,0,2,0,0,1,50
reflection,50,59,0,0,14,13,1,64
static_team,50,59,1,0,0,0,0,100
corpus_mesh,50,59,1,4,4,4,0,113
single,50,60,1,0,0,0,0,50
reflection,50,60,1,0,18,18,0,68
static_team,50,60,1,1,1,1,0,101
corpus_mesh,50,60,1,2,2,2,0,111
single,50,61,1,0,0,0,0,50
reflection,50,61,1,0,14,14,0,64
static_team,50,61,1,1,1,1,0,102
corpus_mesh,50,61,1,0,0,0,0,109
single,50,62,1,0,0,0,0,50
reflection,50,62,1,0,14,14,0,64
static_team,50,62,1,0,0,0,0,100
corpus_mesh,50,62,1,1,1,1,0,108
single,50,63,0,1,0,0,1,50
reflection,50,63,1,0,12,12,0,62
static_team,50,63,1,1,1,1,0,101
corpus_mesh,50,63,1,0,0,0,0,106
single,50,64,0,1,0,0,1,50
reflection,50,64,1,0,9,9,0,59
static_team,50,64,1,1,1,1,0,101
corpus_mesh,50,64,1,2,2,2,0,110
single,50,65,0,1,0,0,1,50
reflection,50,65,1,0,9,9,0,59
static_team,50,65,1,0,0,0,0,101
corpus_mesh,50,65,1,1,1,1,0,105
single,50,66,1,0,0,0,0,50
reflection,50,66,0,1,13,13,1,63
static_team,50,66,1,4,4,4,0,104
corpus_mesh,50,66,1,0,0,0,0,102
single,50,67,1,0,0,0,0,50
reflection,50,67,1,1,18,18,0,68
static_team,50,67,1,1,1,1,0,101
corpus_mesh,50,67,1,0,0,0,0,109
single,50,68,1,0,0,0,0,50
reflection,50,68,1,0,10,10,0,60
static_team,50,68,1,0,0,0,0,100
corpus_mesh,50,68,1,2,2,2,0,109
single,50,69,0,2,0,0,1,50
reflection,50,69,1,0,12,12,0,62
static_team,50,69,1,2,2,2,0,103
corpus_mesh,50,69,1,0,0,0,0,104
single,50,70,0,2,0,0,1,50
reflection,50,70,0,2,19,19,1,69
static_team,50,70,1,1,1,1,0,102
corpus_mesh,50,70,1,1,1,1,0,111
single,50,71,1,0,0,0,0,50
reflection,50,71,1,0,14,14,0,64
static_team,50,71,1,1,1,1,0,102
corpus_mesh,50,71,1,2,2,2,0,111
single,50,72,1,0,0,0,0,50
reflection,50,72,0,0,17,16,1,67
static_team,50,72,1,2,2,2,0,103
corpus_mesh,50,72,1,0,0,0,0,105
single,50,73,1,0,0,0,0,50
reflection,50,73,1,0,14,14,0,64
static_team,50,73,1,4,4,4,0,104
corpus_mesh,50,73,1,0,0,0,0,102
single,50,74,0,1,0,0,1,50
reflection,50,74,0,1,15,13,1,65
static_team,50,74,1,2,2,2,0,103
corpus_mesh,50,74,1,1,1,1,0,106
single,50,75,0,1,0,0,1,50
reflection,50,75,1,0,15,15,0,65
static_team,50,75,1,0,0,0,0,100
corpus_mesh,50,75,1,0,0,0,0,105
single,50,76,1,0,0,0,0,50
reflection,50,76,0,3,11,11,1,61
static_team,50,76,1,2,2,2,0,102
corpus_mesh,50,76,1,0,0,0,0,104
single,50,77,1,0,0,0,0,50
reflection,50,77,0,3,18,17,1,68
static_team,50,77,1,0,0,0,0,100
corpus_mesh,50,77,1,2,2,2,0,108
single,50,78,1,0,0,0,0,50
reflection,50,78,1,0,17,17,0,67
static_team,50,78,1,0,0,0,0,101
corpus_mesh,50,78,1,0,0,0,0,105
single,50,79,1,0,0,0,0,50
reflection,50,79,0,1,18,18,1,68
static_team,50,79,1,0,0,0,0,100
corpus_mesh,50,79,1,0,0,0,0,107
single,50,80,0,1,0,0,1,50
reflection,50,80,0,1,11,11,1,61
static_team,50,80,1,0,0,0,0,100
corpus_mesh,50,80,1,1,1,1,0,108
single,50,81,1,0,0,0,0,50
reflection,50,81,0,2,15,15,1,65
static_team,50,81,1,0,0,0,0,101
corpus_mesh,50,81,1,0,0,0,0,107
single,50,82,1,0,0,0,0,50
reflection,50,82,1,0,17,17,0,67
static_team,50,82,1,1,1,1,0,101
corpus_mesh,50,82,1,0,0,0,0,104
single,50,83,0,1,0,0,1,50
reflection,50,83,1,0,15,15,0,65
static_team,50,83,1,1,1,1,0,101
corpus_mesh,50,83,1,0,0,0,0,106
single,50,84,0,1,0,0,1,50
reflection,50,84,0,1,14,14,1,64
static_team,50,84,1,0,0,0,0,100
corpus_mesh,50,84,1,0,0,0,0,106
single,50,85,0,1,0,0,1,50
reflection,50,85,0,0,14,13,1,64
static_team,50,85,1,0,0,0,0,100
corpus_mesh,50,85,1,0,0,0,0,109
single,50,86,0,1,0,0,1,50
reflection,50,86,1,0,13,13,0,63
static_team,50,86,1,2,2,2,0,102
corpus_mesh,50,86,1,0,0,0,0,105
single,50,87,0,1,0,0,1,50
reflection,50,87,1,1,17,17,0,67
static_team,50,87,1,0,0,0,0,100
corpus_mesh,50,87,1,1,1,1,0,106
single,50,88,0,1,0,0,1,50
reflection,50,88,0,1,16,16,1,66
static_team,50,88,1,1,1,1,0,101
corpus_mesh,50,88,1,2,2,2,0,108
single,50,89,0,1,0,0,1,50
reflection,50,89,1,0,15,15,0,65
static_team,50,89,1,2,2,2,0,102
corpus_mesh,50,89,1,2,2,2,0,110
single,50,90,0,1,0,0,1,50
reflection,50,90,0,1,5,5,1,55
static_team,50,90,1,1,1,1,0,101
corpus_mesh,50,90,1,0,0,0,0,105
single,50,91,1,0,0,0,0,50
reflection,50,91,0,2,13,12,1,63
static_team,50,91,1,0,0,0,0,100
corpus_mesh,50,91,1,0,0,0,0,104
single,50,92,1,0,0,0,0,50
reflection,50,92,1,0,16,16,0,66
static_team,50,92,1,0,0,0,0,100
corpus_mesh,50,92,1,0,0,0,0,102
single,50,93,1,0,0,0,0,50
reflection,50,93,0,1,15,15,1,65
static_team,50,93,1,1,1,1,0,103
corpus_mesh,50,93,1,1,1,1,0,111
single,50,94,0,1,0,0,1,50
reflection,50,94,0,1,19,18,1,69
static_team,50,94,1,2,2,2,0,102
corpus_mesh,50,94,1,0,0,0,0,108
single,50,95,0,1,0,0,1,50
reflection,50,95,0,0,17,16,1,67
static_team,50,95,1,2,2,2,0,102
corpus_mesh,50,95,1,0,0,0,0,106
single,50,96,0,1,0,0,1,50
reflection,50,96,1,0,12,12,0,62
static_team,50,96,1,0,0,0,0,100
corpus_mesh,50,96,1,0,0,0,0,107
single,50,97,0,1,0,0,1,50
reflection,50,97,1,1,20,20,0,70
static_team,50,97,1,2,2,2,0,102
corpus_mesh,50,97,1,2,2,2,0,110
single,50,98,0,1,0,0,1,50
reflection,50,98,1,1,16,16,0,66
static_team,50,98,1,0,0,0,0,100
corpus_mesh,50,98,1,1,1,1,0,113
single,50,99,1,0,0,0,0,50
reflection,50,99,1,1,15,14,0,65
static_team,50,99,1,0,0,0,0,100
corpus_mesh,50,99,1,0,0,0,0,110
single,50,100,1,0,0,0,0,50
reflection,50,100,1,0,15,15,0,65
static_team,50,100,1,0,0,0,0,101
corpus_mesh,50,100,1,1,1,1,0,110
single,50,101,0,3,0,0,1,50
reflection,50,101,1,0,17,17,0,67
static_team,50,101,1,1,1,1,0,101
corpus_mesh,50,101,1,0,0,0,0,107
single,50,102,0,1,0,0,1,50
reflection,50,102,1,1,10,10,0,60
static_team,50,102,1,1,1,1,0,101
corpus_mesh,50,102,1,0,0,0,0,104
single,50,103,1,0,0,0,0,50
reflection,50,103,0,0,15,14,1,65
static_team,50,103,1,2,2,2,0,102
corpus_mesh,50,103,1,2,2,2,0,114
single,50,104,0,1,0,0,1,50
reflection,50,104,1,0,18,18,0,68
static_team,50,104,1,0,0,0,0,100
corpus_mesh,50,104,1,2,2,2,0,109
single,50,105,0,1,0,0,1,50
reflection,50,105,0,1,13,13,1,63
static_team,50,105,1,1,1,1,0,102
corpus_mesh,50,105,1,2,2,2,0,113
single,50,106,1,0,0,0,0,50
reflection,50,106,1,1,8,8,0,58
static_team,50,106,1,0,0,0,0,100
corpus_mesh,50,106,1,2,2,2,0,104
single,50,107,1,0,0,0,0,50
reflection,50,107,0,1,14,13,1,64
static_team,50,107,1,2,2,2,0,104
corpus_mesh,50,107,1,1,1,1,0,107
single,50,108,1,0,0,0,0,50
reflection,50,108,1,0,8,8,0,58
static_team,50,108,1,0,0,0,0,100
corpus_mesh,50,108,1,1,1,1,0,108
single,50,109,1,0,0,0,0,50
reflection,50,109,1,0,15,15,0,65
static_team,50,109,1,4,4,4,0,104
corpus_mesh,50,109,1,3,3,3,0,114
single,50,110,1,0,0,0,0,50
reflection,50,110,1,1,16,16,0,66
static_team,50,110,1,2,2,2,0,102
corpus_mesh,50,110,1,0,0,0,0,105
single,50,111,0,3,0,0,1,50
reflection,50,111,0,1,9,9,1,59
static_team,50,111,1,0,0,0,0,100
corpus_mesh,50,111,1,1,1,1,0,106
single,50,112,0,1,0,0,1,50
reflection,50,112,1,0,11,11,0,61
static_team,50,112,1,1,1,1,0,101
corpus_mesh,50,112,1,1,1,1,0,109
single,50,113,1,0,0,0,0,50
reflection,50,113,0,1,13,13,1,63
static_team,50,113,1,0,0,0,0,100
corpus_mesh,50,113,1,0,0,0,0,104
single,50,114,1,0,0,0,0,50
reflection,50,114,0,0,13,12,1,63
static_team,50,114,1,2,2,2,0,103
corpus_mesh,50,114,1,0,0,0,0,108
single,50,115,0,2,0,0,1,50
reflection,50,115,1,0,17,17,0,67
static_team,50,115,1,1,1,1,0,101
corpus_mesh,50,115,1,0,0,0,0,102
single,50,116,0,2,0,0,1,50
reflection,50,116,0,5,17,17,1,67
static_team,50,116,1,0,0,0,0,102
corpus_mesh,50,116,1,0,0,0,0,102
single,50,117,0,2,0,0,1,50
reflection,50,117,1,1,15,15,0,65
static_team,50,117,1,0,0,0,0,100
corpus_mesh,50,117,1,0,0,0,0,106
single,50,118,0,1,0,0,1,50
reflection,50,118,1,0,18,18,0,68
static_team,50,118,1,2,2,2,0,102
corpus_mesh,50,118,1,1,1,1,0,105
single,50,119,0,1,0,0,1,50
reflection,50,119,0,1,11,10,1,61
static_team,50,119,1,0,0,0,0,100
corpus_mesh,50,119,1,1,1,1,0,106
single,50,120,0,1,0,0,1,50
reflection,50,120,0,1,15,15,1,65
static_team,50,120,1,1,1,1,0,101
corpus_mesh,50,120,1,0,0,0,0,107
single,50,121,1,0,0,0,0,50
reflection,50,121,0,1,10,10,1,60
static_team,50,121,1,2,2,2,0,102
corpus_mesh,50,121,1,1,1,1,0,105
single,50,122,1,0,0,0,0,50
reflection,50,122,0,1,14,13,1,64
static_team,50,122,1,0,0,0,0,100
corpus_mesh,50,122,1,0,0,0,0,108
single,50,123,0,2,0,0,1,50
reflection,50,123,0,4,15,15,1,65
static_team,50,123,1,0,0,0,0,100
corpus_mesh,50,123,1,0,0,0,0,105
single,50,124,1,0,0,0,0,50
reflection,50,124,0,2,16,16,1,66
static_team,50,124,1,1,1,1,0,101
corpus_mesh,50,124,1,1,1,1,0,107
single,50,125,1,0,0,0,0,50
reflection,50,125,1,0,13,13,0,63
static_team,50,125,1,0,0,0,0,100
corpus_mesh,50,125,1,0,0,0,0,104
single,50,126,1,0,0,0,0,50
reflection,50,126,0,2,16,16,1,66
static_team,50,126,1,0,0,0,0,100
corpus_mesh,50,126,1,0,0,0,0,106
single,50,127,1,0,0,0,0,50
reflection,50,127,1,0,13,13,0,63
static_team,50,127,1,2,2,2,0,102
corpus_mesh,50,127,1,0,0,0,0,107
single,50,128,0,1,0,0,1,50
reflection,50,128,1,0,19,19,0,69
static_team,50,128,1,0,0,0,0,100
corpus_mesh,50,128,1,0,0,0,0,106
single,50,129,1,0,0,0,0,50
reflection,50,129,1,0,6,6,0,56
static_team,50,129,1,0,0,0,0,100
corpus_mesh,50,129,1,2,2,2,0,111
single,50,130,0,3,0,0,1,50
reflection,50,130,0,2,10,10,1,60
static_team,50,130,1,1,1,1,0,101
corpus_mesh,50,130,1,1,1,1,0,105
single,50,131,0,1,0,0,1,50
reflection,50,131,0,1,15,15,1,65
static_team,50,131,1,0,0,0,0,100
corpus_mesh,50,131,1,0,0,0,0,106
single,50,132,1,0,0,0,0,50
reflection,50,132,0,1,11,11,1,61
static_team,50,132,1,0,0,0,0,100
corpus_mesh,50,132,1,1,1,1,0,106
single,50,133,0,1,0,0,1,50
reflection,50,133,1,1,13,13,0,63
static_team,50,133,1,0,0,0,0,100
corpus_mesh,50,133,1,0,0,0,0,105
single,50,134,0,1,0,0,1,50
reflection,50,134,0,0,17,16,1,67
static_team,50,134,1,0,0,0,0,100
corpus_mesh,50,134,1,0,0,0,0,103
single,50,135,0,1,0,0,1,50
reflection,50,135,1,0,15,15,0,65
static_team,50,135,1,0,0,0,0,100
corpus_mesh,50,135,1,1,1,1,0,106
single,50,136,0,1,0,0,1,50
reflection,50,136,0,2,17,17,1,67
static_team,50,136,1,0,0,0,0,100
corpus_mesh,50,136,1,1,1,1,0,110
single,50,137,0,2,0,0,1,50
reflection,50,137,1,0,11,11,0,61
static_team,50,137,0,1,1,0,1,101
corpus_mesh,50,137,1,3,3,3,0,113
single,50,138,1,0,0,0,0,50
reflection,50,138,0,0,15,14,1,65
static_team,50,138,1,3,3,3,0,103
corpus_mesh,50,138,1,3,3,3,0,109
single,50,139,1,0,0,0,0,50
reflection,50,139,0,2,14,14,1,64
static_team,50,139,1,2,2,2,0,102
corpus_mesh,50,139,1,1,1,1,0,110
single,50,140,0,1,0,0,1,50
reflection,50,140,0,1,13,13,1,63
static_team,50,140,1,0,0,0,0,101
corpus_mesh,50,140,1,1,1,1,0,106
single,50,141,0,2,0,0,1,50
reflection,50,141,1,0,12,12,0,62
static_team,50,141,1,0,0,0,0,100
corpus_mesh,50,141,1,0,0,0,0,105
single,50,142,0,2,0,0,1,50
reflection,50,142,1,0,17,17,0,67
static_team,50,142,1,0,0,0,0,100
corpus_mesh,50,142,1,2,2,2,0,108
single,50,143,1,0,0,0,0,50
reflection,50,143,0,1,12,12,1,62
static_team,50,143,1,1,1,1,0,101
corpus_mesh,50,143,1,1,1,1,0,107
single,50,144,0,1,0,0,1,50
reflection,50,144,1,2,9,9,0,59
static_team,50,144,1,0,0,0,0,100
corpus_mesh,50,144,1,0,0,0,0,103
single,50,145,0,1,0,0,1,50
reflection,50,145,1,2,16,16,0,66
static_team,50,145,1,0,0,0,0,100
corpus_mesh,50,145,1,0,0,0,0,109
single,50,146,1,0,0,0,0,50
reflection,50,146,1,0,16,16,0,66
static_team,50,146,1,0,0,0,0,100
corpus_mesh,50,146,1,0,0,0,0,104
single,50,147,0,2,0,0,1,50
reflection,50,147,0,2,13,12,1,63
static_team,50,147,1,2,2,2,0,102
corpus_mesh,50,147,1,0,0,0,0,105
single,50,148,1,0,0,0,0,50
reflection,50,148,1,0,14,14,0,64
static_team,50,148,1,1,1,1,0,101
corpus_mesh,50,148,1,1,1,1,0,111
single,50,149,0,2,0,0,1,50
reflection,50,149,1,0,17,17,0,67
static_team,50,149,1,0,0,0,0,100
corpus_mesh,50,149,1,1,1,1,0,105
single,50,150,0,1,0,0,1,50
reflection,50,150,1,0,10,10,0,60
static_team,50,150,1,1,1,1,0,101
corpus_mesh,50,150,1,1,1,1,0,104
single,50,151,1,0,0,0,0,50
reflection,50,151,1,1,10,10,0,60
static_team,50,151,1,0,0,0,0,101
corpus_mesh,50,151,1,1,1,1,0,110
single,50,152,0,1,0,0,1,50
reflection,50,152,1,1,18,18,0,68
static_team,50,152,1,0,0,0,0,100
corpus_mesh,50,152,1,0,0,0,0,106
single,50,153,0,1,0,0,1,50
reflection,50,153,0,2,14,13,1,64
static_team,50,153,1,2,2,2,0,103
corpus_mesh,50,153,1,1,1,1,0,107
single,50,154,0,3,0,0,1,50
reflection,50,154,1,0,21,21,0,71
static_team,50,154,1,2,1,0,2,101
corpus_mesh,50,154,1,2,2,2,0,109
single,50,155,1,0,0,0,0,50
reflection,50,155,0,1,15,15,1,65
static_team,50,155,1,1,1,1,0,101
corpus_mesh,50,155,1,1,1,1,0,110
single,50,156,1,0,0,0,0,50
reflection,50,156,1,0,10,10,0,60
static_team,50,156,1,2,2,2,0,102
corpus_mesh,50,156,1,0,0,0,0,104
single,50,157,0,1,0,0,1,50
reflection,50,157,0,1,19,18,1,69
static_team,50,157,1,1,1,1,0,101
corpus_mesh,50,157,1,3,3,3,0,113
single,50,158,0,1,0,0,1,50
reflection,50,158,1,0,17,17,0,67
static_team,50,158,1,1,1,1,0,102
corpus_mesh,50,158,1,1,1,1,0,103
single,50,159,0,1,0,0,1,50
reflection,50,159,0,3,11,10,1,61
static_team,50,159,1,3,3,3,0,104
corpus_mesh,50,159,1,1,1,1,0,110
single,50,160,1,0,0,0,0,50
reflection,50,160,0,1,11,10,1,61
static_team,50,160,1,0,0,0,0,100
corpus_mesh,50,160,1,0,0,0,0,104
single,50,161,1,0,0,0,0,50
reflection,50,161,1,0,19,19,0,69
static_team,50,161,1,1,1,1,0,101
corpus_mesh,50,161,1,1,1,1,0,105
single,50,162,1,0,0,0,0,50
reflection,50,162,0,1,16,16,1,66
static_team,50,162,1,1,1,1,0,101
corpus_mesh,50,162,1,0,0,0,0,106
single,50,163,1,0,0,0,0,50
reflection,50,163,1,0,16,16,0,66
static_team,50,163,1,0,0,0,0,100
corpus_mesh,50,163,1,1,1,1,0,107
single,50,164,1,0,0,0,0,50
reflection,50,164,0,1,14,12,1,64
static_team,50,164,1,0,0,0,0,100
corpus_mesh,50,164,1,0,0,0,0,106
single,50,165,1,0,0,0,0,50
reflection,50,165,0,1,9,9,1,59
static_team,50,165,1,0,0,0,0,100
corpus_mesh,50,165,1,2,2,2,0,112
single,50,166,0,1,0,0,1,50
reflection,50,166,1,1,23,23,0,73
static_team,50,166,1,0,0,0,0,100
corpus_mesh,50,166,1,1,1,1,0,105
single,50,167,0,1,0,0,1,50
reflection,50,167,1,0,18,18,0,68
static_team,50,167,1,0,0,0,0,100
corpus_mesh,50,167,1,1,1,1,0,104
single,50,168,1,0,0,0,0,50
reflection,50,168,1,2,11,11,0,61
static_team,50,168,1,1,1,1,0,101
corpus_mesh,50,168,1,1,1,1,0,112
single,50,169,1,0,0,0,0,50
reflection,50,169,1,0,10,10,0,60
static_team,50,169,1,1,1,1,0,101
corpus_mesh,50,169,1,0,0,0,0,105
single,50,170,0,1,0,0,1,50
reflection,50,170,1,1,18,18,0,68
static_team,50,170,1,0,0,0,0,101
corpus_mesh,50,170,1,0,0,0,0,105
single,50,171,1,0,0,0,0,50
reflection,50,171,0,2,14,14,1,64
static_team,50,171,1,1,1,1,0,101
corpus_mesh,50,171,1,1,1,1,0,106
single,50,172,0,1,0,0,1,50
reflection,50,172,1,0,14,14,0,64
static_team,50,172,1,0,0,0,0,100
corpus_mesh,50,172,1,1,1,1,0,110
single,50,173,1,0,0,0,0,50
reflection,50,173,1,0,17,17,0,67
static_team,50,173,1,0,0,0,0,100
corpus_mesh,50,173,1,0,0,0,0,103
single,50,174,0,1,0,0,1,50
reflection,50,174,0,1,16,15,1,66
static_team,50,174,1,1,1,1,0,101
corpus_mesh,50,174,1,0,0,0,0,109
single,50,175,1,0,0,0,0,50
reflection,50,175,1,0,18,18,0,68
static_team,50,175,1,0,0,0,0,100
corpus_mesh,50,175,1,1,1,1,0,102
single,50,176,0,2,0,0,1,50
reflection,50,176,1,0,21,21,0,71
static_team,50,176,1,0,0,0,0,100
corpus_mesh,50,176,1,1,1,1,0,111
single,50,177,1,2,0,0,0,50
reflection,50,177,0,1,20,19,1,70
static_team,50,177,1,0,0,0,0,101
corpus_mesh,50,177,1,0,0,0,0,105
single,50,178,1,0,0,0,0,50
reflection,50,178,1,0,15,15,0,65
static_team,50,178,1,0,0,0,0,101
corpus_mesh,50,178,1,1,1,1,0,106
single,50,179,0,1,0,0,1,50
reflection,50,179,1,0,11,11,0,61
static_team,50,179,1,2,2,2,0,102
corpus_mesh,50,179,1,3,3,3,0,110
single,50,180,0,1,0,0,1,50
reflection,50,180,1,1,14,14,0,64
static_team,50,180,1,1,1,1,0,101
corpus_mesh,50,180,1,1,1,1,0,110
single,50,181,0,2,0,0,1,50
reflection,50,181,1,0,9,9,0,59
static_team,50,181,1,0,0,0,0,100
corpus_mesh,50,181,1,0,0,0,0,106
single,50,182,1,0,0,0,0,50
reflection,50,182,1,0,17,17,0,67
static_team,50,182,1,1,1,1,0,101
corpus_mesh,50,182,1,1,1,1,0,107
single,50,183,1,0,0,0,0,50
reflection,50,183,1,0,15,15,0,65
static_team,50,183,1,0,0,0,0,100
corpus_mesh,50,183,0,1,1,1,1,107
single,50,184,0,1,0,0,1,50
reflection,50,184,1,0,14,14,0,64
static_team,50,184,1,0,0,0,0,100
corpus_mesh,50,184,1,0,0,0,0,103
single,50,185,0,1,0,0,1,50
reflection,50,185,1,0,13,13,0,63
static_team,50,185,1,1,1,1,0,102
corpus_mesh,50,185,1,1,1,1,0,111
single,50,186,1,0,0,0,0,50
reflection,50,186,1,0,10,10,0,60
static_team,50,186,1,1,1,1,0,101
corpus_mesh,50,186,1,0,0,0,0,109
single,50,187,0,1,0,0,1,50
reflection,50,187,0,0,15,14,1,65
static_team,50,187,0,3,3,2,1,103
corpus_mesh,50,187,1,0,0,0,0,105
single,50,188,0,1,0,0,1,50
reflection,50,188,0,3,12,12,1,62
static_team,50,188,1,1,1,1,0,101
corpus_mesh,50,188,1,1,1,1,0,110
single,50,189,1,0,0,0,0,50
reflection,50,189,0,2,8,8,1,58
static_team,50,189,1,1,1,1,0,101
corpus_mesh,50,189,1,1,1,1,0,112
single,50,190,0,1,0,0,1,50
reflection,50,190,1,0,21,21,0,71
static_team,50,190,1,1,1,1,0,102
corpus_mesh,50,190,1,3,3,3,0,109
single,50,191,0,2,0,0,1,50
reflection,50,191,1,0,12,12,0,62
static_team,50,191,1,0,0,0,0,100
corpus_mesh,50,191,1,1,1,1,0,104
single,50,192,1,0,0,0,0,50
reflection,50,192,1,0,12,12,0,62
static_team,50,192,1,2,2,2,0,102
corpus_mesh,50,192,1,1,1,1,0,106
single,50,193,0,1,0,0,1,50
reflection,50,193,0,2,12,12,1,62
static_team,50,193,1,1,1,1,0,101
corpus_mesh,50,193,1,0,0,0,0,109
single,50,194,0,2,0,0,1,50
reflection,50,194,1,1,21,21,0,71
static_team,50,194,1,0,0,0,0,100
corpus_mesh,50,194,1,2,2,2,0,106
single,50,195,0,1,0,0,1,50
reflection,50,195,1,0,16,16,0,66
static_team,50,195,1,0,0,0,0,100
corpus_mesh,50,195,1,1,1,1,0,108
single,50,196,1,0,0,0,0,50
reflection,50,196,1,0,12,12,0,62
static_team,50,196,1,0,0,0,0,100
corpus_mesh,50,196,1,0,0,0,0,104
single,50,197,0,1,0,0,1,50
reflection,50,197,0,2,11,11,1,61
static_team,50,197,1,0,0,0,0,100
corpus_mesh,50,197,1,2,2,2,0,111
single,50,198,0,1,0,0,1,50
reflection,50,198,0,2,13,13,1,63
static_team,50,198,1,1,1,1,0,101
corpus_mesh,50,198,1,2,2,2,0,110
single,50,199,0,2,0,0,1,50
reflection,50,199,0,0,14,13,1,64
static_team,50,199,1,1,1,1,0,101
corpus_mesh,50,199,1,0,0,0,0,104
single,50,200,1,0,0,0,0,50
reflection,50,200,1,1,15,15,0,65
static_team,50,200,1,1,1,1,0,101
corpus_mesh,50,200,1,1,1,1,0,108
single,50,201,1,0,0,0,0,50
reflection,50,201,1,0,20,20,0,70
static_team,50,201,1,1,1,1,0,101
corpus_mesh,50,201,1,1,1,1,0,108
single,50,202,0,1,0,0,1,50
reflection,50,202,1,0,14,14,0,64
static_team,50,202,1,0,0,0,0,101
corpus_mesh,50,202,1,0,0,0,0,103
single,50,203,0,1,0,0,1,50
reflection,50,203,0,1,18,17,1,68
static_team,50,203,1,1,1,1,0,101
corpus_mesh,50,203,1,1,1,1,0,104
single,50,204,1,0,0,0,0,50
reflection,50,204,0,2,9,9,1,59
static_team,50,204,1,2,2,2,0,104
corpus_mesh,50,204,1,0,0,0,0,110
single,50,205,0,1,0,0,1,50
reflection,50,205,1,1,14,14,0,64
static_team,50,205,1,1,1,1,0,101
corpus_mesh,50,205,1,1,1,1,0,109
single,50,206,0,1,0,0,1,50
reflection,50,206,1,2,10,10,0,60
static_team,50,206,1,0,0,0,0,100
corpus_mesh,50,206,1,1,1,1,0,105
single,50,207,0,2,0,0,1,50
reflection,50,207,0,1,14,14,1,64
static_team,50,207,1,3,3,3,0,104
corpus_mesh,50,207,1,3,3,3,0,110
single,50,208,1,0,0,0,0,50
reflection,50,208,1,1,16,16,0,66
static_team,50,208,1,1,1,1,0,101
corpus_mesh,50,208,1,1,1,1,0,104
single,50,209,1,0,0,0,0,50
reflection,50,209,0,2,17,16,1,67
static_team,50,209,1,1,1,1,0,102
corpus_mesh,50,209,1,2,2,2,0,108
single,50,210,0,1,0,0,1,50
reflection,50,210,1,0,22,22,0,72
static_team,50,210,1,0,0,0,0,100
corpus_mesh,50,210,1,0,0,0,0,106
single,50,211,0,1,0,0,1,50
reflection,50,211,0,1,14,14,1,64
static_team,50,211,1,1,1,1,0,101
corpus_mesh,50,211,1,1,1,1,0,108
single,50,212,1,0,0,0,0,50
reflection,50,212,1,1,17,17,0,67
static_team,50,212,1,0,0,0,0,100
corpus_mesh,50,212,1,0,0,0,0,103
single,50,213,0,1,0,0,1,50
reflection,50,213,1,0,9,9,0,59
static_team,50,213,1,1,1,1,0,101
corpus_mesh,50,213,1,1,1,1,0,107
single,50,214,0,1,0,0,1,50
reflection,50,214,1,0,10,10,0,60
static_team,50,214,1,0,0,0,0,100
corpus_mesh,50,214,1,0,0,0,0,105
single,50,215,1,0,0,0,0,50
reflection,50,215,0,2,11,11,1,61
static_team,50,215,1,2,2,2,0,102
corpus_mesh,50,215,1,0,0,0,0,107
single,50,216,0,4,0,0,1,50
reflection,50,216,1,0,15,15,0,65
static_team,50,216,1,1,1,1,0,101
corpus_mesh,50,216,1,2,2,2,0,113
single,50,217,0,1,0,0,1,50
reflection,50,217,1,0,12,12,0,62
static_team,50,217,1,1,1,1,0,101
corpus_mesh,50,217,1,1,1,1,0,107
single,50,218,1,0,0,0,0,50
reflection,50,218,0,0,13,12,1,63
static_team,50,218,1,1,1,1,0,101
corpus_mesh,50,218,1,0,0,0,0,107
single,50,219,0,2,0,0,1,50
reflection,50,219,0,1,10,10,1,60
static_team,50,219,1,0,0,0,0,101
corpus_mesh,50,219,1,1,1,1,0,112
single,50,220,0,1,0,0,1,50
reflection,50,220,1,0,17,17,0,67
static_team,50,220,1,0,0,0,0,100
corpus_mesh,50,220,1,1,1,0,0,107
single,50,221,0,1,0,0,1,50
reflection,50,221,0,2,13,13,1,63
static_team,50,221,1,1,1,1,0,101
corpus_mesh,50,221,1,0,0,0,0,110
single,50,222,0,2,0,0,1,50
reflection,50,222,1,0,19,19,0,69
static_team,50,222,1,1,1,1,0,101
corpus_mesh,50,222,1,0,0,0,0,101
single,50,223,0,4,0,0,1,50
reflection,50,223,1,1,14,13,0,64
static_team,50,223,1,0,0,0,0,100
corpus_mesh,50,223,1,1,1,1,0,108
single,50,224,0,2,0,0,1,50
reflection,50,224,0,1,15,15,1,65
static_team,50,224,1,0,0,0,0,100
corpus_mesh,50,224,1,0,0,0,0,107
single,50,225,1,0,0,0,0,50
reflection,50,225,1,1,14,14,0,64
static_team,50,225,1,1,1,1,0,101
corpus_mesh,50,225,1,3,3,3,0,109
single,50,226,0,2,0,0,1,50
reflection,50,226,1,0,12,12,0,62
static_team,50,226,1,1,1,1,0,101
corpus_mesh,50,226,1,1,1,1,0,105
single,50,227,1,0,0,0,0,50
reflection,50,227,1,1,19,19,0,69
static_team,50,227,1,0,0,0,0,101
corpus_mesh,50,227,1,0,0,0,0,107
single,50,228,1,0,0,0,0,50
reflection,50,228,1,0,13,13,0,63
static_team,50,228,1,1,1,1,0,102
corpus_mesh,50,228,1,0,0,0,0,109
single,50,229,1,0,0,0,0,50
reflection,50,229,0,2,9,9,1,59
static_team,50,229,1,3,3,3,0,103
corpus_mesh,50,229,1,1,1,1,0,104
single,50,230,1,0,0,0,0,50
reflection,50,230,0,1,17,17,1,67
static_team,50,230,1,1,1,1,0,102
corpus_mesh,50,230,1,1,1,1,0,107
single,50,231,1,0,0,0,0,50
reflection,50,231,1,1,13,13,0,63
static_team,50,231,1,0,0,0,0,100
corpus_mesh,50,231,1,1,1,1,0,108
single,50,232,0,1,0,0,1,50
reflection,50,232,0,2,16,16,1,66
static_team,50,232,1,4,4,4,0,104
corpus_mesh,50,232,1,1,1,1,0,109
single,50,233,0,1,0,0,1,50
reflection,50,233,1,0,15,15,0,65
static_team,50,233,1,1,1,1,0,102
corpus_mesh,50,233,1,0,0,0,0,105
single,50,234,1,0,0,0,0,50
reflection,50,234,1,0,13,13,0,63
static_team,50,234,1,0,0,0,0,100
corpus_mesh,50,234,1,0,0,0,0,106
single,50,235,1,0,0,0,0,50
reflection,50,235,0,1,14,14,1,64
static_team,50,235,1,1,1,1,0,101
corpus_mesh,50,235,1,0,0,0,0,107
single,50,236,0,2,0,0,1,50
reflection,50,236,0,0,14,13,1,64
static_team,50,236,1,0,0,0,0,101
corpus_mesh,50,236,1,1,1,1,0,107
single,50,237,1,0,0,0,0,50
reflection,50,237,0,3,8,8,1,58
static_team,50,237,1,0,0,0,0,100
corpus_mesh,50,237,1,0,0,0,0,105
single,50,238,0,1,0,0,1,50
reflection,50,238,0,2,14,14,1,64
static_team,50,238,1,1,1,1,0,101
corpus_mesh,50,238,1,2,2,2,0,109
single,50,239,0,2,0,0,1,50
reflection,50,239,1,1,14,14,0,64
static_team,50,239,1,1,1,1,0,101
corpus_mesh,50,239,1,0,0,0,0,111
single,50,240,0,1,0,0,1,50
reflection,50,240,0,1,12,12,1,62
static_team,50,240,1,3,3,3,0,103
corpus_mesh,50,240,1,1,1,1,0,110
single,50,241,1,0,0,0,0,50
reflection,50,241,1,0,12,12,0,62
static_team,50,241,1,1,1,1,0,101
corpus_mesh,50,241,1,0,0,0,0,107
single,50,242,1,0,0,0,0,50
reflection,50,242,0,3,14,14,1,64
static_team,50,242,1,1,1,1,0,101
corpus_mesh,50,242,1,2,2,2,0,104
single,50,243,0,1,0,0,1,50
reflection,50,243,1,1,15,15,0,65
static_team,50,243,1,0,0,0,0,100
corpus_mesh,50,243,1,1,1,1,0,107
single,50,244,1,2,0,0,0,50
reflection,50,244,1,0,23,23,0,73
static_team,50,244,1,2,2,2,0,103
corpus_mesh,50,244,1,0,0,0,0,106
single,50,245,0,2,0,0,1,50
reflection,50,245,1,1,11,11,0,61
static_team,50,245,1,1,1,1,0,102
corpus_mesh,50,245,1,0,0,0,0,105
single,50,246,1,0,0,0,0,50
reflection,50,246,1,0,12,12,0,62
static_team,50,246,1,0,0,0,0,101
corpus_mesh,50,246,1,1,1,1,0,106
single,50,247,0,2,0,0,1,50
reflection,50,247,1,0,11,11,0,61
static_team,50,247,1,2,2,2,0,102
corpus_mesh,50,247,1,2,2,2,0,111
single,50,248,1,0,0,0,0,50
reflection,50,248,0,1,14,14,1,64
static_team,50,248,1,2,2,2,0,102
corpus_mesh,50,248,1,1,1,1,0,108
single,50,249,1,0,0,0,0,50
reflection,50,249,0,2,9,9,1,59
static_team,50,249,1,0,0,0,0,101
corpus_mesh,50,249,1,0,0,0,0,108
single,50,250,1,0,0,0,0,50
reflection,50,250,0,2,15,15,1,65
static_team,50,250,1,1,1,1,0,102
corpus_mesh,50,250,0,0,0,0,1,109
single,50,251,0,1,0,0,1,50
reflection,50,251,0,0,17,16,1,67
static_team,50,251,1,1,1,1,0,101
corpus_mesh,50,251,1,1,1,1,0,105
single,50,252,0,1,0,0,1,50
reflection,50,252,1,0,10,10,0,60
static_team,50,252,1,0,0,0,0,100
corpus_mesh,50,252,1,0,0,0,0,106
single,50,253,0,2,0,0,1,50
reflection,50,253,1,1,12,12,0,62
static_team,50,253,1,1,1,1,0,102
corpus_mesh,50,253,1,0,0,0,0,104
single,50,254,1,0,0,0,0,50
reflection,50,254,0,1,13,12,1,63
static_team,50,254,1,0,0,0,0,100
corpus_mesh,50,254,1,0,0,0,0,102
single,50,255,0,1,0,0,1,50
reflection,50,255,0,1,11,11,1,61
static_team,50,255,1,1,1,1,0,102
corpus_mesh,50,255,1,2,2,2,0,111
single,50,256,1,0,0,0,0,50
reflection,50,256,1,0,13,13,0,63
static_team,50,256,1,1,1,1,0,101
corpus_mesh,50,256,1,0,0,0,0,107
single,50,257,0,2,0,0,1,50
reflection,50,257,0,4,9,9,1,59
static_team,50,257,1,3,3,3,0,104
corpus_mesh,50,257,1,0,0,0,0,109
single,50,258,1,0,0,0,0,50
reflection,50,258,0,0,16,15,1,66
static_team,50,258,1,1,1,1,0,101
corpus_mesh,50,258,0,1,0,0,1,103
single,50,259,0,4,0,0,1,50
reflection,50,259,0,2,18,18,1,68
static_team,50,259,1,2,2,2,0,102
corpus_mesh,50,259,1,1,1,1,0,108
single,50,260,1,2,0,0,0,50
reflection,50,260,1,0,12,12,0,62
static_team,50,260,1,0,0,0,0,100
corpus_mesh,50,260,1,1,1,1,0,111
single,50,261,1,0,0,0,0,50
reflection,50,261,1,1,14,14,0,64
static_team,50,261,1,1,1,1,0,101
corpus_mesh,50,261,1,0,0,0,0,105
single,50,262,0,1,0,0,1,50
reflection,50,262,1,0,16,16,0,66
static_team,50,262,1,0,0,0,0,100
corpus_mesh,50,262,1,1,1,1,0,110
single,50,263,1,0,0,0,0,50
reflection,50,263,0,1,6,6,1,56
static_team,50,263,1,1,1,1,0,101
corpus_mesh,50,263,1,0,0,0,0,104
single,50,264,0,2,0,0,1,50
reflection,50,264,1,0,10,10,0,60
static_team,50,264,1,0,0,0,0,100
corpus_mesh,50,264,1,1,1,1,0,110
single,50,265,0,1,0,0,1,50
reflection,50,265,0,1,14,13,1,64
static_team,50,265,1,0,0,0,0,100
corpus_mesh,50,265,1,0,0,0,0,106
single,50,266,1,0,0,0,0,50
reflection,50,266,0,1,16,16,1,66
static_team,50,266,1,2,2,2,0,102
corpus_mesh,50,266,1,1,1,1,0,110
single,50,267,1,0,0,0,0,50
reflection,50,267,0,1,15,15,1,65
static_team,50,267,1,1,1,1,0,102
corpus_mesh,50,267,1,2,2,2,0,106
single,50,268,0,2,0,0,1,50
reflection,50,268,0,1,18,17,1,68
static_team,50,268,1,0,0,0,0,100
corpus_mesh,50,268,0,1,1,0,1,107
single,50,269,1,0,0,0,0,50
reflection,50,269,1,0,13,13,0,63
static_team,50,269,1,2,2,2,0,102
corpus_mesh,50,269,1,2,2,2,0,107
single,50,270,0,1,0,0,1,50
reflection,50,270,1,0,14,14,0,64
static_team,50,270,1,1,1,1,0,103
corpus_mesh,50,270,1,1,1,1,0,105
single,50,271,0,2,0,0,1,50
reflection,50,271,1,2,12,12,0,62
static_team,50,271,1,0,0,0,0,100
corpus_mesh,50,271,1,2,2,2,0,117
single,50,272,1,0,0,0,0,50
reflection,50,272,0,1,18,18,1,68
static_team,50,272,0,0,0,0,1,102
corpus_mesh,50,272,1,1,1,1,0,103
single,50,273,1,0,0,0,0,50
reflection,50,273,1,0,12,12,0,62
static_team,50,273,1,1,1,1,0,101
corpus_mesh,50,273,1,1,1,1,0,106
single,50,274,0,1,0,0,1,50
reflection,50,274,1,0,16,16,0,66
static_team,50,274,1,0,0,0,0,101
corpus_mesh,50,274,1,2,2,2,0,109
single,50,275,1,0,0,0,0,50
reflection,50,275,0,1,16,16,1,66
static_team,50,275,1,3,3,3,0,103
corpus_mesh,50,275,1,0,0,0,0,106
single,50,276,1,0,0,0,0,50
reflection,50,276,0,0,16,15,1,66
static_team,50,276,1,1,1,1,0,101
corpus_mesh,50,276,1,2,2,2,0,109
single,50,277,0,2,0,0,1,50
reflection,50,277,1,0,14,14,0,64
static_team,50,277,1,0,0,0,0,100
corpus_mesh,50,277,1,1,1,1,0,105
single,50,278,1,0,0,0,0,50
reflection,50,278,0,1,11,11,1,61
static_team,50,278,1,0,0,0,0,100
corpus_mesh,50,278,1,0,0,0,0,102
single,50,279,1,0,0,0,0,50
reflection,50,279,0,2,16,14,1,66
static_team,50,279,1,1,1,1,0,101
corpus_mesh,50,279,1,2,2,2,0,109
single,50,280,0,1,0,0,1,50
reflection,50,280,0,1,12,12,1,62
static_team,50,280,1,1,1,1,0,102
corpus_mesh,50,280,1,0,0,0,0,109
single,50,281,1,0,0,0,0,50
reflection,50,281,0,1,18,17,1,68
static_team,50,281,1,1,1,1,0,101
corpus_mesh,50,281,0,2,1,1,1,108
single,50,282,1,0,0,0,0,50
reflection,50,282,0,4,12,12,1,62
static_team,50,282,1,1,1,1,0,101
corpus_mesh,50,282,1,0,0,0,0,103
single,50,283,1,0,0,0,0,50
reflection,50,283,0,1,16,16,1,66
static_team,50,283,1,0,0,0,0,100
corpus_mesh,50,283,0,1,1,0,1,103
single,50,284,1,0,0,0,0,50
reflection,50,284,0,1,8,8,1,58
static_team,50,284,1,0,0,0,0,101
corpus_mesh,50,284,1,0,0,0,0,108
single,50,285,1,0,0,0,0,50
reflection,50,285,0,1,9,9,1,59
static_team,50,285,1,0,0,0,0,100
corpus_mesh,50,285,1,1,1,1,0,104
single,50,286,1,0,0,0,0,50
reflection,50,286,1,0,13,13,0,63
static_team,50,286,1,1,1,1,0,101
corpus_mesh,50,286,1,0,0,0,0,102
single,50,287,0,1,0,0,1,50
reflection,50,287,0,1,12,12,1,62
static_team,50,287,1,0,0,0,0,100
corpus_mesh,50,287,1,2,2,2,0,109
single,50,288,0,3,0,0,1,50
reflection,50,288,0,1,13,13,1,63
static_team,50,288,1,2,2,2,0,102
corpus_mesh,50,288,1,1,1,1,0,107
single,50,289,1,2,0,0,0,50
reflection,50,289,0,1,16,16,1,66
static_team,50,289,1,0,0,0,0,100
corpus_mesh,50,289,1,0,0,0,0,108
single,50,290,1,0,0,0,0,50
reflection,50,290,1,3,13,13,0,63
static_team,50,290,1,1,1,1,0,101
corpus_mesh,50,290,1,2,2,2,0,112
single,50,291,1,0,0,0,0,50
reflection,50,291,0,1,13,12,1,63
static_team,50,291,1,0,0,0,0,102
corpus_mesh,50,291,1,1,1,1,0,105
single,50,292,1,0,0,0,0,50
reflection,50,292,0,2,17,17,1,67
static_team,50,292,1,2,2,2,0,102
corpus_mesh,50,292,1,1,1,1,0,108
single,50,293,0,1,0,0,1,50
reflection,50,293,1,0,20,20,0,70
static_team,50,293,1,1,1,1,0,101
corpus_mesh,50,293,1,2,2,2,0,109
single,50,294,1,0,0,0,0,50
reflection,50,294,0,2,10,10,1,60
static_team,50,294,1,0,0,0,0,100
corpus_mesh,50,294,1,1,1,1,0,106
single,50,295,1,0,0,0,0,50
reflection,50,295,0,1,13,13,1,63
static_team,50,295,1,0,0,0,0,100
corpus_mesh,50,295,1,1,1,1,0,107
single,50,296,1,0,0,0,0,50
reflection,50,296,1,0,17,17,0,67
static_team,50,296,1,1,1,1,0,102
corpus_mesh,50,296,1,0,0,0,0,108
single,50,297,0,2,0,0,1,50
reflection,50,297,0,2,8,8,1,58
static_team,50,297,1,2,2,2,0,103
corpus_mesh,50,297,1,2,2,2,0,110
single,50,298,0,1,0,0,1,50
reflection,50,298,0,1,9,8,1,59
static_team,50,298,1,1,1,1,0,101
corpus_mesh,50,298,1,1,1,1,0,108
single,50,299,1,0,0,0,0,50
reflection,50,299,1,1,20,20,0,70
static_team,50,299,1,0,0,0,0,100
corpus_mesh,50,299,1,0,0,0,0,111
single,50,300,0,1,0,0,1,50
reflection,50,300,0,1,14,13,1,64
static_team,50,300,1,0,0,0,0,100
corpus_mesh,50,300,1,1,1,1,0,110
single,50,301,1,0,0,0,0,50
reflection,50,301,0,1,13,13,1,63
static_team,50,301,1,1,1,1,0,101
corpus_mesh,50,301,1,0,0,0,0,107
single,50,302,1,0,0,0,0,50
reflection,50,302,1,0,17,17,0,67
static_team,50,302,1,0,0,0,0,100
corpus_mesh,50,302,1,0,0,0,0,107
single,50,303,0,2,0,0,1,50
reflection,50,303,0,1,18,18,1,68
static_team,50,303,1,0,0,0,0,101
corpus_mesh,50,303,1,1,1,1,0,116
single,50,304,0,2,0,0,1,50
reflection,50,304,0,0,15,14,1,65
static_team,50,304,1,0,0,0,0,100
corpus_mesh,50,304,1,1,1,1,0,111
single,50,305,0,1,0,0,1,50
reflection,50,305,0,1,16,14,1,66
static_team,50,305,1,2,2,2,0,102
corpus_mesh,50,305,1,0,0,0,0,108
single,50,306,0,2,0,0,1,50
reflection,50,306,0,1,15,15,1,65
static_team,50,306,1,0,0,0,0,101
corpus_mesh,50,306,1,0,0,0,0,103
single,50,307,0,1,0,0,1,50
reflection,50,307,0,3,12,12,1,62
static_team,50,307,1,0,0,0,0,101
corpus_mesh,50,307,1,0,0,0,0,102
single,50,308,0,1,0,0,1,50
reflection,50,308,0,1,15,15,1,65
static_team,50,308,1,1,1,1,0,102
corpus_mesh,50,308,1,0,0,0,0,104
single,50,309,1,3,0,0,0,50
reflection,50,309,0,2,15,15,1,65
static_team,50,309,1,1,1,1,0,102
corpus_mesh,50,309,1,0,0,0,0,111
single,50,310,1,0,0,0,0,50
reflection,50,310,0,1,14,14,1,64
static_team,50,310,1,1,1,1,0,101
corpus_mesh,50,310,1,0,0,0,0,102
single,50,311,0,1,0,0,1,50
reflection,50,311,0,1,12,12,1,62
static_team,50,311,1,0,0,0,0,100
corpus_mesh,50,311,1,3,3,3,0,111
single,50,312,0,1,0,0,1,50
reflection,50,312,0,0,13,12,1,63
static_team,50,312,1,1,1,1,0,101
corpus_mesh,50,312,1,0,0,0,0,107
single,50,313,1,0,0,0,0,50
reflection,50,313,0,1,11,11,1,61
static_team,50,313,1,0,0,0,0,100
corpus_mesh,50,313,1,1,1,1,0,111
single,50,314,1,0,0,0,0,50
reflection,50,314,1,0,10,10,0,60
static_team,50,314,1,1,1,1,0,101
corpus_mesh,50,314,1,0,0,0,0,107
single,50,315,1,0,0,0,0,50
reflection,50,315,1,0,18,18,0,68
static_team,50,315,1,0,0,0,0,101
corpus_mesh,50,315,1,3,3,3,0,113
single,50,316,1,0,0,0,0,50
reflection,50,316,0,2,13,13,1,63
static_team,50,316,1,1,1,1,0,102
corpus_mesh,50,316,1,1,1,1,0,107
single,50,317,1,0,0,0,0,50
reflection,50,317,0,2,15,15,1,65
static_team,50,317,1,2,2,2,0,102
corpus_mesh,50,317,1,0,0,0,0,103
single,50,318,0,1,0,0,1,50
reflection,50,318,1,0,15,15,0,65
static_team,50,318,1,1,1,1,0,102
corpus_mesh,50,318,1,0,0,0,0,111
single,50,319,0,1,0,0,1,50
reflection,50,319,0,2,17,17,1,67
static_team,50,319,1,2,2,2,0,103
corpus_mesh,50,319,1,0,0,0,0,106
single,50,320,1,0,0,0,0,50
reflection,50,320,0,2,19,19,1,69
static_team,50,320,1,1,1,1,0,101
corpus_mesh,50,320,1,1,1,1,0,108
single,50,321,0,1,0,0,1,50
reflection,50,321,1,0,14,14,0,64
static_team,50,321,1,2,2,2,0,102
corpus_mesh,50,321,1,0,0,0,0,104
single,50,322,1,0,0,0,0,50
reflection,50,322,1,0,16,16,0,66
static_team,50,322,1,1,1,1,0,102
corpus_mesh,50,322,0,1,1,0,1,106
single,50,323,1,0,0,0,0,50
reflection,50,323,0,1,10,10,1,60
static_team,50,323,1,1,1,1,0,101
corpus_mesh,50,323,1,0,0,0,0,105
single,50,324,0,1,0,0,1,50
reflection,50,324,1,0,19,19,0,69
static_team,50,324,1,2,2,2,0,103
corpus_mesh,50,324,1,1,1,1,0,111
single,50,325,1,0,0,0,0,50
reflection,50,325,0,2,13,12,1,63
static_team,50,325,1,0,0,0,0,101
corpus_mesh,50,325,1,1,1,1,0,107
single,50,326,1,0,0,0,0,50
reflection,50,326,0,1,10,10,1,60
static_team,50,326,1,2,2,2,0,102
corpus_mesh,50,326,1,1,1,1,0,105
single,50,327,1,0,0,0,0,50
reflection,50,327,1,0,15,15,0,65
static_team,50,327,1,1,1,1,0,101
corpus_mesh,50,327,1,1,1,1,0,108
single,50,328,1,0,0,0,0,50
reflection,50,328,1,0,11,11,0,61
static_team,50,328,1,0,0,0,0,100
corpus_mesh,50,328,1,1,1,1,0,108
single,50,329,0,2,0,0,1,50
reflection,50,329,0,2,15,15,1,65
static_team,50,329,1,2,2,2,0,103
corpus_mesh,50,329,1,0,0,0,0,106
single,50,330,0,1,0,0,1,50
reflection,50,330,0,1,12,12,1,62
static_team,50,330,1,0,0,0,0,100
corpus_mesh,50,330,1,0,0,0,0,103
single,50,331,1,0,0,0,0,50
reflection,50,331,1,1,13,13,0,63
static_team,50,331,1,2,2,2,0,102
corpus_mesh,50,331,1,1,1,1,0,104
single,50,332,0,1,0,0,1,50
reflection,50,332,0,2,20,20,1,70
static_team,50,332,1,0,0,0,0,100
corpus_mesh,50,332,1,0,0,0,0,102
single,50,333,1,0,0,0,0,50
reflection,50,333,1,0,16,16,0,66
static_team,50,333,1,1,1,1,0,101
corpus_mesh,50,333,1,0,0,0,0,103
single,50,334,1,0,0,0,0,50
reflection,50,334,1,0,15,15,0,65
static_team,50,334,1,0,0,0,0,100
corpus_mesh,50,334,1,0,0,0,0,102
single,50,335,0,1,0,0,1,50
reflection,50,335,1,0,15,15,0,65
static_team,50,335,1,1,1,1,0,102
corpus_mesh,50,335,1,0,0,0,0,104
single,50,336,0,1,0,0,1,50
reflection,50,336,0,1,14,14,1,64
static_team,50,336,1,0,0,0,0,100
corpus_mesh,50,336,1,2,2,2,0,109
single,50,337,0,3,0,0,1,50
reflection,50,337,0,1,19,18,1,69
static_team,50,337,1,2,2,2,0,103
corpus_mesh,50,337,1,1,1,1,0,112
single,50,338,0,1,0,0,1,50
reflection,50,338,0,1,15,14,1,65
static_team,50,338,1,1,1,1,0,101
corpus_mesh,50,338,1,1,1,1,0,106
single,50,339,0,1,0,0,1,50
reflection,50,339,1,0,17,17,0,67
static_team,50,339,1,0,0,0,0,100
corpus_mesh,50,339,1,0,0,0,0,111
single,50,340,0,1,0,0,1,50
reflection,50,340,0,1,13,12,1,63
static_team,50,340,1,2,2,2,0,102
corpus_mesh,50,340,1,2,2,2,0,106
single,50,341,1,0,0,0,0,50
reflection,50,341,1,2,16,16,0,66
static_team,50,341,1,1,1,1,0,103
corpus_mesh,50,341,1,1,1,1,0,107
single,50,342,0,2,0,0,1,50
reflection,50,342,0,2,10,10,1,60
static_team,50,342,0,1,1,0,1,101
corpus_mesh,50,342,1,0,0,0,0,104
single,50,343,0,1,0,0,1,50
reflection,50,343,0,1,15,15,1,65
static_team,50,343,1,2,2,2,0,102
corpus_mesh,50,343,1,1,1,1,0,104
single,50,344,1,0,0,0,0,50
reflection,50,344,1,0,15,15,0,65
static_team,50,344,1,1,1,1,0,101
corpus_mesh,50,344,1,0,0,0,0,100
single,50,345,1,0,0,0,0,50
reflection,50,345,1,0,8,8,0,58
static_team,50,345,1,1,1,1,0,101
corpus_mesh,50,345,1,1,1,1,0,107
single,50,346,1,0,0,0,0,50
reflection,50,346,0,1,18,18,1,68
static_team,50,346,1,0,0,0,0,101
corpus_mesh,50,346,1,0,0,0,0,107
single,50,347,1,0,0,0,0,50
reflection,50,347,0,3,8,8,1,58
static_team,50,347,1,2,2,2,0,103
corpus_mesh,50,347,1,0,0,0,0,102
single,50,348,0,1,0,0,1,50
reflection,50,348,1,1,16,16,0,66
static_team,50,348,1,1,1,1,0,101
corpus_mesh,50,348,1,1,1,1,0,106
single,50,349,0,1,0,0,1,50
reflection,50,349,1,0,10,10,0,60
static_team,50,349,1,0,0,0,0,100
corpus_mesh,50,349,1,0,0,0,0,101
single,50,350,0,1,0,0,1,50
reflection,50,350,0,1,10,10,1,60
static_team,50,350,1,1,1,1,0,101
corpus_mesh,50,350,1,1,1,1,0,104
single,50,351,0,1,0,0,1,50
reflection,50,351,1,1,16,16,0,66
static_team,50,351,1,0,0,0,0,101
corpus_mesh,50,351,1,0,0,0,0,107
single,50,352,1,0,0,0,0,50
reflection,50,352,1,0,11,11,0,61
static_team,50,352,1,0,0,0,0,100
corpus_mesh,50,352,1,2,2,2,0,110
single,50,353,0,1,0,0,1,50
reflection,50,353,1,0,13,13,0,63
static_team,50,353,1,1,1,1,0,102
corpus_mesh,50,353,1,0,0,0,0,107
single,50,354,0,2,0,0,1,50
reflection,50,354,1,1,17,17,0,67
static_team,50,354,1,1,1,1,0,101
corpus_mesh,50,354,1,1,1,1,0,110
single,50,355,0,1,0,0,1,50
reflection,50,355,1,2,15,15,0,65
static_team,50,355,1,0,0,0,0,100
corpus_mesh,50,355,1,5,5,5,0,114
single,50,356,1,0,0,0,0,50
reflection,50,356,1,0,12,12,0,62
static_team,50,356,1,0,0,0,0,100
corpus_mesh,50,356,1,0,0,0,0,109
single,50,357,1,3,0,0,0,50
reflection,50,357,1,0,10,10,0,60
static_team,50,357,1,0,0,0,0,101
corpus_mesh,50,357,1,0,0,0,0,105
single,50,358,0,1,0,0,1,50
reflection,50,358,0,0,11,10,1,61
static_team,50,358,1,0,0,0,0,101
corpus_mesh,50,358,1,1,1,1,0,106
single,50,359,0,1,0,0,1,50
reflection,50,359,0,1,14,14,1,64
static_team,50,359,1,0,0,0,0,100
corpus_mesh,50,359,0,1,1,0,1,110
single,50,360,1,0,0,0,0,50
reflection,50,360,0,2,17,17,1,67
static_team,50,360,1,0,0,0,0,100
corpus_mesh,50,360,1,0,0,0,0,106
single,50,361,0,1,0,0,1,50
reflection,50,361,1,0,16,16,0,66
static_team,50,361,1,3,3,3,0,103
corpus_mesh,50,361,1,2,2,2,0,109
single,50,362,1,0,0,0,0,50
reflection,50,362,0,2,11,11,1,61
static_team,50,362,1,0,0,0,0,100
corpus_mesh,50,362,0,0,0,0,1,106
single,50,363,0,1,0,0,1,50
reflection,50,363,1,0,15,15,0,65
static_team,50,363,1,1,1,1,0,101
corpus_mesh,50,363,1,0,0,0,0,102
single,50,364,1,0,0,0,0,50
reflection,50,364,1,1,16,16,0,66
static_team,50,364,1,0,0,0,0,100
corpus_mesh,50,364,1,0,0,0,0,105
single,50,365,0,2,0,0,1,50
reflection,50,365,1,0,9,9,0,59
static_team,50,365,1,2,2,2,0,102
corpus_mesh,50,365,1,1,1,1,0,110
single,50,366,0,1,0,0,1,50
reflection,50,366,1,1,14,14,0,64
static_team,50,366,1,1,1,1,0,101
corpus_mesh,50,366,1,0,0,0,0,106
single,50,367,0,1,0,0,1,50
reflection,50,367,0,2,10,10,1,60
static_team,50,367,1,0,0,0,0,100
corpus_mesh,50,367,1,0,0,0,0,106
single,50,368,0,1,0,0,1,50
reflection,50,368,1,1,18,18,0,68
static_team,50,368,1,0,0,0,0,100
corpus_mesh,50,368,1,1,1,1,0,105
single,50,369,1,0,0,0,0,50
reflection,50,369,1,0,10,8,0,60
static_team,50,369,1,0,0,0,0,100
corpus_mesh,50,369,1,0,0,0,0,104
single,50,370,1,0,0,0,0,50
reflection,50,370,0,0,16,15,1,66
static_team,50,370,1,1,1,1,0,101
corpus_mesh,50,370,1,2,2,2,0,109
single,50,371,0,1,0,0,1,50
reflection,50,371,0,2,13,13,1,63
static_team,50,371,1,0,0,0,0,100
corpus_mesh,50,371,1,1,1,1,0,113
single,50,372,0,1,0,0,1,50
reflection,50,372,0,1,11,11,1,61
static_team,50,372,1,1,1,1,0,101
corpus_mesh,50,372,1,0,0,0,0,106
single,50,373,1,0,0,0,0,50
reflection,50,373,0,2,14,13,1,64
static_team,50,373,1,0,0,0,0,100
corpus_mesh,50,373,1,0,0,0,0,112
single,50,374,1,0,0,0,0,50
reflection,50,374,0,3,14,14,1,64
static_team,50,374,1,1,1,1,0,101
corpus_mesh,50,374,1,1,1,1,0,108
single,50,375,0,1,0,0,1,50
reflection,50,375,1,0,14,14,0,64
static_team,50,375,1,1,1,1,0,102
corpus_mesh,50,375,1,0,0,0,0,107
single,50,376,0,1,0,0,1,50
reflection,50,376,0,2,18,18,1,68
static_team,50,376,1,1,1,1,0,103
corpus_mesh,50,376,1,1,1,1,0,109
single,50,377,1,0,0,0,0,50
reflection,50,377,1,1,14,14,0,64
static_team,50,377,1,1,1,1,0,101
corpus_mesh,50,377,1,0,0,0,0,107
single,50,378,0,1,0,0,1,50
reflection,50,378,1,0,8,8,0,58
static_team,50,378,1,1,1,1,0,101
corpus_mesh,50,378,1,0,0,0,0,104
single,50,379,0,3,0,0,1,50
reflection,50,379,0,2,16,15,1,66
static_team,50,379,1,0,0,0,0,101
corpus_mesh,50,379,1,0,0,0,0,107
single,50,380,0,1,0,0,1,50
reflection,50,380,1,1,16,16,0,66
static_team,50,380,1,0,0,0,0,100
corpus_mesh,50,380,1,1,1,1,0,110
single,50,381,1,0,0,0,0,50
reflection,50,381,0,1,17,16,1,67
static_team,50,381,1,1,1,1,0,101
corpus_mesh,50,381,1,1,1,1,0,107
single,50,382,0,4,0,0,1,50
reflection,50,382,1,0,15,15,0,65
static_team,50,382,1,0,0,0,0,100
corpus_mesh,50,382,1,1,1,1,0,108
single,50,383,0,1,0,0,1,50
reflection,50,383,0,1,15,15,1,65
static_team,50,383,1,0,0,0,0,100
corpus_mesh,50,383,1,1,1,1,0,102
single,50,384,1,0,0,0,0,50
reflection,50,384,1,0,12,12,0,62
static_team,50,384,1,0,0,0,0,101
corpus_mesh,50,384,1,2,2,2,0,115
single,50,385,0,1,0,0,1,50
reflection,50,385,0,1,18,18,1,68
static_team,50,385,1,0,0,0,0,100
corpus_mesh,50,385,1,0,0,0,0,109
single,50,386,1,0,0,0,0,50
reflection,50,386,0,2,14,14,1,64
static_team,50,386,1,2,2,2,0,102
corpus_mesh,50,386,0,2,2,1,1,109
single,50,387,1,0,0,0,0,50
reflection,50,387,0,1,15,14,1,65
static_team,50,387,1,1,1,1,0,102
corpus_mesh,50,387,1,0,0,0,0,104
single,50,388,0,1,0,0,1,50
reflection,50,388,0,1,13,13,1,63
static_team,50,388,1,1,1,1,0,101
corpus_mesh,50,388,1,0,0,0,0,109
single,50,389,0,1,0,0,1,50
reflection,50,389,1,0,17,17,0,67
static_team,50,389,1,0,0,0,0,100
corpus_mesh,50,389,1,2,2,2,0,115
single,50,390,0,3,0,0,1,50
reflection,50,390,0,2,15,15,1,65
static_team,50,390,1,2,2,2,0,102
corpus_mesh,50,390,1,0,0,0,0,106
single,50,391,0,1,0,0,1,50
reflection,50,391,0,0,16,15,1,66
static_team,50,391,1,1,1,1,0,101
corpus_mesh,50,391,1,2,2,2,0,108
single,50,392,0,1,0,0,1,50
reflection,50,392,0,1,17,16,1,67
static_team,50,392,1,0,0,0,0,100
corpus_mesh,50,392,1,1,1,1,0,107
single,50,393,1,0,0,0,0,50
reflection,50,393,0,2,13,13,1,63
static_team,50,393,1,1,1,1,0,102
corpus_mesh,50,393,1,1,1,1,0,105
single,50,394,0,2,0,0,1,50
reflection,50,394,1,1,10,10,0,60
static_team,50,394,1,0,0,0,0,100
corpus_mesh,50,394,1,1,1,1,0,108
single,50,395,0,1,0,0,1,50
reflection,50,395,0,1,8,8,1,58
static_team,50,395,1,3,3,3,0,103
corpus_mesh,50,395,1,1,1,1,0,108
single,50,396,1,0,0,0,0,50
reflection,50,396,1,0,16,16,0,66
static_team,50,396,1,0,0,0,0,101
corpus_mesh,50,396,1,0,0,0,0,104
single,50,397,0,2,0,0,1,50
reflection,50,397,1,2,12,12,0,62
static_team,50,397,1,0,0,0,0,100
corpus_mesh,50,397,1,1,1,1,0,110
single,50,398,0,2,0,0,1,50
reflection,50,398,0,4,13,13,1,63
static_team,50,398,1,1,1,1,0,101
corpus_mesh,50,398,1,0,0,0,0,101
single,50,399,1,0,0,0,0,50
reflection,50,399,1,0,7,7,0,57
static_team,50,399,0,0,0,0,1,101
corpus_mesh,50,399,1,1,1,1,0,105
single,50,400,0,1,0,0,1,50
reflection,50,400,0,1,16,16,1,66
static_team,50,400,1,2,2,2,0,103
corpus_mesh,50,400,1,0,0,0,0,108
single,50,401,0,1,0,0,1,50
reflection,50,401,1,0,10,10,0,60
static_team,50,401,1,0,0,0,0,101
corpus_mesh,50,401,1,2,2,2,0,107
single,50,402,1,0,0,0,0,50
reflection,50,402,1,0,12,12,0,62
static_team,50,402,1,2,2,2,0,102
corpus_mesh,50,402,1,0,0,0,0,109
single,50,403,0,1,0,0,1,50
reflection,50,403,0,2,16,16,1,66
static_team,50,403,1,0,0,0,0,100
corpus_mesh,50,403,1,1,1,1,0,111
single,50,404,1,0,0,0,0,50
reflection,50,404,0,0,15,14,1,65
static_team,50,404,1,1,1,1,0,101
corpus_mesh,50,404,1,1,1,1,0,111
single,50,405,0,1,0,0,1,50
reflection,50,405,1,0,10,10,0,60
static_team,50,405,1,5,5,5,0,105
corpus_mesh,50,405,1,1,1,1,0,106
single,50,406,0,1,0,0,1,50
reflection,50,406,1,0,18,18,0,68
static_team,50,406,1,0,0,0,0,100
corpus_mesh,50,406,1,0,0,0,0,111
single,50,407,0,3,0,0,1,50
reflection,50,407,1,0,13,13,0,63
static_team,50,407,1,0,0,0,0,100
corpus_mesh,50,407,1,0,0,0,0,108
single,50,408,0,1,0,0,1,50
reflection,50,408,1,0,12,12,0,62
static_team,50,408,1,1,1,1,0,101
corpus_mesh,50,408,1,0,0,0,0,107
single,50,409,0,2,0,0,1,50
reflection,50,409,1,0,12,12,0,62
static_team,50,409,1,1,1,1,0,101
corpus_mesh,50,409,1,1,1,1,0,109
single,50,410,1,0,0,0,0,50
reflection,50,410,1,1,14,14,0,64
static_team,50,410,1,0,0,0,0,100
corpus_mesh,50,410,1,0,0,0,0,110
single,50,411,0,1,0,0,1,50
reflection,50,411,0,1,14,11,1,64
static_team,50,411,1,2,2,2,0,102
corpus_mesh,50,411,1,0,0,0,0,106
single,50,412,1,0,0,0,0,50
reflection,50,412,1,0,12,12,0,62
static_team,50,412,1,0,0,0,0,100
corpus_mesh,50,412,1,2,2,2,0,107
single,50,413,0,1,0,0,1,50
reflection,50,413,0,0,16,15,1,66
static_team,50,413,1,0,0,0,0,101
corpus_mesh,50,413,1,2,2,2,0,108
single,50,414,1,0,0,0,0,50
reflection,50,414,1,0,15,15,0,65
static_team,50,414,1,0,0,0,0,100
corpus_mesh,50,414,1,1,1,1,0,109
single,50,415,1,0,0,0,0,50
reflection,50,415,0,2,12,11,1,62
static_team,50,415,1,2,2,2,0,102
corpus_mesh,50,415,1,2,2,2,0,108
single,50,416,0,2,0,0,1,50
reflection,50,416,1,1,14,14,0,64
static_team,50,416,1,0,0,0,0,102
corpus_mesh,50,416,1,1,1,1,0,104
single,50,417,0,1,0,0,1,50
reflection,50,417,0,0,12,11,1,62
static_team,50,417,1,0,0,0,0,100
corpus_mesh,50,417,1,0,0,0,0,111
single,50,418,1,0,0,0,0,50
reflection,50,418,1,0,17,17,0,67
static_team,50,418,1,1,1,1,0,102
corpus_mesh,50,418,1,1,1,1,0,113
single,50,419,0,2,0,0,1,50
reflection,50,419,1,0,13,13,0,63
static_team,50,419,1,0,0,0,0,100
corpus_mesh,50,419,1,1,1,1,0,113
single,50,420,0,1,0,0,1,50
reflection,50,420,0,0,16,15,1,66
static_team,50,420,1,2,2,2,0,102
corpus_mesh,50,420,1,1,1,1,0,109
single,50,421,1,0,0,0,0,50
reflection,50,421,1,0,19,19,0,69
static_team,50,421,1,1,1,1,0,101
corpus_mesh,50,421,1,2,2,2,0,107
single,50,422,1,0,0,0,0,50
reflection,50,422,0,1,13,13,1,63
static_team,50,422,1,0,0,0,0,100
corpus_mesh,50,422,1,2,2,2,0,108
single,50,423,0,1,0,0,1,50
reflection,50,423,1,0,16,16,0,66
static_team,50,423,1,0,0,0,0,100
corpus_mesh,50,423,1,2,2,2,0,112
single,50,424,1,0,0,0,0,50
reflection,50,424,0,1,17,17,1,67
static_team,50,424,1,1,1,1,0,103
corpus_mesh,50,424,1,0,0,0,0,104
single,50,425,0,3,0,0,1,50
reflection,50,425,0,1,14,14,1,64
static_team,50,425,1,0,0,0,0,100
corpus_mesh,50,425,1,0,0,0,0,109
single,50,426,0,1,0,0,1,50
reflection,50,426,0,2,21,21,1,71
static_team,50,426,1,1,1,1,0,101
corpus_mesh,50,426,1,0,0,0,0,102
single,50,427,1,0,0,0,0,50
reflection,50,427,0,1,18,16,1,68
static_team,50,427,1,0,0,0,0,100
corpus_mesh,50,427,1,2,2,2,0,107
single,50,428,1,0,0,0,0,50
reflection,50,428,0,1,11,11,1,61
static_team,50,428,1,0,0,0,0,101
corpus_mesh,50,428,1,1,1,1,0,108
single,50,429,0,1,0,0,1,50
reflection,50,429,1,0,15,15,0,65
static_team,50,429,1,0,0,0,0,100
corpus_mesh,50,429,1,1,1,1,0,107
single,50,430,0,1,0,0,1,50
reflection,50,430,1,0,18,18,0,68
static_team,50,430,1,2,2,2,0,102
corpus_mesh,50,430,1,1,1,1,0,107
single,50,431,0,1,0,0,1,50
reflection,50,431,0,2,15,15,1,65
static_team,50,431,1,1,1,1,0,102
corpus_mesh,50,431,1,0,0,0,0,105
single,50,432,0,1,0,0,1,50
reflection,50,432,1,0,8,8,0,58
static_team,50,432,0,1,1,0,1,101
corpus_mesh,50,432,1,1,1,1,0,110
single,50,433,1,0,0,0,0,50
reflection,50,433,1,0,22,20,0,72
static_team,50,433,1,1,1,1,0,101
corpus_mesh,50,433,1,1,1,1,0,105
single,50,434,1,0,0,0,0,50
reflection,50,434,1,0,17,17,0,67
static_team,50,434,1,2,2,2,0,103
corpus_mesh,50,434,1,0,0,0,0,107
single,50,435,1,0,0,0,0,50
reflection,50,435,0,0,18,17,1,68
static_team,50,435,1,0,0,0,0,100
corpus_mesh,50,435,1,1,1,1,0,109
single,50,436,0,1,0,0,1,50
reflection,50,436,0,1,19,18,1,69
static_team,50,436,1,2,2,2,0,103
corpus_mesh,50,436,1,1,1,1,0,107
single,50,437,1,0,0,0,0,50
reflection,50,437,0,1,14,14,1,64
static_team,50,437,1,0,0,0,0,101
corpus_mesh,50,437,1,1,1,1,0,110
single,50,438,0,2,0,0,1,50
reflection,50,438,0,1,11,11,1,61
static_team,50,438,1,0,0,0,0,100
corpus_mesh,50,438,1,1,1,1,0,109
single,50,439,1,0,0,0,0,50
reflection,50,439,1,0,18,18,0,68
static_team,50,439,1,2,2,2,0,102
corpus_mesh,50,439,1,1,1,1,0,112
single,50,440,0,1,0,0,1,50
reflection,50,440,0,1,11,10,1,61
static_team,50,440,1,0,0,0,0,100
corpus_mesh,50,440,1,2,2,2,0,110
single,50,441,1,0,0,0,0,50
reflection,50,441,0,1,10,10,1,60
static_team,50,441,1,2,2,2,0,102
corpus_mesh,50,441,1,0,0,0,0,111
single,50,442,0,2,0,0,1,50
reflection,50,442,1,0,16,16,0,66
static_team,50,442,1,1,1,1,0,101
corpus_mesh,50,442,1,1,1,1,0,107
single,50,443,0,1,0,0,1,50
reflection,50,443,1,1,10,10,0,60
static_team,50,443,1,1,1,1,0,101
corpus_mesh,50,443,1,1,1,1,0,107
single,50,444,1,0,0,0,0,50
reflection,50,444,1,0,7,7,0,57
static_team,50,444,1,1,1,1,0,101
corpus_mesh,50,444,1,1,1,1,0,107
single,50,445,1,0,0,0,0,50
reflection,50,445,0,2,17,16,1,67
static_team,50,445,1,1,1,1,0,101
corpus_mesh,50,445,1,0,0,0,0,108
single,50,446,0,1,0,0,1,50
reflection,50,446,1,1,11,11,0,61
static_team,50,446,1,0,0,0,0,101
corpus_mesh,50,446,1,0,0,0,0,107
single,50,447,0,2,0,0,1,50
reflection,50,447,1,0,19,19,0,69
static_team,50,447,1,1,1,1,0,101
corpus_mesh,50,447,1,1,1,1,0,104
single,50,448,0,1,0,0,1,50
reflection,50,448,1,1,17,17,0,67
static_team,50,448,1,0,0,0,0,100
corpus_mesh,50,448,1,0,0,0,0,107
single,50,449,1,0,0,0,0,50
reflection,50,449,1,0,13,13,0,63
static_team,50,449,1,1,1,1,0,101
corpus_mesh,50,449,1,1,1,1,0,105
single,50,450,1,0,0,0,0,50
reflection,50,450,0,1,17,16,1,67
static_team,50,450,1,0,0,0,0,100
corpus_mesh,50,450,1,0,0,0,0,105
single,50,451,0,1,0,0,1,50
reflection,50,451,1,0,14,14,0,64
static_team,50,451,1,2,2,2,0,102
corpus_mesh,50,451,1,1,1,1,0,108
single,50,452,1,0,0,0,0,50
reflection,50,452,0,2,18,18,1,68
static_team,50,452,1,0,0,0,0,101
corpus_mesh,50,452,1,2,2,2,0,107
single,50,453,1,0,0,0,0,50
reflection,50,453,0,1,15,15,1,65
static_team,50,453,1,1,1,1,0,102
corpus_mesh,50,453,1,0,0,0,0,107
single,50,454,1,0,0,0,0,50
reflection,50,454,0,1,16,16,1,66
static_team,50,454,1,1,1,1,0,101
corpus_mesh,50,454,1,1,1,1,0,108
single,50,455,0,2,0,0,1,50
reflection,50,455,0,4,10,9,1,60
static_team,50,455,1,1,1,1,0,102
corpus_mesh,50,455,1,0,0,0,0,107
single,50,456,1,0,0,0,0,50
reflection,50,456,1,0,15,15,0,65
static_team,50,456,1,0,0,0,0,100
corpus_mesh,50,456,1,1,1,1,0,110
single,50,457,1,0,0,0,0,50
reflection,50,457,0,1,15,15,1,65
static_team,50,457,1,0,0,0,0,100
corpus_mesh,50,457,1,1,1,1,0,107
single,50,458,0,1,0,0,1,50
reflection,50,458,1,1,11,11,0,61
static_team,50,458,1,0,0,0,0,100
corpus_mesh,50,458,1,1,1,1,0,110
single,50,459,0,1,0,0,1,50
reflection,50,459,0,0,15,14,1,65
static_team,50,459,1,1,1,1,0,102
corpus_mesh,50,459,1,1,1,1,0,105
single,50,460,0,1,0,0,1,50
reflection,50,460,1,0,10,10,0,60
static_team,50,460,1,0,0,0,0,100
corpus_mesh,50,460,1,1,1,1,0,108
single,50,461,1,0,0,0,0,50
reflection,50,461,0,1,16,14,1,66
static_team,50,461,1,0,0,0,0,100
corpus_mesh,50,461,1,1,1,1,0,107
single,50,462,0,1,0,0,1,50
reflection,50,462,1,0,16,16,0,66
static_team,50,462,1,2,2,2,0,103
corpus_mesh,50,462,1,4,4,3,0,117
single,50,463,1,0,0,0,0,50
reflection,50,463,1,0,10,10,0,60
static_team,50,463,1,2,2,2,0,102
corpus_mesh,50,463,1,0,0,0,0,104
single,50,464,0,1,0,0,1,50
reflection,50,464,1,0,14,14,0,64
static_team,50,464,1,1,1,1,0,101
corpus_mesh,50,464,1,1,1,1,0,107
single,50,465,1,0,0,0,0,50
reflection,50,465,0,2,13,13,1,63
static_team,50,465,1,2,2,2,0,102
corpus_mesh,50,465,1,0,0,0,0,104
single,50,466,0,1,0,0,1,50
reflection,50,466,1,0,12,12,0,62
static_team,50,466,1,1,1,1,0,102
corpus_mesh,50,466,1,0,0,0,0,103
single,50,467,0,2,0,0,1,50
reflection,50,467,1,0,14,14,0,64
static_team,50,467,1,0,0,0,0,101
corpus_mesh,50,467,1,0,0,0,0,110
single,50,468,0,1,0,0,1,50
reflection,50,468,0,3,20,20,1,70
static_team,50,468,1,1,1,1,0,102
corpus_mesh,50,468,1,0,0,0,0,109
single,50,469,0,2,0,0,1,50
reflection,50,469,0,1,13,12,1,63
static_team,50,469,0,1,1,1,1,102
corpus_mesh,50,469,1,1,1,1,0,107
single,50,470,0,1,0,0,1,50
reflection,50,470,0,1,15,14,1,65
static_team,50,470,1,3,3,3,0,103
corpus_mesh,50,470,1,0,0,0,0,106
single,50,471,0,2,0,0,1,50
reflection,50,471,1,1,10,10,0,60
static_team,50,471,0,2,2,1,1,102
corpus_mesh,50,471,1,0,0,0,0,105
single,50,472,0,1,0,0,1,50
reflection,50,472,1,0,6,6,0,56
static_team,50,472,1,2,2,2,0,102
corpus_mesh,50,472,1,1,1,1,0,106
single,50,473,0,1,0,0,1,50
reflection,50,473,1,0,17,17,0,67
static_team,50,473,1,2,2,2,0,102
corpus_mesh,50,473,1,0,0,0,0,103
single,50,474,1,2,0,0,0,50
reflection,50,474,0,1,8,8,1,58
static_team,50,474,1,0,0,0,0,100
corpus_mesh,50,474,1,0,0,0,0,105
single,50,475,1,0,0,0,0,50
reflection,50,475,1,0,14,14,0,64
static_team,50,475,1,0,0,0,0,100
corpus_mesh,50,475,1,0,0,0,0,103
single,50,476,0,2,0,0,1,50
reflection,50,476,0,1,20,20,1,70
static_team,50,476,1,0,0,0,0,100
corpus_mesh,50,476,1,1,1,1,0,113
single,50,477,0,1,0,0,1,50
reflection,50,477,1,0,10,10,0,60
static_team,50,477,1,2,2,2,0,102
corpus_mesh,50,477,1,0,0,0,0,106
single,50,478,1,0,0,0,0,50
reflection,50,478,1,0,10,10,0,60
static_team,50,478,1,1,1,1,0,101
corpus_mesh,50,478,1,0,0,0,0,102
single,50,479,0,2,0,0,1,50
reflection,50,479,1,0,18,18,0,68
static_team,50,479,1,1,1,1,0,101
corpus_mesh,50,479,1,3,3,3,0,114
single,50,480,1,0,0,0,0,50
reflection,50,480,1,2,10,10,0,60
static_team,50,480,1,1,1,1,0,102
corpus_mesh,50,480,1,0,0,0,0,103
single,50,481,0,2,0,0,1,50
reflection,50,481,0,1,12,12,1,62
static_team,50,481,1,0,0,0,0,101
corpus_mesh,50,481,1,2,2,2,0,112
single,50,482,1,0,0,0,0,50
reflection,50,482,0,1,17,17,1,67
static_team,50,482,1,1,1,1,0,102
corpus_mesh,50,482,1,0,0,0,0,102
single,50,483,0,1,0,0,1,50
reflection,50,483,1,1,17,17,0,67
static_team,50,483,1,1,1,1,0,102
corpus_mesh,50,483,1,0,0,0,0,104
single,50,484,1,0,0,0,0,50
reflection,50,484,0,2,19,19,1,69
static_team,50,484,1,0,0,0,0,100
corpus_mesh,50,484,1,1,1,1,0,110
single,50,485,0,1,0,0,1,50
reflection,50,485,1,0,18,18,0,68
static_team,50,485,1,1,1,1,0,101
corpus_mesh,50,485,1,1,1,1,0,107
single,50,486,1,0,0,0,0,50
reflection,50,486,0,1,13,12,1,63
static_team,50,486,1,1,1,1,0,101
corpus_mesh,50,486,1,1,1,1,0,104
single,50,487,0,2,0,0,1,50
reflection,50,487,0,1,20,19,1,70
static_team,50,487,1,1,1,1,0,101
corpus_mesh,50,487,1,0,0,0,0,108
single,50,488,0,1,0,0,1,50
reflection,50,488,0,2,10,10,1,60
static_team,50,488,1,1,1,1,0,102
corpus_mesh,50,488,1,0,0,0,0,102
single,50,489,1,0,0,0,0,50
reflection,50,489,0,0,14,12,1,64
static_team,50,489,1,1,1,1,0,101
corpus_mesh,50,489,1,1,1,1,0,105
single,50,490,0,2,0,0,1,50
reflection,50,490,1,0,14,14,0,64
static_team,50,490,1,1,1,1,0,101
corpus_mesh,50,490,1,0,0,0,0,106
single,50,491,0,1,0,0,1,50
reflection,50,491,0,1,13,12,1,63
static_team,50,491,1,0,0,0,0,101
corpus_mesh,50,491,1,1,1,1,0,109
single,50,492,0,1,0,0,1,50
reflection,50,492,0,2,14,14,1,64
static_team,50,492,1,1,1,1,0,101
corpus_mesh,50,492,1,0,0,0,0,108
single,50,493,0,2,0,0,1,50
reflection,50,493,0,1,10,10,1,60
static_team,50,493,1,1,1,1,0,101
corpus_mesh,50,493,1,0,0,0,0,108
single,50,494,0,1,0,0,1,50
reflection,50,494,0,1,18,18,1,68
static_team,50,494,1,1,1,1,0,101
corpus_mesh,50,494,1,0,0,0,0,104
single,50,495,0,1,0,0,1,50
reflection,50,495,1,1,19,19,0,69
static_team,50,495,1,0,0,0,0,101
corpus_mesh,50,495,1,0,0,0,0,106
single,50,496,1,0,0,0,0,50
reflection,50,496,1,1,15,15,0,65
static_team,50,496,1,0,0,0,0,100
corpus_mesh,50,496,1,1,1,1,0,109
single,50,497,0,2,0,0,1,50
reflection,50,497,1,1,18,18,0,68
static_team,50,497,1,1,1,1,0,102
corpus_mesh,50,497,1,0,0,0,0,108
single,50,498,0,1,0,0,1,50
reflection,50,498,1,0,9,9,0,59
static_team,50,498,1,0,0,0,0,101
corpus_mesh,50,498,1,0,0,0,0,106
single,50,499,1,0,0,0,0,50
reflection,50,499,1,1,18,18,0,68
static_team,50,499,1,1,1,1,0,101
corpus_mesh,50,499,1,2,2,2,0,115
single,50,500,0,1,0,0,1,50
reflection,50,500,1,1,16,16,0,66
static_team,50,500,1,0,0,0,0,101
corpus_mesh,50,500,1,2,2,2,0,110
single,50,501,1,0,0,0,0,50
reflection,50,501,0,1,15,14,1,65
static_team,50,501,1,1,1,1,0,101
corpus_mesh,50,501,1,3,3,3,0,110
single,50,502,1,0,0,0,0,50
reflection,50,502,1,0,19,19,0,69
static_team,50,502,1,2,2,2,0,102
corpus_mesh,50,502,1,0,0,0,0,107
single,50,503,0,1,0,0,1,50
reflection,50,503,0,0,14,13,1,64
static_team,50,503,1,0,0,0,0,100
corpus_mesh,50,503,1,0,0,0,0,115
single,50,504,0,1,0,0,1,50
reflection,50,504,0,2,14,14,1,64
static_team,50,504,1,1,1,1,0,101
corpus_mesh,50,504,1,0,0,0,0,106
single,50,505,1,0,0,0,0,50
reflection,50,505,0,1,19,19,1,69
static_team,50,505,1,0,0,0,0,101
corpus_mesh,50,505,1,1,1,1,0,104
single,50,506,1,0,0,0,0,50
reflection,50,506,1,0,9,9,0,59
static_team,50,506,0,1,1,1,1,102
corpus_mesh,50,506,1,1,1,1,0,105
single,50,507,1,0,0,0,0,50
reflection,50,507,1,0,16,16,0,66
static_team,50,507,1,3,3,3,0,103
corpus_mesh,50,507,1,0,0,0,0,107
single,50,508,1,0,0,0,0,50
reflection,50,508,1,0,18,18,0,68
static_team,50,508,0,1,1,1,1,102
corpus_mesh,50,508,1,0,0,0,0,107
single,50,509,1,0,0,0,0,50
reflection,50,509,0,2,14,14,1,64
static_team,50,509,1,1,1,1,0,101
corpus_mesh,50,509,1,1,1,1,0,105
single,50,510,1,0,0,0,0,50
reflection,50,510,1,1,17,17,0,67
static_team,50,510,1,1,1,1,0,101
corpus_mesh,50,510,1,0,0,0,0,105
single,50,511,0,3,0,0,1,50
reflection,50,511,1,0,17,17,0,67
static_team,50,511,0,1,1,0,1,101
corpus_mesh,50,511,1,0,0,0,0,103
single,50,512,1,0,0,0,0,50
reflection,50,512,0,2,19,19,1,69
static_team,50,512,1,1,1,1,0,102
corpus_mesh,50,512,0,2,2,1,1,111
single,50,513,0,1,0,0,1,50
reflection,50,513,0,2,17,17,1,67
static_team,50,513,1,0,0,0,0,100
corpus_mesh,50,513,1,0,0,0,0,104
single,50,514,1,0,0,0,0,50
reflection,50,514,0,1,14,14,1,64
static_team,50,514,1,1,1,1,0,102
corpus_mesh,50,514,1,1,1,1,0,111
single,50,515,0,2,0,0,1,50
reflection,50,515,0,2,11,11,1,61
static_team,50,515,1,0,0,0,0,100
corpus_mesh,50,515,1,2,2,2,0,112
single,50,516,0,1,0,0,1,50
reflection,50,516,1,1,12,12,0,62
static_team,50,516,1,0,0,0,0,100
corpus_mesh,50,516,1,0,0,0,0,107
single,50,517,1,0,0,0,0,50
reflection,50,517,1,0,15,15,0,65
static_team,50,517,1,0,0,0,0,100
corpus_mesh,50,517,1,1,1,1,0,107
single,50,518,1,0,0,0,0,50
reflection,50,518,0,0,16,15,1,66
static_team,50,518,1,0,0,0,0,100
corpus_mesh,50,518,1,1,1,1,0,107
single,50,519,1,0,0,0,0,50
reflection,50,519,1,1,13,13,0,63
static_team,50,519,1,1,1,1,0,101
corpus_mesh,50,519,1,0,0,0,0,107
single,50,520,0,1,0,0,1,50
reflection,50,520,0,2,17,16,1,67
static_team,50,520,1,0,0,0,0,100
corpus_mesh,50,520,1,0,0,0,0,108
single,50,521,1,0,0,0,0,50
reflection,50,521,0,1,15,14,1,65
static_team,50,521,1,0,0,0,0,100
corpus_mesh,50,521,1,2,2,2,0,108
single,50,522,0,1,0,0,1,50
reflection,50,522,0,2,9,9,1,59
static_team,50,522,1,1,1,1,0,101
corpus_mesh,50,522,1,1,1,1,0,105
single,50,523,1,0,0,0,0,50
reflection,50,523,0,2,14,14,1,64
static_team,50,523,1,0,0,0,0,100
corpus_mesh,50,523,1,1,1,1,0,106
single,50,524,0,1,0,0,1,50
reflection,50,524,1,0,7,7,0,57
static_team,50,524,1,0,0,0,0,100
corpus_mesh,50,524,1,2,2,2,0,111
single,50,525,0,1,0,0,1,50
reflection,50,525,1,0,19,19,0,69
static_team,50,525,1,0,0,0,0,100
corpus_mesh,50,525,1,0,0,0,0,106
single,50,526,0,1,0,0,1,50
reflection,50,526,1,0,14,14,0,64
static_team,50,526,1,1,1,1,0,101
corpus_mesh,50,526,1,1,1,1,0,111
single,50,527,0,1,0,0,1,50
reflection,50,527,0,2,13,13,1,63
static_team,50,527,1,0,0,0,0,101
corpus_mesh,50,527,1,0,0,0,0,104
single,50,528,0,1,0,0,1,50
reflection,50,528,0,1,15,15,1,65
static_team,50,528,1,0,0,0,0,100
corpus_mesh,50,528,1,0,0,0,0,107
single,50,529,1,0,0,0,0,50
reflection,50,529,0,1,7,7,1,57
static_team,50,529,1,3,3,3,0,104
corpus_mesh,50,529,1,2,2,2,0,111
single,50,530,1,0,0,0,0,50
reflection,50,530,1,1,16,16,0,66
static_team,50,530,1,0,0,0,0,100
corpus_mesh,50,530,1,1,1,1,0,103
single,50,531,0,1,0,0,1,50
reflection,50,531,0,0,13,12,1,63
static_team,50,531,1,2,2,2,0,102
corpus_mesh,50,531,1,1,1,1,0,110
single,50,532,1,0,0,0,0,50
reflection,50,532,1,2,16,16,0,66
static_team,50,532,1,0,0,0,0,100
corpus_mesh,50,532,1,1,1,1,0,105
single,50,533,1,0,0,0,0,50
reflection,50,533,0,0,16,15,1,66
static_team,50,533,1,0,0,0,0,100
corpus_mesh,50,533,1,0,0,0,0,107
single,50,534,1,0,0,0,0,50
reflection,50,534,1,0,13,13,0,63
static_team,50,534,1,1,1,1,0,101
corpus_mesh,50,534,1,0,0,0,0,104
single,50,535,1,0,0,0,0,50
reflection,50,535,0,2,12,12,1,62
static_team,50,535,1,1,1,1,0,101
corpus_mesh,50,535,1,0,0,0,0,105
single,50,536,0,2,0,0,1,50
reflection,50,536,1,1,6,6,0,56
static_team,50,536,1,2,2,2,0,102
corpus_mesh,50,536,1,1,1,1,0,111
single,50,537,0,1,0,0,1,50
reflection,50,537,0,1,21,21,1,71
static_team,50,537,1,0,0,0,0,101
corpus_mesh,50,537,1,1,1,1,0,106
single,50,538,0,1,0,0,1,50
reflection,50,538,0,1,15,15,1,65
static_team,50,538,1,0,0,0,0,100
corpus_mesh,50,538,1,0,0,0,0,103
single,50,539,1,0,0,0,0,50
reflection,50,539,0,1,15,15,1,65
static_team,50,539,1,1,1,1,0,101
corpus_mesh,50,539,0,1,1,1,1,109
single,50,540,0,2,0,0,1,50
reflection,50,540,0,1,16,16,1,66
static_team,50,540,1,0,0,0,0,100
corpus_mesh,50,540,1,1,1,1,0,108
single,50,541,0,1,0,0,1,50
reflection,50,541,1,0,16,16,0,66
static_team,50,541,1,1,1,1,0,101
corpus_mesh,50,541,1,1,1,1,0,111
single,50,542,1,0,0,0,0,50
reflection,50,542,0,1,17,17,1,67
static_team,50,542,1,0,0,0,0,100
corpus_mesh,50,542,1,0,0,0,0,104
single,50,543,0,1,0,0,1,50
reflection,50,543,0,0,14,13,1,64
static_team,50,543,1,0,0,0,0,101
corpus_mesh,50,543,1,0,0,0,0,101
single,50,544,1,0,0,0,0,50
reflection,50,544,0,1,16,16,1,66
static_team,50,544,1,0,0,0,0,100
corpus_mesh,50,544,1,2,2,2,0,111
single,50,545,0,3,0,0,1,50
reflection,50,545,1,0,10,10,0,60
static_team,50,545,1,0,0,0,0,100
corpus_mesh,50,545,1,1,1,1,0,107
single,50,546,1,0,0,0,0,50
reflection,50,546,1,0,15,15,0,65
static_team,50,546,1,1,1,1,0,101
corpus_mesh,50,546,1,0,0,0,0,107
single,50,547,1,0,0,0,0,50
reflection,50,547,0,0,10,9,1,60
static_team,50,547,1,0,0,0,0,101
corpus_mesh,50,547,1,1,1,1,0,104
single,50,548,0,1,0,0,1,50
reflection,50,548,1,0,10,10,0,60
static_team,50,548,1,0,0,0,0,101
corpus_mesh,50,548,1,2,2,2,0,112
single,50,549,1,0,0,0,0,50
reflection,50,549,1,1,16,16,0,66
static_team,50,549,1,2,2,2,0,104
corpus_mesh,50,549,1,1,1,1,0,107
single,50,550,0,2,0,0,1,50
reflection,50,550,1,0,11,11,0,61
static_team,50,550,1,2,2,2,0,102
corpus_mesh,50,550,1,0,0,0,0,109
single,50,551,1,0,0,0,0,50
reflection,50,551,0,1,12,12,1,62
static_team,50,551,1,3,3,3,0,103
corpus_mesh,50,551,1,1,1,1,0,109
single,50,552,0,2,0,0,1,50
reflection,50,552,0,1,12,11,1,62
static_team,50,552,1,0,0,0,0,100
corpus_mesh,50,552,1,0,0,0,0,105
single,50,553,1,0,0,0,0,50
reflection,50,553,1,0,13,13,0,63
static_team,50,553,1,0,0,0,0,100
corpus_mesh,50,553,1,0,0,0,0,104
single,50,554,0,1,0,0,1,50
reflection,50,554,0,1,12,12,1,62
static_team,50,554,1,0,0,0,0,100
corpus_mesh,50,554,1,3,3,3,0,113
single,50,555,0,5,0,0,1,50
reflection,50,555,1,0,12,12,0,62
static_team,50,555,1,1,1,1,0,101
corpus_mesh,50,555,1,1,1,1,0,105
single,50,556,1,0,0,0,0,50
reflection,50,556,0,1,15,15,1,65
static_team,50,556,1,1,1,1,0,101
corpus_mesh,50,556,1,0,0,0,0,103
single,50,557,1,0,0,0,0,50
reflection,50,557,0,2,10,9,1,60
static_team,50,557,1,0,0,0,0,102
corpus_mesh,50,557,1,0,0,0,0,107
single,50,558,0,1,0,0,1,50
reflection,50,558,1,1,19,18,0,69
static_team,50,558,1,0,0,0,0,100
corpus_mesh,50,558,1,1,1,1,0,103
single,50,559,0,1,0,0,1,50
reflection,50,559,1,2,12,12,0,62
static_team,50,559,1,1,1,1,0,101
corpus_mesh,50,559,1,0,0,0,0,103
single,50,560,1,0,0,0,0,50
reflection,50,560,0,2,12,11,1,62
static_team,50,560,1,0,0,0,0,100
corpus_mesh,50,560,1,1,1,1,0,106
single,50,561,0,2,0,0,1,50
reflection,50,561,0,1,22,22,1,72
static_team,50,561,1,0,0,0,0,100
corpus_mesh,50,561,1,0,0,0,0,104
single,50,562,1,0,0,0,0,50
reflection,50,562,0,1,14,14,1,64
static_team,50,562,1,2,2,2,0,102
corpus_mesh,50,562,0,3,3,2,1,111
single,50,563,1,0,0,0,0,50
reflection,50,563,1,0,16,16,0,66
static_team,50,563,1,0,0,0,0,100
corpus_mesh,50,563,1,0,0,0,0,103
single,50,564,1,0,0,0,0,50
reflection,50,564,0,1,13,13,1,63
static_team,50,564,1,1,1,1,0,101
corpus_mesh,50,564,1,2,2,2,0,110
single,50,565,0,2,0,0,1,50
reflection,50,565,1,0,12,12,0,62
static_team,50,565,1,2,2,2,0,102
corpus_mesh,50,565,1,0,0,0,0,106
single,50,566,1,0,0,0,0,50
reflection,50,566,1,0,21,21,0,71
static_team,50,566,1,0,0,0,0,102
corpus_mesh,50,566,1,1,1,1,0,108
single,50,567,1,0,0,0,0,50
reflection,50,567,1,0,17,17,0,67
static_team,50,567,1,1,1,1,0,101
corpus_mesh,50,567,1,1,1,1,0,105
single,50,568,0,1,0,0,1,50
reflection,50,568,1,0,12,12,0,62
static_team,50,568,1,1,1,1,0,101
corpus_mesh,50,568,1,1,1,1,0,112
single,50,569,1,0,0,0,0,50
reflection,50,569,0,1,14,14,1,64
static_team,50,569,1,0,0,0,0,100
corpus_mesh,50,569,1,1,1,1,0,106
single,50,570,0,2,0,0,1,50
reflection,50,570,1,0,19,19,0,69
static_team,50,570,1,0,0,0,0,100
corpus_mesh,50,570,1,0,0,0,0,104
single,50,571,0,1,0,0,1,50
reflection,50,571,1,0,15,15,0,65
static_team,50,571,1,2,2,2,0,102
corpus_mesh,50,571,1,0,0,0,0,105
single,50,572,1,0,0,0,0,50
reflection,50,572,0,1,19,19,1,69
static_team,50,572,1,1,1,1,0,102
corpus_mesh,50,572,1,1,1,1,0,107
single,50,573,1,0,0,0,0,50
reflection,50,573,1,0,12,12,0,62
static_team,50,573,1,1,1,1,0,101
corpus_mesh,50,573,1,0,0,0,0,103
single,50,574,0,1,0,0,1,50
reflection,50,574,1,0,12,12,0,62
static_team,50,574,1,2,2,2,0,103
corpus_mesh,50,574,1,0,0,0,0,105
single,50,575,1,0,0,0,0,50
reflection,50,575,1,0,10,10,0,60
static_team,50,575,1,0,0,0,0,100
corpus_mesh,50,575,1,0,0,0,0,106
single,50,576,0,1,0,0,1,50
reflection,50,576,0,1,17,17,1,67
static_team,50,576,1,1,1,1,0,101
corpus_mesh,50,576,1,1,1,1,0,107
single,50,577,1,0,0,0,0,50
reflection,50,577,1,0,12,12,0,62
static_team,50,577,1,0,0,0,0,101
corpus_mesh,50,577,1,3,3,3,0,108
single,50,578,1,0,0,0,0,50
reflection,50,578,1,0,19,19,0,69
static_team,50,578,1,0,0,0,0,100
corpus_mesh,50,578,1,0,0,0,0,104
single,50,579,1,0,0,0,0,50
reflection,50,579,0,2,16,15,1,66
static_team,50,579,1,2,2,2,0,102
corpus_mesh,50,579,1,0,0,0,0,107
single,50,580,0,2,0,0,1,50
reflection,50,580,1,0,13,13,0,63
static_team,50,580,1,1,1,1,0,101
corpus_mesh,50,580,1,0,0,0,0,106
single,50,581,0,1,0,0,1,50
reflection,50,581,0,2,10,10,1,60
static_team,50,581,1,1,1,1,0,101
corpus_mesh,50,581,1,1,1,1,0,107
single,50,582,0,1,0,0,1,50
reflection,50,582,1,0,16,16,0,66
static_team,50,582,1,1,1,1,0,101
corpus_mesh,50,582,1,0,0,0,0,108
single,50,583,0,1,0,0,1,50
reflection,50,583,1,0,10,10,0,60
static_team,50,583,1,0,0,0,0,100
corpus_mesh,50,583,1,0,0,0,0,105
single,50,584,0,2,0,0,1,50
reflection,50,584,1,1,13,13,0,63
static_team,50,584,1,0,0,0,0,100
corpus_mesh,50,584,1,2,2,2,0,109
single,50,585,1,0,0,0,0,50
reflection,50,585,1,1,16,16,0,66
static_team,50,585,1,0,0,0,0,100
corpus_mesh,50,585,1,1,1,1,0,110
single,50,586,0,2,0,0,1,50
reflection,50,586,0,1,15,14,1,65
static_team,50,586,1,1,1,1,0,101
corpus_mesh,50,586,1,0,0,0,0,104
single,50,587,1,0,0,0,0,50
reflection,50,587,1,0,12,12,0,62
static_team,50,587,1,1,1,1,0,102
corpus_mesh,50,587,1,0,0,0,0,106
single,50,588,1,0,0,0,0,50
reflection,50,588,1,0,14,14,0,64
static_team,50,588,1,0,0,0,0,100
corpus_mesh,50,588,1,1,1,1,0,110
single,50,589,0,2,0,0,1,50
reflection,50,589,1,1,9,9,0,59
static_team,50,589,1,1,1,1,0,101
corpus_mesh,50,589,1,0,0,0,0,103
single,50,590,1,0,0,0,0,50
reflection,50,590,1,0,17,17,0,67
static_team,50,590,1,1,1,1,0,101
corpus_mesh,50,590,1,1,1,1,0,110
single,50,591,0,2,0,0,1,50
reflection,50,591,1,2,21,21,0,71
static_team,50,591,1,1,1,1,0,101
corpus_mesh,50,591,1,0,0,0,0,100
single,50,592,0,1,0,0,1,50
reflection,50,592,1,0,6,6,0,56
static_team,50,592,1,0,0,0,0,100
corpus_mesh,50,592,1,0,0,0,0,105
single,50,593,0,1,0,0,1,50
reflection,50,593,1,0,14,14,0,64
static_team,50,593,1,0,0,0,0,100
corpus_mesh,50,593,1,1,1,1,0,108
single,50,594,0,1,0,0,1,50
reflection,50,594,1,0,15,15,0,65
static_team,50,594,1,2,2,2,0,102
corpus_mesh,50,594,1,0,0,0,0,103
single,50,595,0,1,0,0,1,50
reflection,50,595,1,0,11,11,0,61
static_team,50,595,1,1,1,1,0,101
corpus_mesh,50,595,1,0,0,0,0,108
single,50,596,1,0,0,0,0,50
reflection,50,596,1,1,20,20,0,70
static_team,50,596,1,0,0,0,0,100
corpus_mesh,50,596,0,1,1,0,1,110
single,50,597,0,1,0,0,1,50
reflection,50,597,1,0,15,15,0,65
static_team,50,597,1,1,1,1,0,101
corpus_mesh,50,597,1,2,2,2,0,108
single,50,598,1,0,0,0,0,50
reflection,50,598,1,0,12,12,0,62
static_team,50,598,1,2,2,2,0,102
corpus_mesh,50,598,1,0,0,0,0,110
single,50,599,0,1,0,0,1,50
reflection,50,599,0,2,12,12,1,62
static_team,50,599,1,1,1,1,0,101
corpus_mesh,50,599,1,1,1,1,0,108
single,50,600,1,0,0,0,0,50
reflection,50,600,0,2,11,11,1,61
static_team,50,600,1,0,0,0,0,100
corpus_mesh,50,600,0,1,1,0,1,107
single,50,601,0,2,0,0,1,50
reflection,50,601,0,2,12,11,1,62
static_team,50,601,1,1,1,1,0,101
corpus_mesh,50,601,1,2,2,2,0,108
single,50,602,1,0,0,0,0,50
reflection,50,602,1,0,12,12,0,62
static_team,50,602,1,0,0,0,0,100
corpus_mesh,50,602,1,1,1,1,0,104
single,50,603,0,1,0,0,1,50
reflection,50,603,1,0,16,16,0,66
static_team,50,603,1,0,0,0,0,100
corpus_mesh,50,603,1,0,0,0,0,109
single,50,604,0,1,0,0,1,50
reflection,50,604,1,0,10,10,0,60
static_team,50,604,1,3,3,3,0,103
corpus_mesh,50,604,0,0,0,0,1,108
single,50,605,0,1,0,0,1,50
reflection,50,605,0,0,19,18,1,69
static_team,50,605,1,1,1,1,0,101
corpus_mesh,50,605,1,1,1,1,0,105
single,50,606,1,0,0,0,0,50
reflection,50,606,0,1,10,10,1,60
static_team,50,606,1,0,0,0,0,100
corpus_mesh,50,606,1,1,1,1,0,105
single,50,607,1,0,0,0,0,50
reflection,50,607,1,0,10,10,0,60
static_team,50,607,1,0,0,0,0,101
corpus_mesh,50,607,1,0,0,0,0,103
single,50,608,1,0,0,0,0,50
reflection,50,608,1,0,11,11,0,61
static_team,50,608,1,1,1,1,0,102
corpus_mesh,50,608,1,0,0,0,0,112
single,50,609,0,1,0,0,1,50
reflection,50,609,0,1,13,13,1,63
static_team,50,609,1,0,0,0,0,100
corpus_mesh,50,609,1,0,0,0,0,105
single,50,610,1,0,0,0,0,50
reflection,50,610,1,0,15,15,0,65
static_team,50,610,1,1,1,1,0,101
corpus_mesh,50,610,0,2,2,1,1,110
single,50,611,1,0,0,0,0,50
reflection,50,611,1,0,14,14,0,64
static_team,50,611,1,0,0,0,0,100
corpus_mesh,50,611,1,2,2,2,0,106
single,50,612,0,2,0,0,1,50
reflection,50,612,0,2,14,13,1,64
static_team,50,612,1,3,3,3,0,103
corpus_mesh,50,612,1,2,2,2,0,106
single,50,613,0,2,0,0,1,50
reflection,50,613,0,1,14,14,1,64
static_team,50,613,1,0,0,0,0,100
corpus_mesh,50,613,1,0,0,0,0,105
single,50,614,0,1,0,0,1,50
reflection,50,614,0,0,19,18,1,69
static_team,50,614,1,2,2,2,0,102
corpus_mesh,50,614,1,2,2,2,0,113
single,50,615,0,2,0,0,1,50
reflection,50,615,1,2,16,16,0,66
static_team,50,615,1,0,0,0,0,100
corpus_mesh,50,615,1,1,1,1,0,106
single,50,616,0,1,0,0,1,50
reflection,50,616,1,0,15,15,0,65
static_team,50,616,1,1,1,1,0,101
corpus_mesh,50,616,1,1,1,1,0,109
single,50,617,1,0,0,0,0,50
reflection,50,617,0,1,11,11,1,61
static_team,50,617,1,1,1,1,0,101
corpus_mesh,50,617,1,0,0,0,0,109
single,50,618,0,1,0,0,1,50
reflection,50,618,0,1,8,7,1,58
static_team,50,618,1,1,1,1,0,101
corpus_mesh,50,618,0,1,1,1,1,113
single,50,619,0,1,0,0,1,50
reflection,50,619,0,1,17,17,1,67
static_team,50,619,1,1,1,1,0,101
corpus_mesh,50,619,1,0,0,0,0,108
single,50,620,0,3,0,0,1,50
reflection,50,620,1,0,15,15,0,65
static_team,50,620,1,0,0,0,0,100
corpus_mesh,50,620,1,0,0,0,0,104
single,50,621,0,2,0,0,1,50
reflection,50,621,0,2,10,10,1,60
static_team,50,621,1,0,0,0,0,101
corpus_mesh,50,621,1,0,0,0,0,102
single,50,622,0,2,0,0,1,50
reflection,50,622,1,1,16,16,0,66
static_team,50,622,1,1,1,1,0,101
corpus_mesh,50,622,1,1,1,1,0,106
single,50,623,0,2,0,0,1,50
reflection,50,623,1,1,10,10,0,60
static_team,50,623,1,0,0,0,0,100
corpus_mesh,50,623,1,0,0,0,0,105
single,50,624,1,0,0,0,0,50
reflection,50,624,1,2,12,12,0,62
static_team,50,624,1,0,0,0,0,100
corpus_mesh,50,624,1,1,1,1,0,107
single,50,625,1,0,0,0,0,50
reflection,50,625,1,0,9,9,0,59
static_team,50,625,1,0,0,0,0,101
corpus_mesh,50,625,1,1,1,1,0,107
single,50,626,1,0,0,0,0,50
reflection,50,626,0,1,12,12,1,62
static_team,50,626,1,1,1,1,0,101
corpus_mesh,50,626,1,0,0,0,0,104
single,50,627,0,2,0,0,1,50
reflection,50,627,1,0,13,13,0,63
static_team,50,627,1,3,3,3,0,103
corpus_mesh,50,627,1,2,2,2,0,109
single,50,628,0,1,0,0,1,50
reflection,50,628,0,1,15,15,1,65
static_team,50,628,1,0,0,0,0,101
corpus_mesh,50,628,1,1,1,1,0,108
single,50,629,0,1,0,0,1,50
reflection,50,629,0,2,15,15,1,65
static_team,50,629,1,0,0,0,0,100
corpus_mesh,50,629,1,2,2,2,0,109
single,50,630,0,1,0,0,1,50
reflection,50,630,1,1,16,16,0,66
static_team,50,630,1,0,0,0,0,100
corpus_mesh,50,630,1,1,1,1,0,109
single,50,631,1,0,0,0,0,50
reflection,50,631,1,1,14,14,0,64
static_team,50,631,1,1,1,1,0,101
corpus_mesh,50,631,1,0,0,0,0,103
single,50,632,0,1,0,0,1,50
reflection,50,632,0,0,12,11,1,62
static_team,50,632,1,0,0,0,0,102
corpus_mesh,50,632,1,1,1,1,0,109
single,50,633,0,1,0,0,1,50
reflection,50,633,1,0,12,12,0,62
static_team,50,633,1,0,0,0,0,101
corpus_mesh,50,633,1,0,0,0,0,106
single,50,634,1,0,0,0,0,50
reflection,50,634,1,0,14,14,0,64
static_team,50,634,1,2,2,2,0,103
corpus_mesh,50,634,1,1,1,1,0,111
single,50,635,0,1,0,0,1,50
reflection,50,635,1,0,18,18,0,68
static_team,50,635,1,1,1,1,0,101
corpus_mesh,50,635,1,1,1,1,0,104
single,50,636,0,1,0,0,1,50
reflection,50,636,0,1,17,17,1,67
static_team,50,636,1,0,0,0,0,101
corpus_mesh,50,636,1,2,2,2,0,109
single,50,637,0,1,0,0,1,50
reflection,50,637,0,1,19,19,1,69
static_team,50,637,1,0,0,0,0,101
corpus_mesh,50,637,1,1,1,1,0,107
single,50,638,0,1,0,0,1,50
reflection,50,638,1,0,12,12,0,62
static_team,50,638,1,1,1,1,0,102
corpus_mesh,50,638,1,1,1,1,0,106
single,50,639,0,1,0,0,1,50
reflection,50,639,0,1,19,19,1,69
static_team,50,639,1,0,0,0,0,100
corpus_mesh,50,639,1,1,1,1,0,110
single,50,640,0,1,0,0,1,50
reflection,50,640,0,1,16,15,1,66
static_team,50,640,1,1,1,1,0,101
corpus_mesh,50,640,1,0,0,0,0,105
single,50,641,1,0,0,0,0,50
reflection,50,641,1,1,10,10,0,60
static_team,50,641,1,0,0,0,0,100
corpus_mesh,50,641,1,0,0,0,0,102
single,50,642,0,1,0,0,1,50
reflection,50,642,1,0,19,19,0,69
static_team,50,642,1,0,0,0,0,100
corpus_mesh,50,642,1,0,0,0,0,102
single,50,643,0,1,0,0,1,50
reflection,50,643,1,0,19,19,0,69
static_team,50,643,1,1,1,1,0,102
corpus_mesh,50,643,1,0,0,0,0,105
single,50,644,0,1,0,0,1,50
reflection,50,644,0,2,17,17,1,67
static_team,50,644,1,0,0,0,0,100
corpus_mesh,50,644,1,0,0,0,0,107
single,50,645,1,0,0,0,0,50
reflection,50,645,0,1,13,13,1,63
static_team,50,645,1,0,0,0,0,101
corpus_mesh,50,645,1,1,1,1,0,107
single,50,646,1,0,0,0,0,50
reflection,50,646,1,0,15,15,0,65
static_team,50,646,1,1,1,1,0,101
corpus_mesh,50,646,1,0,0,0,0,105
single,50,647,0,1,0,0,1,50
reflection,50,647,0,1,12,12,1,62
static_team,50,647,1,2,2,2,0,102
corpus_mesh,50,647,1,0,0,0,0,108
single,50,648,1,0,0,0,0,50
reflection,50,648,0,2,10,10,1,60
static_team,50,648,1,0,0,0,0,100
corpus_mesh,50,648,1,0,0,0,0,109
single,50,649,0,1,0,0,1,50
reflection,50,649,1,1,12,12,0,62
static_team,50,649,1,1,1,1,0,101
corpus_mesh,50,649,1,2,2,2,0,111
single,50,650,1,0,0,0,0,50
reflection,50,650,0,1,15,15,1,65
static_team,50,650,1,1,1,1,0,102
corpus_mesh,50,650,1,2,2,2,0,114
single,50,651,0,1,0,0,1,50
reflection,50,651,1,1,13,13,0,63
static_team,50,651,1,2,2,2,0,102
corpus_mesh,50,651,1,0,0,0,0,106
single,50,652,0,2,0,0,1,50
reflection,50,652,1,0,9,9,0,59
static_team,50,652,1,1,1,1,0,101
corpus_mesh,50,652,1,0,0,0,0,107
single,50,653,1,0,0,0,0,50
reflection,50,653,1,0,16,16,0,66
static_team,50,653,1,0,0,0,0,100
corpus_mesh,50,653,1,0,0,0,0,106
single,50,654,0,1,0,0,1,50
reflection,50,654,0,3,10,10,1,60
static_team,50,654,1,0,0,0,0,100
corpus_mesh,50,654,1,0,0,0,0,104
single,50,655,1,0,0,0,0,50
reflection,50,655,0,0,19,18,1,69
static_team,50,655,1,1,1,1,0,101
corpus_mesh,50,655,1,2,2,2,0,109
single,50,656,0,1,0,0,1,50
reflection,50,656,0,0,11,10,1,61
static_team,50,656,1,1,1,1,0,101
corpus_mesh,50,656,1,0,0,0,0,107
single,50,657,0,3,0,0,1,50
reflection,50,657,1,1,17,17,0,67
static_team,50,657,1,0,0,0,0,101
corpus_mesh,50,657,1,1,1,1,0,110
single,50,658,0,1,0,0,1,50
reflection,50,658,0,0,12,11,1,62
static_team,50,658,1,0,0,0,0,101
corpus_mesh,50,658,1,0,0,0,0,104
single,50,659,0,1,0,0,1,50
reflection,50,659,1,0,12,12,0,62
static_team,50,659,1,0,0,0,0,101
corpus_mesh,50,659,1,0,0,0,0,108
single,50,660,0,1,0,0,1,50
reflection,50,660,0,1,14,14,1,64
static_team,50,660,1,2,2,2,0,102
corpus_mesh,50,660,1,1,1,1,0,109
single,50,661,0,1,0,0,1,50
reflection,50,661,1,0,9,9,0,59
static_team,50,661,1,2,2,2,0,102
corpus_mesh,50,661,1,1,1,1,0,106
single,50,662,0,1,0,0,1,50
reflection,50,662,0,2,11,10,1,61
static_team,50,662,1,1,1,1,0,101
corpus_mesh,50,662,1,1,1,1,0,106
single,50,663,1,0,0,0,0,50
reflection,50,663,1,0,18,18,0,68
static_team,50,663,1,0,0,0,0,101
corpus_mesh,50,663,1,2,2,2,0,109
single,50,664,0,1,0,0,1,50
reflection,50,664,0,2,20,20,1,70
static_team,50,664,1,2,2,2,0,102
corpus_mesh,50,664,1,0,0,0,0,108
single,50,665,1,0,0,0,0,50
reflection,50,665,1,0,18,18,0,68
static_team,50,665,1,1,1,1,0,101
corpus_mesh,50,665,1,1,1,1,0,110
single,50,666,1,0,0,0,0,50
reflection,50,666,0,1,16,16,1,66
static_team,50,666,1,1,1,1,0,101
corpus_mesh,50,666,1,2,2,2,0,110
single,50,667,1,0,0,0,0,50
reflection,50,667,0,1,11,11,1,61
static_team,50,667,1,0,0,0,0,101
corpus_mesh,50,667,1,0,0,0,0,103
single,50,668,1,0,0,0,0,50
reflection,50,668,0,1,16,16,1,66
static_team,50,668,1,1,1,1,0,101
corpus_mesh,50,668,1,0,0,0,0,110
single,50,669,0,1,0,0,1,50
reflection,50,669,0,1,10,10,1,60
static_team,50,669,1,0,0,0,0,100
corpus_mesh,50,669,1,0,0,0,0,101
single,50,670,1,0,0,0,0,50
reflection,50,670,0,1,15,15,1,65
static_team,50,670,1,0,0,0,0,100
corpus_mesh,50,670,1,1,1,1,0,113
single,50,671,1,0,0,0,0,50
reflection,50,671,1,0,15,15,0,65
static_team,50,671,1,0,0,0,0,100
corpus_mesh,50,671,1,0,0,0,0,102
single,50,672,0,1,0,0,1,50
reflection,50,672,0,1,10,10,1,60
static_team,50,672,1,1,1,1,0,101
corpus_mesh,50,672,1,0,0,0,0,107
single,50,673,1,0,0,0,0,50
reflection,50,673,1,0,8,8,0,58
static_team,50,673,1,0,0,0,0,100
corpus_mesh,50,673,1,1,1,1,0,105
single,50,674,1,0,0,0,0,50
reflection,50,674,1,0,13,13,0,63
static_team,50,674,1,1,1,1,0,101
corpus_mesh,50,674,1,1,1,1,0,106
single,50,675,1,0,0,0,0,50
reflection,50,675,1,0,9,9,0,59
static_team,50,675,1,1,1,1,0,102
corpus_mesh,50,675,1,0,0,0,0,108
single,50,676,0,1,0,0,1,50
reflection,50,676,0,1,11,10,1,61
static_team,50,676,1,0,0,0,0,101
corpus_mesh,50,676,1,0,0,0,0,106
single,50,677,1,0,0,0,0,50
reflection,50,677,0,3,19,19,1,69
static_team,50,677,1,2,2,2,0,102
corpus_mesh,50,677,1,1,1,1,0,108
single,50,678,1,0,0,0,0,50
reflection,50,678,1,0,14,14,0,64
static_team,50,678,1,1,1,1,0,102
corpus_mesh,50,678,1,0,0,0,0,104
single,50,679,0,3,0,0,1,50
reflection,50,679,1,0,11,11,0,61
static_team,50,679,1,2,2,2,0,102
corpus_mesh,50,679,1,1,1,1,0,108
single,50,680,1,0,0,0,0,50
reflection,50,680,1,0,15,15,0,65
static_team,50,680,1,1,1,1,0,102
corpus_mesh,50,680,1,3,3,3,0,112
single,50,681,0,2,0,0,1,50
reflection,50,681,0,2,17,17,1,67
static_team,50,681,1,0,0,0,0,100
corpus_mesh,50,681,1,0,0,0,0,104
single,50,682,1,0,0,0,0,50
reflection,50,682,1,0,20,20,0,70
static_team,50,682,1,1,1,1,0,101
corpus_mesh,50,682,1,2,2,2,0,109
single,50,683,1,0,0,0,0,50
reflection,50,683,1,0,17,17,0,67
static_team,50,683,1,0,0,0,0,101
corpus_mesh,50,683,1,2,2,2,0,107
single,50,684,0,1,0,0,1,50
reflection,50,684,0,2,14,14,1,64
static_team,50,684,1,1,1,1,0,102
corpus_mesh,50,684,1,1,1,1,0,109
single,50,685,0,1,0,0,1,50
reflection,50,685,0,0,9,8,1,59
static_team,50,685,1,1,1,1,0,103
corpus_mesh,50,685,1,0,0,0,0,109
single,50,686,0,2,0,0,1,50
reflection,50,686,1,0,15,15,0,65
static_team,50,686,1,2,2,2,0,103
corpus_mesh,50,686,1,2,2,2,0,112
single,50,687,1,0,0,0,0,50
reflection,50,687,1,0,12,12,0,62
static_team,50,687,1,1,1,1,0,102
corpus_mesh,50,687,1,2,2,2,0,111
single,50,688,1,0,0,0,0,50
reflection,50,688,1,1,16,16,0,66
static_team,50,688,0,1,1,1,1,102
corpus_mesh,50,688,1,0,0,0,0,108
single,50,689,0,1,0,0,1,50
reflection,50,689,1,0,18,18,0,68
static_team,50,689,1,1,1,1,0,102
corpus_mesh,50,689,1,0,0,0,0,104
single,50,690,1,0,0,0,0,50
reflection,50,690,1,1,16,16,0,66
static_team,50,690,1,0,0,0,0,100
corpus_mesh,50,690,1,0,0,0,0,106
single,50,691,0,1,0,0,1,50
reflection,50,691,1,0,14,14,0,64
static_team,50,691,1,0,0,0,0,100
corpus_mesh,50,691,1,1,1,1,0,112
single,50,692,1,0,0,0,0,50
reflection,50,692,1,0,12,12,0,62
static_team,50,692,1,0,0,0,0,100
corpus_mesh,50,692,1,1,1,1,0,110
single,50,693,1,0,0,0,0,50
reflection,50,693,0,0,15,14,1,65
static_team,50,693,1,0,0,0,0,101
corpus_mesh,50,693,1,1,1,1,0,106
single,50,694,1,0,0,0,0,50
reflection,50,694,1,0,14,14,0,64
static_team,50,694,1,0,0,0,0,100
corpus_mesh,50,694,1,0,0,0,0,108
single,50,695,1,0,0,0,0,50
reflection,50,695,1,0,13,13,0,63
static_team,50,695,1,1,1,1,0,101
corpus_mesh,50,695,1,0,0,0,0,104
single,50,696,0,1,0,0,1,50
reflection,50,696,0,0,13,12,1,63
static_team,50,696,1,0,0,0,0,100
corpus_mesh,50,696,1,1,1,1,0,104
single,50,697,1,0,0,0,0,50
reflection,50,697,0,2,7,7,1,57
static_team,50,697,1,0,0,0,0,100
corpus_mesh,50,697,1,0,0,0,0,106
single,50,698,1,0,0,0,0,50
reflection,50,698,1,0,11,11,0,61
static_team,50,698,1,0,0,0,0,100
corpus_mesh,50,698,1,0,0,0,0,102
single,50,699,0,2,0,0,1,50
reflection,50,699,1,1,15,15,0,65
static_team,50,699,1,2,2,2,0,102
corpus_mesh,50,699,1,0,0,0,0,114
single,50,700,1,2,0,0,0,50
reflection,50,700,0,2,13,13,1,63
static_team,50,700,1,2,2,2,0,102
corpus_mesh,50,700,1,2,2,2,0,111
single,50,701,0,3,0,0,1,50
reflection,50,701,1,2,15,15,0,65
static_team,50,701,1,0,0,0,0,100
corpus_mesh,50,701,1,1,1,1,0,109
single,50,702,1,0,0,0,0,50
reflection,50,702,0,1,19,18,1,69
static_team,50,702,1,0,0,0,0,100
corpus_mesh,50,702,1,0,0,0,0,102
single,50,703,1,0,0,0,0,50
reflection,50,703,1,0,14,14,0,64
static_team,50,703,1,0,0,0,0,100
corpus_mesh,50,703,1,2,2,2,0,108
single,50,704,1,0,0,0,0,50
reflection,50,704,1,0,16,16,0,66
static_team,50,704,1,0,0,0,0,100
corpus_mesh,50,704,1,2,2,2,0,113
single,50,705,0,1,0,0,1,50
reflection,50,705,0,0,18,17,1,68
static_team,50,705,1,2,2,2,0,103
corpus_mesh,50,705,1,0,0,0,0,108
single,50,706,0,1,0,0,1,50
reflection,50,706,0,1,15,15,1,65
static_team,50,706,1,0,0,0,0,101
corpus_mesh,50,706,1,1,1,1,0,104
single,50,707,1,0,0,0,0,50
reflection,50,707,1,0,8,8,0,58
static_team,50,707,1,1,1,1,0,101
corpus_mesh,50,707,1,1,1,1,0,107
single,50,708,1,0,0,0,0,50
reflection,50,708,1,0,13,13,0,63
static_team,50,708,1,0,0,0,0,100
corpus_mesh,50,708,1,1,1,1,0,106
single,50,709,0,1,0,0,1,50
reflection,50,709,1,0,12,12,0,62
static_team,50,709,1,0,0,0,0,101
corpus_mesh,50,709,1,0,0,0,0,107
single,50,710,1,0,0,0,0,50
reflection,50,710,0,1,16,15,1,66
static_team,50,710,1,1,1,1,0,103
corpus_mesh,50,710,1,3,3,3,0,112
single,50,711,1,0,0,0,0,50
reflection,50,711,1,3,16,16,0,66
static_team,50,711,0,1,1,0,1,102
corpus_mesh,50,711,1,0,0,0,0,106
single,50,712,1,2,0,0,0,50
reflection,50,712,0,1,7,7,1,57
static_team,50,712,1,3,3,3,0,104
corpus_mesh,50,712,1,1,1,1,0,105
single,50,713,1,0,0,0,0,50
reflection,50,713,1,0,18,18,0,68
static_team,50,713,1,2,2,2,0,102
corpus_mesh,50,713,1,1,1,1,0,109
single,50,714,0,1,0,0,1,50
reflection,50,714,0,1,18,17,1,68
static_team,50,714,1,0,0,0,0,100
corpus_mesh,50,714,1,1,1,1,0,108
single,50,715,1,2,0,0,0,50
reflection,50,715,0,0,12,11,1,62
static_team,50,715,1,1,1,1,0,103
corpus_mesh,50,715,1,2,2,2,0,112
single,50,716,1,0,0,0,0,50
reflection,50,716,0,0,17,16,1,67
static_team,50,716,1,2,2,2,0,102
corpus_mesh,50,716,1,1,1,1,0,106
single,50,717,0,1,0,0,1,50
reflection,50,717,1,0,12,12,0,62
static_team,50,717,1,0,0,0,0,100
corpus_mesh,50,717,1,0,0,0,0,102
single,50,718,0,1,0,0,1,50
reflection,50,718,1,1,10,10,0,60
static_team,50,718,1,0,0,0,0,101
corpus_mesh,50,718,1,3,3,3,0,113
single,50,719,1,0,0,0,0,50
reflection,50,719,1,0,14,14,0,64
static_team,50,719,1,0,0,0,0,101
corpus_mesh,50,719,1,0,0,0,0,104
single,50,720,1,0,0,0,0,50
reflection,50,720,1,1,14,14,0,64
static_team,50,720,1,1,1,1,0,101
corpus_mesh,50,720,1,1,1,1,0,110
single,50,721,0,2,0,0,1,50
reflection,50,721,1,0,16,16,0,66
static_team,50,721,1,0,0,0,0,100
corpus_mesh,50,721,1,2,2,2,0,110
single,50,722,0,1,0,0,1,50
reflection,50,722,0,1,11,11,1,61
static_team,50,722,1,0,0,0,0,100
corpus_mesh,50,722,1,0,0,0,0,107
single,50,723,0,1,0,0,1,50
reflection,50,723,1,0,14,14,0,64
static_team,50,723,1,1,1,1,0,101
corpus_mesh,50,723,1,0,0,0,0,105
single,50,724,0,2,0,0,1,50
reflection,50,724,0,1,17,17,1,67
static_team,50,724,1,1,1,1,0,103
corpus_mesh,50,724,1,2,2,2,0,108
single,50,725,1,0,0,0,0,50
reflection,50,725,0,1,15,15,1,65
static_team,50,725,1,0,0,0,0,101
corpus_mesh,50,725,1,0,0,0,0,108
single,50,726,0,1,0,0,1,50
reflection,50,726,0,0,22,21,1,72
static_team,50,726,1,0,0,0,0,100
corpus_mesh,50,726,1,1,1,1,0,113
single,50,727,1,0,0,0,0,50
reflection,50,727,0,0,15,13,1,65
static_team,50,727,1,1,1,1,0,101
corpus_mesh,50,727,1,1,1,1,0,109
single,50,728,1,0,0,0,0,50
reflection,50,728,0,1,12,12,1,62
static_team,50,728,1,0,0,0,0,100
corpus_mesh,50,728,1,0,0,0,0,105
single,50,729,0,2,0,0,1,50
reflection,50,729,0,2,9,9,1,59
static_team,50,729,1,1,1,1,0,101
corpus_mesh,50,729,1,2,2,2,0,109
single,50,730,0,1,0,0,1,50
reflection,50,730,0,1,15,14,1,65
static_team,50,730,1,3,3,3,0,103
corpus_mesh,50,730,1,1,1,1,0,109
single,50,731,0,1,0,0,1,50
reflection,50,731,1,0,14,14,0,64
static_team,50,731,1,0,0,0,0,100
corpus_mesh,50,731,1,0,0,0,0,105
single,50,732,0,1,0,0,1,50
reflection,50,732,0,0,20,19,1,70
static_team,50,732,1,2,2,2,0,103
corpus_mesh,50,732,1,0,0,0,0,106
single,50,733,1,0,0,0,0,50
reflection,50,733,1,0,22,22,0,72
static_team,50,733,1,2,2,2,0,102
corpus_mesh,50,733,1,0,0,0,0,102
single,50,734,1,0,0,0,0,50
reflection,50,734,0,2,15,15,1,65
static_team,50,734,1,1,1,1,0,101
corpus_mesh,50,734,0,1,1,1,1,113
single,50,735,1,0,0,0,0,50
reflection,50,735,0,0,12,11,1,62
static_team,50,735,1,0,0,0,0,100
corpus_mesh,50,735,1,2,2,2,0,110
single,50,736,0,1,0,0,1,50
reflection,50,736,0,2,11,11,1,61
static_team,50,736,1,2,2,2,0,102
corpus_mesh,50,736,1,0,0,0,0,101
single,50,737,0,1,0,0,1,50
reflection,50,737,0,1,13,12,1,63
static_team,50,737,1,2,2,2,0,102
corpus_mesh,50,737,1,2,2,2,0,113
single,50,738,1,0,0,0,0,50
reflection,50,738,0,1,9,9,1,59
static_team,50,738,1,0,0,0,0,100
corpus_mesh,50,738,1,0,0,0,0,110
single,50,739,0,1,0,0,1,50
reflection,50,739,1,1,13,13,0,63
static_team,50,739,1,0,0,0,0,100
corpus_mesh,50,739,1,0,0,0,0,110
single,50,740,0,1,0,0,1,50
reflection,50,740,1,0,11,11,0,61
static_team,50,740,1,0,0,0,0,100
corpus_mesh,50,740,1,0,0,0,0,106
single,50,741,0,1,0,0,1,50
reflection,50,741,1,0,16,16,0,66
static_team,50,741,1,1,1,1,0,101
corpus_mesh,50,741,1,1,1,1,0,107
single,50,742,1,0,0,0,0,50
reflection,50,742,1,0,13,13,0,63
static_team,50,742,1,1,1,1,0,102
corpus_mesh,50,742,1,2,2,2,0,110
single,50,743,1,0,0,0,0,50
reflection,50,743,1,0,12,12,0,62
static_team,50,743,1,1,1,1,0,101
corpus_mesh,50,743,1,1,1,1,0,107
single,50,744,0,2,0,0,1,50
reflection,50,744,1,0,15,15,0,65
static_team,50,744,1,0,0,0,0,101
corpus_mesh,50,744,1,0,0,0,0,103
single,50,745,0,1,0,0,1,50
reflection,50,745,0,1,10,10,1,60
static_team,50,745,0,0,0,0,1,102
corpus_mesh,50,745,1,0,0,0,0,102
single,50,746,1,0,0,0,0,50
reflection,50,746,1,0,10,10,0,60
static_team,50,746,1,1,1,1,0,101
corpus_mesh,50,746,1,0,0,0,0,104
single,50,747,0,1,0,0,1,50
reflection,50,747,1,0,15,15,0,65
static_team,50,747,1,0,0,0,0,100
corpus_mesh,50,747,1,0,0,0,0,102
single,50,748,1,2,0,0,0,50
reflection,50,748,1,0,10,10,0,60
static_team,50,748,1,0,0,0,0,100
corpus_mesh,50,748,1,0,0,0,0,105
single,50,749,0,1,0,0,1,50
reflection,50,749,0,2,15,15,1,65
static_team,50,749,1,0,0,0,0,100
corpus_mesh,50,749,1,0,0,0,0,104
single,50,750,1,0,0,0,0,50
reflection,50,750,0,1,14,13,1,64
static_team,50,750,1,1,1,1,0,101
corpus_mesh,50,750,1,0,0,0,0,104
single,50,751,0,1,0,0,1,50
reflection,50,751,1,0,19,19,0,69
static_team,50,751,1,1,1,1,0,103
corpus_mesh,50,751,1,1,1,1,0,107
single,50,752,1,0,0,0,0,50
reflection,50,752,1,0,18,18,0,68
static_team,50,752,1,0,0,0,0,100
corpus_mesh,50,752,1,1,1,1,0,108
single,50,753,1,0,0,0,0,50
reflection,50,753,1,0,12,12,0,62
static_team,50,753,0,2,2,1,1,102
corpus_mesh,50,753,1,1,1,1,0,106
single,50,754,0,3,0,0,1,50
reflection,50,754,1,0,14,14,0,64
static_team,50,754,1,2,2,2,0,102
corpus_mesh,50,754,1,0,0,0,0,108
single,50,755,0,1,0,0,1,50
reflection,50,755,0,2,14,13,1,64
static_team,50,755,1,0,0,0,0,100
corpus_mesh,50,755,1,0,0,0,0,104
single,50,756,1,0,0,0,0,50
reflection,50,756,1,0,14,14,0,64
static_team,50,756,1,1,1,1,0,101
corpus_mesh,50,756,1,0,0,0,0,107
single,50,757,1,0,0,0,0,50
reflection,50,757,0,0,15,14,1,65
static_team,50,757,1,1,1,1,0,101
corpus_mesh,50,757,1,1,1,1,0,105
single,50,758,0,1,0,0,1,50
reflection,50,758,1,0,14,14,0,64
static_team,50,758,1,1,1,1,0,101
corpus_mesh,50,758,1,2,2,2,0,108
single,50,759,1,0,0,0,0,50
reflection,50,759,1,0,10,10,0,60
static_team,50,759,1,0,0,0,0,100
corpus_mesh,50,759,1,0,0,0,0,105
single,50,760,0,1,0,0,1,50
reflection,50,760,0,1,10,10,1,60
static_team,50,760,1,1,1,1,0,102
corpus_mesh,50,760,1,1,1,1,0,107
single,50,761,1,0,0,0,0,50
reflection,50,761,0,1,11,11,1,61
static_team,50,761,1,0,0,0,0,100
corpus_mesh,50,761,1,1,1,1,0,109
single,50,762,0,3,0,0,1,50
reflection,50,762,0,2,15,14,1,65
static_team,50,762,1,1,1,1,0,102
corpus_mesh,50,762,1,0,0,0,0,105
single,50,763,1,0,0,0,0,50
reflection,50,763,0,2,10,10,1,60
static_team,50,763,1,1,1,1,0,102
corpus_mesh,50,763,1,0,0,0,0,102
single,50,764,0,2,0,0,1,50
reflection,50,764,1,0,11,11,0,61
static_team,50,764,1,1,1,1,0,101
corpus_mesh,50,764,1,1,1,1,0,112
single,50,765,1,0,0,0,0,50
reflection,50,765,0,1,15,15,1,65
static_team,50,765,1,1,1,1,0,101
corpus_mesh,50,765,1,0,0,0,0,102
single,50,766,0,1,0,0,1,50
reflection,50,766,0,2,12,12,1,62
static_team,50,766,1,1,1,1,0,101
corpus_mesh,50,766,1,1,1,1,0,109
single,50,767,0,1,0,0,1,50
reflection,50,767,1,0,19,19,0,69
static_team,50,767,1,0,0,0,0,100
corpus_mesh,50,767,1,2,2,2,0,108
single,50,768,0,1,0,0,1,50
reflection,50,768,1,0,13,13,0,63
static_team,50,768,1,1,1,1,0,101
corpus_mesh,50,768,1,0,0,0,0,105
single,50,769,0,1,0,0,1,50
reflection,50,769,1,0,14,14,0,64
static_team,50,769,1,0,0,0,0,100
corpus_mesh,50,769,1,1,1,1,0,106
single,50,770,1,0,0,0,0,50
reflection,50,770,0,0,14,13,1,64
static_team,50,770,1,1,1,1,0,101
corpus_mesh,50,770,1,0,0,0,0,104
single,50,771,1,0,0,0,0,50
reflection,50,771,1,1,18,18,0,68
static_team,50,771,1,2,2,2,0,102
corpus_mesh,50,771,1,1,1,1,0,105
single,50,772,0,1,0,0,1,50
reflection,50,772,1,0,14,14,0,64
static_team,50,772,1,0,0,0,0,100
corpus_mesh,50,772,1,0,0,0,0,108
single,50,773,1,0,0,0,0,50
reflection,50,773,0,1,14,14,1,64
static_team,50,773,1,0,0,0,0,100
corpus_mesh,50,773,1,1,1,1,0,108
single,50,774,1,0,0,0,0,50
reflection,50,774,0,0,9,8,1,59
static_team,50,774,1,2,2,2,0,102
corpus_mesh,50,774,1,1,1,1,0,105
single,50,775,1,0,0,0,0,50
reflection,50,775,0,1,9,8,1,59
static_team,50,775,1,0,0,0,0,100
corpus_mesh,50,775,1,1,1,1,0,107
single,50,776,0,1,0,0,1,50
reflection,50,776,1,0,10,10,0,60
static_team,50,776,1,1,1,1,0,101
corpus_mesh,50,776,1,0,0,0,0,106
single,50,777,0,3,0,0,1,50
reflection,50,777,1,1,17,17,0,67
static_team,50,777,1,1,1,1,0,102
corpus_mesh,50,777,1,0,0,0,0,102
single,50,778,1,0,0,0,0,50
reflection,50,778,1,0,12,12,0,62
static_team,50,778,1,0,0,0,0,100
corpus_mesh,50,778,1,1,1,1,0,104
single,50,779,1,0,0,0,0,50
reflection,50,779,0,0,10,8,1,60
static_team,50,779,1,2,2,2,0,102
corpus_mesh,50,779,1,0,0,0,0,110
single,50,780,1,0,0,0,0,50
reflection,50,780,0,2,17,16,1,67
static_team,50,780,1,1,1,1,0,101
corpus_mesh,50,780,1,0,0,0,0,107
single,50,781,0,1,0,0,1,50
reflection,50,781,1,0,19,19,0,69
static_team,50,781,1,0,0,0,0,100
corpus_mesh,50,781,1,0,0,0,0,104
single,50,782,1,0,0,0,0,50
reflection,50,782,0,3,8,8,1,58
static_team,50,782,1,0,0,0,0,100
corpus_mesh,50,782,1,1,1,1,0,109
single,50,783,1,0,0,0,0,50
reflection,50,783,0,2,12,12,1,62
static_team,50,783,1,0,0,0,0,100
corpus_mesh,50,783,1,0,0,0,0,104
single,50,784,0,2,0,0,1,50
reflection,50,784,0,1,14,14,1,64
static_team,50,784,1,1,1,1,0,101
corpus_mesh,50,784,1,0,0,0,0,105
single,50,785,0,1,0,0,1,50
reflection,50,785,1,0,17,17,0,67
static_team,50,785,0,2,1,1,1,101
corpus_mesh,50,785,1,0,0,0,0,106
single,50,786,1,0,0,0,0,50
reflection,50,786,0,1,13,12,1,63
static_team,50,786,1,0,0,0,0,100
corpus_mesh,50,786,1,0,0,0,0,107
single,50,787,1,0,0,0,0,50
reflection,50,787,0,1,13,12,1,63
static_team,50,787,1,2,2,2,0,103
corpus_mesh,50,787,1,1,1,1,0,107
single,50,788,0,1,0,0,1,50
reflection,50,788,1,0,11,11,0,61
static_team,50,788,1,0,0,0,0,100
corpus_mesh,50,788,1,1,1,1,0,107
single,50,789,1,0,0,0,0,50
reflection,50,789,1,0,19,19,0,69
static_team,50,789,1,0,0,0,0,100
corpus_mesh,50,789,1,1,1,1,0,109
single,50,790,0,1,0,0,1,50
reflection,50,790,1,0,17,17,0,67
static_team,50,790,1,0,0,0,0,100
corpus_mesh,50,790,1,1,1,1,0,110
single,50,791,1,0,0,0,0,50
reflection,50,791,0,2,17,17,1,67
static_team,50,791,1,1,1,1,0,101
corpus_mesh,50,791,1,0,0,0,0,106
single,50,792,1,0,0,0,0,50
reflection,50,792,0,0,13,12,1,63
static_team,50,792,1,2,2,2,0,102
corpus_mesh,50,792,1,1,1,1,0,111
single,50,793,0,1,0,0,1,50
reflection,50,793,0,1,15,14,1,65
static_team,50,793,1,1,1,1,0,101
corpus_mesh,50,793,1,1,1,1,0,107
single,50,794,1,0,0,0,0,50
reflection,50,794,1,0,11,11,0,61
static_team,50,794,1,0,0,0,0,100
corpus_mesh,50,794,1,2,2,2,0,108
single,50,795,1,0,0,0,0,50
reflection,50,795,1,0,12,12,0,62
static_team,50,795,1,0,0,0,0,100
corpus_mesh,50,795,1,2,2,2,0,111
single,50,796,0,1,0,0,1,50
reflection,50,796,0,2,15,15,1,65
static_team,50,796,1,0,0,0,0,100
corpus_mesh,50,796,1,0,0,0,0,107
single,50,797,0,2,0,0,1,50
reflection,50,797,1,0,11,11,0,61
static_team,50,797,1,0,0,0,0,100
corpus_mesh,50,797,1,1,1,1,0,105
single,50,798,1,0,0,0,0,50
reflection,50,798,1,0,18,18,0,68
static_team,50,798,1,0,0,0,0,100
corpus_mesh,50,798,0,3,3,2,1,110
single,50,799,0,1,0,0,1,50
reflection,50,799,1,0,17,17,0,67
static_team,50,799,1,0,0,0,0,100
corpus_mesh,50,799,1,1,1,1,0,109
single,50,800,0,1,0,0,1,50
reflection,50,800,1,1,11,11,0,61
static_team,50,800,1,0,0,0,0,101
corpus_mesh,50,800,1,1,1,1,0,107
single,50,801,0,2,0,0,1,50
reflection,50,801,1,1,8,8,0,58
static_team,50,801,1,1,1,1,0,101
corpus_mesh,50,801,1,1,1,1,0,108
single,50,802,0,1,0,0,1,50
reflection,50,802,1,0,14,14,0,64
static_team,50,802,1,1,1,1,0,101
corpus_mesh,50,802,1,1,1,1,0,107
single,50,803,1,0,0,0,0,50
reflection,50,803,0,2,6,6,1,56
static_team,50,803,1,1,1,1,0,102
corpus_mesh,50,803,1,2,2,2,0,107
single,50,804,1,0,0,0,0,50
reflection,50,804,0,1,21,20,1,71
static_team,50,804,1,0,0,0,0,100
corpus_mesh,50,804,1,1,1,1,0,108
single,50,805,0,1,0,0,1,50
reflection,50,805,0,1,14,13,1,64
static_team,50,805,1,0,0,0,0,101
corpus_mesh,50,805,1,0,0,0,0,106
single,50,806,0,1,0,0,1,50
reflection,50,806,0,0,15,14,1,65
static_team,50,806,1,0,0,0,0,100
corpus_mesh,50,806,1,1,1,1,0,106
single,50,807,1,0,0,0,0,50
reflection,50,807,0,1,14,14,1,64
static_team,50,807,1,1,1,1,0,101
corpus_mesh,50,807,1,1,1,1,0,110
single,50,808,1,0,0,0,0,50
reflection,50,808,0,2,15,15,1,65
static_team,50,808,1,2,2,2,0,102
corpus_mesh,50,808,1,0,0,0,0,108
single,50,809,1,0,0,0,0,50
reflection,50,809,1,0,16,16,0,66
static_team,50,809,1,0,0,0,0,101
corpus_mesh,50,809,1,0,0,0,0,105
single,50,810,0,2,0,0,1,50
reflection,50,810,1,1,10,10,0,60
static_team,50,810,1,1,1,1,0,101
corpus_mesh,50,810,1,2,2,2,0,107
single,50,811,0,2,0,0,1,50
reflection,50,811,1,0,12,12,0,62
static_team,50,811,1,1,1,1,0,101
corpus_mesh,50,811,1,1,1,1,0,107
single,50,812,0,1,0,0,1,50
reflection,50,812,1,1,15,15,0,65
static_team,50,812,1,0,0,0,0,100
corpus_mesh,50,812,1,0,0,0,0,109
single,50,813,1,0,0,0,0,50
reflection,50,813,0,1,13,13,1,63
static_team,50,813,1,0,0,0,0,100
corpus_mesh,50,813,1,0,0,0,0,104
single,50,814,0,2,0,0,1,50
reflection,50,814,0,1,13,13,1,63
static_team,50,814,1,1,1,1,0,101
corpus_mesh,50,814,1,1,1,1,0,111
single,50,815,0,1,0,0,1,50
reflection,50,815,1,1,10,10,0,60
static_team,50,815,1,0,0,0,0,100
corpus_mesh,50,815,1,1,1,1,0,108
single,50,816,0,1,0,0,1,50
reflection,50,816,0,1,9,8,1,59
static_team,50,816,1,1,1,1,0,101
corpus_mesh,50,816,1,1,1,1,0,112
single,50,817,1,0,0,0,0,50
reflection,50,817,1,0,17,17,0,67
static_team,50,817,1,2,2,2,0,102
corpus_mesh,50,817,1,2,2,2,0,113
single,50,818,0,1,0,0,1,50
reflection,50,818,0,1,11,11,1,61
static_team,50,818,1,0,0,0,0,100
corpus_mesh,50,818,1,2,2,2,0,113
single,50,819,1,0,0,0,0,50
reflection,50,819,1,0,14,14,0,64
static_team,50,819,1,1,1,1,0,101
corpus_mesh,50,819,1,1,1,1,0,103
single,50,820,1,0,0,0,0,50
reflection,50,820,0,1,13,13,1,63
static_team,50,820,1,0,0,0,0,100
corpus_mesh,50,820,1,3,3,3,0,114
single,50,821,1,0,0,0,0,50
reflection,50,821,0,3,12,12,1,62
static_team,50,821,1,1,1,1,0,102
corpus_mesh,50,821,1,0,0,0,0,107
single,50,822,0,1,0,0,1,50
reflection,50,822,1,0,13,13,0,63
static_team,50,822,1,0,0,0,0,100
corpus_mesh,50,822,1,1,1,1,0,110
single,50,823,1,0,0,0,0,50
reflection,50,823,1,0,14,14,0,64
static_team,50,823,1,1,1,1,0,101
corpus_mesh,50,823,1,3,3,3,0,113
single,50,824,0,1,0,0,1,50
reflection,50,824,0,1,15,14,1,65
static_team,50,824,1,1,1,1,0,101
corpus_mesh,50,824,1,0,0,0,0,103
single,50,825,0,1,0,0,1,50
reflection,50,825,1,0,15,15,0,65
static_team,50,825,1,1,1,1,0,101
corpus_mesh,50,825,1,1,1,1,0,111
single,50,826,1,0,0,0,0,50
reflection,50,826,0,1,19,19,1,69
static_team,50,826,1,0,0,0,0,100
corpus_mesh,50,826,1,1,1,1,0,106
single,50,827,1,2,0,0,0,50
reflection,50,827,1,1,17,17,0,67
static_team,50,827,1,0,0,0,0,100
corpus_mesh,50,827,1,0,0,0,0,108
single,50,828,0,1,0,0,1,50
reflection,50,828,1,0,18,18,0,68
static_team,50,828,1,1,1,1,0,102
corpus_mesh,50,828,1,2,2,2,0,110
single,50,829,0,2,0,0,1,50
reflection,50,829,0,2,15,15,1,65
static_team,50,829,1,0,0,0,0,100
corpus_mesh,50,829,1,1,1,1,0,105
single,50,830,0,1,0,0,1,50
reflection,50,830,1,1,14,14,0,64
static_team,50,830,1,0,0,0,0,100
corpus_mesh,50,830,1,2,2,2,0,112
single,50,831,1,0,0,0,0,50
reflection,50,831,0,1,10,10,1,60
static_team,50,831,1,0,0,0,0,100
corpus_mesh,50,831,1,2,2,2,0,109
single,50,832,0,1,0,0,1,50
reflection,50,832,1,0,12,12,0,62
static_team,50,832,1,1,1,1,0,101
corpus_mesh,50,832,1,0,0,0,0,105
single,50,833,1,0,0,0,0,50
reflection,50,833,1,0,11,11,0,61
static_team,50,833,1,0,0,0,0,100
corpus_mesh,50,833,1,0,0,0,0,106
single,50,834,0,1,0,0,1,50
reflection,50,834,0,0,10,9,1,60
static_team,50,834,1,0,0,0,0,100
corpus_mesh,50,834,1,3,3,3,0,110
single,50,835,0,1,0,0,1,50
reflection,50,835,0,1,23,22,1,73
static_team,50,835,1,0,0,0,0,100
corpus_mesh,50,835,1,2,2,2,0,108
single,50,836,0,2,0,0,1,50
reflection,50,836,1,0,9,9,0,59
static_team,50,836,1,0,0,0,0,100
corpus_mesh,50,836,1,0,0,0,0,103
single,50,837,0,1,0,0,1,50
reflection,50,837,0,1,15,14,1,65
static_team,50,837,1,1,1,1,0,101
corpus_mesh,50,837,1,0,0,0,0,104
single,50,838,0,1,0,0,1,50
reflection,50,838,1,0,13,13,0,63
static_team,50,838,1,1,1,1,0,103
corpus_mesh,50,838,1,1,1,1,0,105
single,50,839,0,1,0,0,1,50
reflection,50,839,1,0,12,12,0,62
static_team,50,839,1,1,1,1,0,101
corpus_mesh,50,839,1,0,0,0,0,102
single,50,840,1,0,0,0,0,50
reflection,50,840,1,0,15,15,0,65
static_team,50,840,1,1,1,1,0,102
corpus_mesh,50,840,1,0,0,0,0,106
single,50,841,1,0,0,0,0,50
reflection,50,841,0,2,15,15,1,65
static_team,50,841,1,0,0,0,0,100
corpus_mesh,50,841,1,0,0,0,0,107
single,50,842,1,0,0,0,0,50
reflection,50,842,0,2,12,12,1,62
static_team,50,842,1,1,1,1,0,101
corpus_mesh,50,842,1,0,0,0,0,106
single,50,843,1,0,0,0,0,50
reflection,50,843,1,1,10,10,0,60
static_team,50,843,1,1,1,1,0,102
corpus_mesh,50,843,1,2,2,2,0,107
single,50,844,1,0,0,0,0,50
reflection,50,844,1,0,14,14,0,64
static_team,50,844,1,2,2,2,0,102
corpus_mesh,50,844,1,0,0,0,0,105
single,50,845,0,1,0,0,1,50
reflection,50,845,0,0,13,12,1,63
static_team,50,845,1,2,2,2,0,102
corpus_mesh,50,845,1,2,2,2,0,107
single,50,846,1,0,0,0,0,50
reflection,50,846,1,0,11,11,0,61
static_team,50,846,1,0,0,0,0,100
corpus_mesh,50,846,1,0,0,0,0,102
single,50,847,1,0,0,0,0,50
reflection,50,847,1,0,14,14,0,64
static_team,50,847,1,1,1,1,0,101
corpus_mesh,50,847,1,1,1,1,0,109
single,50,848,1,0,0,0,0,50
reflection,50,848,1,0,13,13,0,63
static_team,50,848,1,3,3,3,0,103
corpus_mesh,50,848,1,1,1,1,0,112
single,50,849,0,2,0,0,1,50
reflection,50,849,1,0,12,12,0,62
static_team,50,849,1,1,1,1,0,101
corpus_mesh,50,849,1,1,1,1,0,109
single,50,850,0,2,0,0,1,50
reflection,50,850,1,0,16,16,0,66
static_team,50,850,1,1,1,1,0,102
corpus_mesh,50,850,1,0,0,0,0,109
single,50,851,1,0,0,0,0,50
reflection,50,851,0,1,14,14,1,64
static_team,50,851,1,1,1,1,0,102
corpus_mesh,50,851,1,1,1,1,0,109
single,50,852,1,0,0,0,0,50
reflection,50,852,0,2,18,18,1,68
static_team,50,852,0,1,1,1,1,103
corpus_mesh,50,852,1,1,1,1,0,105
single,50,853,1,0,0,0,0,50
reflection,50,853,0,1,16,16,1,66
static_team,50,853,1,1,1,1,0,101
corpus_mesh,50,853,1,0,0,0,0,107
single,50,854,1,0,0,0,0,50
reflection,50,854,1,0,14,14,0,64
static_team,50,854,1,1,1,1,0,101
corpus_mesh,50,854,1,2,2,2,0,111
single,50,855,1,2,0,0,0,50
reflection,50,855,1,0,16,16,0,66
static_team,50,855,1,0,0,0,0,101
corpus_mesh,50,855,1,1,1,1,0,104
single,50,856,1,0,0,0,0,50
reflection,50,856,1,1,20,20,0,70
static_team,50,856,1,1,1,1,0,105
corpus_mesh,50,856,1,0,0,0,0,108
single,50,857,0,1,0,0,1,50
reflection,50,857,0,1,13,13,1,63
static_team,50,857,1,1,1,1,0,101
corpus_mesh,50,857,1,1,1,1,0,106
single,50,858,1,0,0,0,0,50
reflection,50,858,0,1,13,12,1,63
static_team,50,858,1,0,0,0,0,100
corpus_mesh,50,858,1,0,0,0,0,108
single,50,859,1,0,0,0,0,50
reflection,50,859,1,0,21,21,0,71
static_team,50,859,1,0,0,0,0,100
corpus_mesh,50,859,1,1,1,1,0,109
single,50,860,0,1,0,0,1,50
reflection,50,860,0,1,9,9,1,59
static_team,50,860,1,2,2,2,0,102
corpus_mesh,50,860,1,0,0,0,0,104
single,50,861,0,1,0,0,1,50
reflection,50,861,0,1,15,15,1,65
static_team,50,861,1,1,1,1,0,101
corpus_mesh,50,861,1,0,0,0,0,104
single,50,862,1,3,0,0,0,50
reflection,50,862,1,0,12,12,0,62
static_team,50,862,1,0,0,0,0,101
corpus_mesh,50,862,1,0,0,0,0,103
single,50,863,0,2,0,0,1,50
reflection,50,863,1,0,14,14,0,64
static_team,50,863,1,0,0,0,0,100
corpus_mesh,50,863,1,1,1,1,0,105
single,50,864,1,0,0,0,0,50
reflection,50,864,1,1,15,15,0,65
static_team,50,864,1,1,1,1,0,101
corpus_mesh,50,864,1,1,1,1,0,111
single,50,865,0,1,0,0,1,50
reflection,50,865,1,0,18,18,0,68
static_team,50,865,1,1,1,1,0,101
corpus_mesh,50,865,1,1,1,1,0,111
single,50,866,0,2,0,0,1,50
reflection,50,866,0,1,12,12,1,62
static_team,50,866,1,1,1,1,0,102
corpus_mesh,50,866,1,0,0,0,0,105
single,50,867,1,0,0,0,0,50
reflection,50,867,0,2,14,13,1,64
static_team,50,867,1,2,2,2,0,102
corpus_mesh,50,867,1,0,0,0,0,102
single,50,868,1,0,0,0,0,50
reflection,50,868,1,0,8,8,0,58
static_team,50,868,1,2,2,2,0,103
corpus_mesh,50,868,1,1,1,1,0,108
single,50,869,1,0,0,0,0,50
reflection,50,869,0,0,19,18,1,69
static_team,50,869,1,1,1,1,0,101
corpus_mesh,50,869,1,2,2,2,0,110
single,50,870,0,1,0,0,1,50
reflection,50,870,1,0,17,17,0,67
static_team,50,870,1,1,1,1,0,102
corpus_mesh,50,870,1,0,0,0,0,107
single,50,871,1,0,0,0,0,50
reflection,50,871,0,1,12,12,1,62
static_team,50,871,1,0,0,0,0,101
corpus_mesh,50,871,1,0,0,0,0,105
single,50,872,1,0,0,0,0,50
reflection,50,872,1,0,13,13,0,63
static_team,50,872,1,1,1,1,0,101
corpus_mesh,50,872,1,0,0,0,0,104
single,50,873,0,1,0,0,1,50
reflection,50,873,0,2,19,18,1,69
static_team,50,873,1,3,3,3,0,103
corpus_mesh,50,873,1,2,2,2,0,107
single,50,874,0,1,0,0,1,50
reflection,50,874,0,1,7,7,1,57
static_team,50,874,1,0,0,0,0,100
corpus_mesh,50,874,1,2,2,2,0,112
single,50,875,1,0,0,0,0,50
reflection,50,875,1,1,18,18,0,68
static_team,50,875,1,1,1,1,0,101
corpus_mesh,50,875,1,2,2,2,0,111
single,50,876,1,0,0,0,0,50
reflection,50,876,1,0,15,15,0,65
static_team,50,876,1,1,1,1,0,102
corpus_mesh,50,876,1,2,2,2,0,105
single,50,877,0,1,0,0,1,50
reflection,50,877,1,0,14,14,0,64
static_team,50,877,1,0,0,0,0,101
corpus_mesh,50,877,1,1,1,1,0,104
single,50,878,1,0,0,0,0,50
reflection,50,878,0,1,17,17,1,67
static_team,50,878,1,2,2,2,0,102
corpus_mesh,50,878,1,0,0,0,0,104
single,50,879,0,1,0,0,1,50
reflection,50,879,1,0,16,16,0,66
static_team,50,879,1,1,1,1,0,101
corpus_mesh,50,879,1,0,0,0,0,104
single,50,880,0,3,0,0,1,50
reflection,50,880,1,1,21,21,0,71
static_team,50,880,1,2,2,2,0,102
corpus_mesh,50,880,1,0,0,0,0,103
single,50,881,1,0,0,0,0,50
reflection,50,881,1,0,14,14,0,64
static_team,50,881,1,2,2,2,0,102
corpus_mesh,50,881,1,0,0,0,0,113
single,50,882,0,2,0,0,1,50
reflection,50,882,0,1,18,18,1,68
static_team,50,882,1,0,0,0,0,101
corpus_mesh,50,882,1,1,1,1,0,109
single,50,883,0,2,0,0,1,50
reflection,50,883,1,0,10,10,0,60
static_team,50,883,1,0,0,0,0,100
corpus_mesh,50,883,1,1,1,1,0,107
single,50,884,0,1,0,0,1,50
reflection,50,884,1,0,21,21,0,71
static_team,50,884,1,3,3,3,0,103
corpus_mesh,50,884,1,0,0,0,0,105
single,50,885,1,0,0,0,0,50
reflection,50,885,1,0,19,19,0,69
static_team,50,885,1,2,2,2,0,102
corpus_mesh,50,885,1,0,0,0,0,109
single,50,886,0,2,0,0,1,50
reflection,50,886,1,0,13,13,0,63
static_team,50,886,1,0,0,0,0,100
corpus_mesh,50,886,1,0,0,0,0,106
single,50,887,1,2,0,0,0,50
reflection,50,887,1,1,14,14,0,64
static_team,50,887,1,0,0,0,0,100
corpus_mesh,50,887,1,1,1,1,0,105
single,50,888,1,0,0,0,0,50
reflection,50,888,0,1,18,17,1,68
static_team,50,888,1,1,1,1,0,101
corpus_mesh,50,888,1,0,0,0,0,102
single,50,889,1,0,0,0,0,50
reflection,50,889,0,1,13,13,1,63
static_team,50,889,1,0,0,0,0,100
corpus_mesh,50,889,1,1,1,1,0,110
single,50,890,1,0,0,0,0,50
reflection,50,890,0,0,12,11,1,62
static_team,50,890,1,0,0,0,0,100
corpus_mesh,50,890,0,0,0,0,1,110
single,50,891,0,1,0,0,1,50
reflection,50,891,1,0,12,12,0,62
static_team,50,891,1,0,0,0,0,101
corpus_mesh,50,891,1,1,1,1,0,109
single,50,892,0,1,0,0,1,50
reflection,50,892,1,1,11,11,0,61
static_team,50,892,1,0,0,0,0,100
corpus_mesh,50,892,1,1,1,1,0,115
single,50,893,0,1,0,0,1,50
reflection,50,893,0,1,13,13,1,63
static_team,50,893,1,2,2,2,0,102
corpus_mesh,50,893,1,2,2,2,0,112
single,50,894,1,0,0,0,0,50
reflection,50,894,0,1,15,14,1,65
static_team,50,894,1,0,0,0,0,100
corpus_mesh,50,894,1,1,1,1,0,106
single,50,895,1,0,0,0,0,50
reflection,50,895,0,1,16,15,1,66
static_team,50,895,1,2,2,2,0,102
corpus_mesh,50,895,1,2,2,2,0,108
single,50,896,0,1,0,0,1,50
reflection,50,896,1,0,10,10,0,60
static_team,50,896,1,0,0,0,0,100
corpus_mesh,50,896,1,1,1,1,0,103
single,50,897,1,0,0,0,0,50
reflection,50,897,0,1,14,14,1,64
static_team,50,897,1,1,1,1,0,101
corpus_mesh,50,897,1,0,0,0,0,105
single,50,898,1,0,0,0,0,50
reflection,50,898,0,2,18,17,1,68
static_team,50,898,1,1,1,1,0,101
corpus_mesh,50,898,0,5,5,4,1,121
single,50,899,1,0,0,0,0,50
reflection,50,899,0,1,14,14,1,64
static_team,50,899,1,1,1,1,0,101
corpus_mesh,50,899,1,0,0,0,0,111
single,50,900,0,1,0,0,1,50
reflection,50,900,0,1,11,11,1,61
static_team,50,900,1,0,0,0,0,100
corpus_mesh,50,900,1,1,1,1,0,107
single,50,901,0,1,0,0,1,50
reflection,50,901,0,2,9,9,1,59
static_team,50,901,1,1,1,1,0,101
corpus_mesh,50,901,1,1,1,1,0,106
single,50,902,1,0,0,0,0,50
reflection,50,902,0,0,11,10,1,61
static_team,50,902,1,1,1,1,0,102
corpus_mesh,50,902,1,0,0,0,0,108
single,50,903,0,2,0,0,1,50
reflection,50,903,0,1,12,12,1,62
static_team,50,903,1,0,0,0,0,100
corpus_mesh,50,903,1,1,1,1,0,106
single,50,904,0,2,0,0,1,50
reflection,50,904,0,2,14,14,1,64
static_team,50,904,1,2,2,2,0,103
corpus_mesh,50,904,1,1,1,1,0,106
single,50,905,1,0,0,0,0,50
reflection,50,905,1,0,22,22,0,72
static_team,50,905,1,1,1,1,0,101
corpus_mesh,50,905,1,1,1,1,0,106
single,50,906,0,1,0,0,1,50
reflection,50,906,0,1,13,13,1,63
static_team,50,906,1,0,0,0,0,100
corpus_mesh,50,906,1,0,0,0,0,105
single,50,907,0,1,0,0,1,50
reflection,50,907,0,1,14,13,1,64
static_team,50,907,1,1,1,1,0,101
corpus_mesh,50,907,1,1,1,1,0,106
single,50,908,0,1,0,0,1,50
reflection,50,908,1,0,19,19,0,69
static_team,50,908,1,0,0,0,0,100
corpus_mesh,50,908,1,2,2,2,0,112
single,50,909,1,0,0,0,0,50
reflection,50,909,1,0,15,15,0,65
static_team,50,909,1,1,1,1,0,102
corpus_mesh,50,909,1,0,0,0,0,111
single,50,910,0,1,0,0,1,50
reflection,50,910,0,2,9,9,1,59
static_team,50,910,1,0,0,0,0,100
corpus_mesh,50,910,1,0,0,0,0,105
single,50,911,1,0,0,0,0,50
reflection,50,911,1,1,15,15,0,65
static_team,50,911,1,0,0,0,0,100
corpus_mesh,50,911,1,0,0,0,0,107
single,50,912,0,1,0,0,1,50
reflection,50,912,1,0,14,14,0,64
static_team,50,912,1,0,0,0,0,101
corpus_mesh,50,912,1,1,1,1,0,108
single,50,913,0,1,0,0,1,50
reflection,50,913,1,0,13,13,0,63
static_team,50,913,1,1,1,1,0,101
corpus_mesh,50,913,1,2,2,2,0,110
single,50,914,0,1,0,0,1,50
reflection,50,914,1,1,15,15,0,65
static_team,50,914,1,1,1,1,0,101
corpus_mesh,50,914,1,1,1,1,0,105
single,50,915,0,1,0,0,1,50
reflection,50,915,0,2,15,15,1,65
static_team,50,915,1,1,1,1,0,101
corpus_mesh,50,915,1,0,0,0,0,105
single,50,916,0,1,0,0,1,50
reflection,50,916,0,1,16,16,1,66
static_team,50,916,1,0,0,0,0,101
corpus_mesh,50,916,1,0,0,0,0,105
single,50,917,1,0,0,0,0,50
reflection,50,917,0,2,15,15,1,65
static_team,50,917,1,0,0,0,0,100
corpus_mesh,50,917,1,0,0,0,0,102
single,50,918,0,1,0,0,1,50
reflection,50,918,0,1,23,22,1,73
static_team,50,918,1,2,2,2,0,102
corpus_mesh,50,918,1,0,0,0,0,106
single,50,919,1,0,0,0,0,50
reflection,50,919,0,0,11,10,1,61
static_team,50,919,1,2,2,2,0,102
corpus_mesh,50,919,1,0,0,0,0,105
single,50,920,0,1,0,0,1,50
reflection,50,920,0,2,16,16,1,66
static_team,50,920,1,0,0,0,0,101
corpus_mesh,50,920,1,2,2,2,0,114
single,50,921,0,2,0,0,1,50
reflection,50,921,1,0,10,10,0,60
static_team,50,921,1,0,0,0,0,100
corpus_mesh,50,921,1,0,0,0,0,107
single,50,922,1,0,0,0,0,50
reflection,50,922,1,1,17,17,0,67
static_team,50,922,1,0,0,0,0,101
corpus_mesh,50,922,1,0,0,0,0,108
single,50,923,1,0,0,0,0,50
reflection,50,923,0,3,9,9,1,59
static_team,50,923,1,2,2,2,0,103
corpus_mesh,50,923,1,2,2,2,0,110
single,50,924,1,2,0,0,0,50
reflection,50,924,1,0,12,12,0,62
static_team,50,924,1,2,2,2,0,102
corpus_mesh,50,924,1,2,2,2,0,107
single,50,925,1,0,0,0,0,50
reflection,50,925,0,1,19,18,1,69
static_team,50,925,1,2,2,2,0,103
corpus_mesh,50,925,1,1,1,1,0,107
single,50,926,0,1,0,0,1,50
reflection,50,926,0,2,8,8,1,58
static_team,50,926,1,2,2,2,0,102
corpus_mesh,50,926,1,1,1,1,0,106
single,50,927,0,1,0,0,1,50
reflection,50,927,1,0,9,9,0,59
static_team,50,927,1,1,1,1,0,101
corpus_mesh,50,927,1,2,2,2,0,112
single,50,928,1,0,0,0,0,50
reflection,50,928,0,2,12,11,1,62
static_team,50,928,1,0,0,0,0,100
corpus_mesh,50,928,0,2,2,2,1,113
single,50,929,0,2,0,0,1,50
reflection,50,929,0,0,16,14,1,66
static_team,50,929,1,0,0,0,0,100
corpus_mesh,50,929,1,0,0,0,0,107
single,50,930,0,1,0,0,1,50
reflection,50,930,0,2,12,12,1,62
static_team,50,930,1,0,0,0,0,100
corpus_mesh,50,930,1,2,2,2,0,109
single,50,931,1,0,0,0,0,50
reflection,50,931,0,3,13,13,1,63
static_team,50,931,1,0,0,0,0,100
corpus_mesh,50,931,1,2,2,2,0,108
single,50,932,1,0,0,0,0,50
reflection,50,932,1,0,12,12,0,62
static_team,50,932,1,1,1,1,0,101
corpus_mesh,50,932,1,1,1,1,0,107
single,50,933,1,0,0,0,0,50
reflection,50,933,1,0,13,13,0,63
static_team,50,933,1,1,1,1,0,101
corpus_mesh,50,933,1,0,0,0,0,106
single,50,934,0,1,0,0,1,50
reflection,50,934,0,3,20,20,1,70
static_team,50,934,1,0,0,0,0,100
corpus_mesh,50,934,1,2,2,2,0,109
single,50,935,1,2,0,0,0,50
reflection,50,935,0,3,18,18,1,68
static_team,50,935,1,0,0,0,0,100
corpus_mesh,50,935,1,1,1,1,0,107
single,50,936,1,0,0,0,0,50
reflection,50,936,1,1,17,17,0,67
static_team,50,936,1,0,0,0,0,100
corpus_mesh,50,936,1,0,0,0,0,107
single,50,937,0,2,0,0,1,50
reflection,50,937,0,1,14,14,1,64
static_team,50,937,1,1,1,1,0,101
corpus_mesh,50,937,1,1,1,1,0,111
single,50,938,1,0,0,0,0,50
reflection,50,938,0,2,13,13,1,63
static_team,50,938,1,0,0,0,0,100
corpus_mesh,50,938,1,0,0,0,0,108
single,50,939,1,0,0,0,0,50
reflection,50,939,1,0,12,12,0,62
static_team,50,939,1,1,1,1,0,101
corpus_mesh,50,939,1,1,1,1,0,106
single,50,940,1,0,0,0,0,50
reflection,50,940,1,0,15,15,0,65
static_team,50,940,1,0,0,0,0,102
corpus_mesh,50,940,1,0,0,0,0,113
single,50,941,0,1,0,0,1,50
reflection,50,941,1,0,16,16,0,66
static_team,50,941,1,1,1,1,0,101
corpus_mesh,50,941,1,0,0,0,0,107
single,50,942,0,2,0,0,1,50
reflection,50,942,1,0,14,14,0,64
static_team,50,942,1,1,1,1,0,102
corpus_mesh,50,942,1,0,0,0,0,101
single,50,943,0,1,0,0,1,50
reflection,50,943,0,1,9,8,1,59
static_team,50,943,1,2,2,2,0,102
corpus_mesh,50,943,1,0,0,0,0,103
single,50,944,1,0,0,0,0,50
reflection,50,944,0,1,12,12,1,62
static_team,50,944,1,1,1,1,0,101
corpus_mesh,50,944,1,0,0,0,0,107
single,50,945,1,0,0,0,0,50
reflection,50,945,0,2,19,18,1,69
static_team,50,945,1,2,2,2,0,102
corpus_mesh,50,945,1,0,0,0,0,108
single,50,946,1,0,0,0,0,50
reflection,50,946,1,0,16,16,0,66
static_team,50,946,1,1,1,1,0,101
corpus_mesh,50,946,1,0,0,0,0,103
single,50,947,1,0,0,0,0,50
reflection,50,947,0,2,14,14,1,64
static_team,50,947,1,0,0,0,0,101
corpus_mesh,50,947,1,0,0,0,0,105
single,50,948,1,0,0,0,0,50
reflection,50,948,0,1,17,17,1,67
static_team,50,948,1,2,2,2,0,102
corpus_mesh,50,948,1,2,2,2,0,108
single,50,949,1,0,0,0,0,50
reflection,50,949,0,1,16,16,1,66
static_team,50,949,1,0,0,0,0,100
corpus_mesh,50,949,1,0,0,0,0,105
single,50,950,1,0,0,0,0,50
reflection,50,950,1,0,14,14,0,64
static_team,50,950,1,1,1,1,0,101
corpus_mesh,50,950,1,2,2,2,0,107
single,50,951,0,1,0,0,1,50
reflection,50,951,0,1,22,22,1,72
static_team,50,951,1,1,1,1,0,101
corpus_mesh,50,951,1,1,1,1,0,108
single,50,952,0,1,0,0,1,50
reflection,50,952,0,1,9,9,1,59
static_team,50,952,1,0,0,0,0,101
corpus_mesh,50,952,1,0,0,0,0,105
single,50,953,0,1,0,0,1,50
reflection,50,953,1,0,18,18,0,68
static_team,50,953,1,1,1,1,0,102
corpus_mesh,50,953,1,0,0,0,0,102
single,50,954,1,0,0,0,0,50
reflection,50,954,0,1,12,11,1,62
static_team,50,954,1,1,1,1,0,101
corpus_mesh,50,954,1,1,1,1,0,104
single,50,955,1,0,0,0,0,50
reflection,50,955,0,1,15,15,1,65
static_team,50,955,1,1,1,1,0,101
corpus_mesh,50,955,1,1,1,1,0,105
single,50,956,1,0,0,0,0,50
reflection,50,956,1,0,17,17,0,67
static_team,50,956,1,0,0,0,0,100
corpus_mesh,50,956,1,0,0,0,0,106
single,50,957,0,1,0,0,1,50
reflection,50,957,0,1,14,13,1,64
static_team,50,957,1,1,1,1,0,101
corpus_mesh,50,957,1,2,2,2,0,107
single,50,958,0,2,0,0,1,50
reflection,50,958,1,0,8,8,0,58
static_team,50,958,1,2,2,2,0,102
corpus_mesh,50,958,1,0,0,0,0,103
single,50,959,1,0,0,0,0,50
reflection,50,959,1,1,15,15,0,65
static_team,50,959,1,0,0,0,0,100
corpus_mesh,50,959,1,1,1,1,0,104
single,50,960,0,1,0,0,1,50
reflection,50,960,1,2,18,18,0,68
static_team,50,960,1,0,0,0,0,100
corpus_mesh,50,960,1,1,1,1,0,104
single,50,961,0,1,0,0,1,50
reflection,50,961,1,0,18,18,0,68
static_team,50,961,1,0,0,0,0,100
corpus_mesh,50,961,1,0,0,0,0,103
single,50,962,1,0,0,0,0,50
reflection,50,962,1,0,13,13,0,63
static_team,50,962,1,1,1,1,0,102
corpus_mesh,50,962,1,2,2,1,0,118
single,50,963,1,0,0,0,0,50
reflection,50,963,0,0,20,19,1,70
static_team,50,963,1,2,2,2,0,103
corpus_mesh,50,963,1,0,0,0,0,105
single,50,964,0,1,0,0,1,50
reflection,50,964,1,2,14,14,0,64
static_team,50,964,1,1,1,1,0,101
corpus_mesh,50,964,1,1,1,1,0,107
single,50,965,1,0,0,0,0,50
reflection,50,965,1,1,11,11,0,61
static_team,50,965,1,0,0,0,0,100
corpus_mesh,50,965,1,1,1,1,0,106
single,50,966,0,1,0,0,1,50
reflection,50,966,1,0,11,11,0,61
static_team,50,966,1,0,0,0,0,100
corpus_mesh,50,966,1,0,0,0,0,109
single,50,967,0,2,0,0,1,50
reflection,50,967,1,0,18,18,0,68
static_team,50,967,1,0,0,0,0,100
corpus_mesh,50,967,1,0,0,0,0,104
single,50,968,1,0,0,0,0,50
reflection,50,968,0,2,13,13,1,63
static_team,50,968,1,0,0,0,0,100
corpus_mesh,50,968,1,0,0,0,0,104
single,50,969,0,1,0,0,1,50
reflection,50,969,0,2,11,10,1,61
static_team,50,969,1,0,0,0,0,100
corpus_mesh,50,969,1,0,0,0,0,107
single,50,970,1,0,0,0,0,50
reflection,50,970,1,0,11,11,0,61
static_team,50,970,1,2,2,2,0,102
corpus_mesh,50,970,1,2,2,2,0,115
single,50,971,0,1,0,0,1,50
reflection,50,971,1,0,12,12,0,62
static_team,50,971,1,0,0,0,0,100
corpus_mesh,50,971,1,0,0,0,0,105
single,50,972,1,0,0,0,0,50
reflection,50,972,1,0,14,14,0,64
static_team,50,972,1,0,0,0,0,100
corpus_mesh,50,972,1,0,0,0,0,103
single,50,973,0,1,0,0,1,50
reflection,50,973,0,2,13,13,1,63
static_team,50,973,1,2,2,2,0,103
corpus_mesh,50,973,1,0,0,0,0,111
single,50,974,0,1,0,0,1,50
reflection,50,974,0,2,18,18,1,68
static_team,50,974,1,2,2,2,0,102
corpus_mesh,50,974,1,0,0,0,0,104
single,50,975,0,1,0,0,1,50
reflection,50,975,0,1,11,10,1,61
static_team,50,975,1,1,1,1,0,101
corpus_mesh,50,975,1,1,1,1,0,105
single,50,976,1,0,0,0,0,50
reflection,50,976,0,2,9,9,1,59
static_team,50,976,1,1,1,1,0,102
corpus_mesh,50,976,1,1,1,1,0,108
single,50,977,1,0,0,0,0,50
reflection,50,977,1,1,13,13,0,63
static_team,50,977,1,2,2,2,0,102
corpus_mesh,50,977,1,0,0,0,0,103
single,50,978,0,1,0,0,1,50
reflection,50,978,1,0,13,13,0,63
static_team,50,978,1,2,2,2,0,102
corpus_mesh,50,978,1,0,0,0,0,109
single,50,979,1,0,0,0,0,50
reflection,50,979,1,0,16,16,0,66
static_team,50,979,1,0,0,0,0,100
corpus_mesh,50,979,1,0,0,0,0,108
single,50,980,1,0,0,0,0,50
reflection,50,980,1,0,12,12,0,62
static_team,50,980,1,2,2,2,0,102
corpus_mesh,50,980,1,1,1,1,0,107
single,50,981,1,0,0,0,0,50
reflection,50,981,0,1,11,11,1,61
static_team,50,981,1,2,2,2,0,102
corpus_mesh,50,981,1,0,0,0,0,105
single,50,982,0,1,0,0,1,50
reflection,50,982,0,1,11,11,1,61
static_team,50,982,1,1,1,1,0,103
corpus_mesh,50,982,0,2,2,1,1,112
single,50,983,1,0,0,0,0,50
reflection,50,983,0,1,14,14,1,64
static_team,50,983,1,0,0,0,0,100
corpus_mesh,50,983,1,2,2,2,0,114
single,50,984,1,0,0,0,0,50
reflection,50,984,1,0,15,15,0,65
static_team,50,984,1,2,2,2,0,102
corpus_mesh,50,984,1,0,0,0,0,105
single,50,985,1,0,0,0,0,50
reflection,50,985,1,0,18,18,0,68
static_team,50,985,1,1,1,1,0,101
corpus_mesh,50,985,1,0,0,0,0,106
single,50,986,1,0,0,0,0,50
reflection,50,986,1,0,13,13,0,63
static_team,50,986,1,0,0,0,0,100
corpus_mesh,50,986,1,3,3,3,0,110
single,50,987,0,1,0,0,1,50
reflection,50,987,0,0,16,15,1,66
static_team,50,987,1,1,1,1,0,101
corpus_mesh,50,987,1,1,1,1,0,108
single,50,988,0,1,0,0,1,50
reflection,50,988,1,0,15,15,0,65
static_team,50,988,1,0,0,0,0,100
corpus_mesh,50,988,1,1,1,1,0,108
single,50,989,0,1,0,0,1,50
reflection,50,989,0,1,17,17,1,67
static_team,50,989,1,1,1,1,0,101
corpus_mesh,50,989,1,1,1,1,0,107
single,50,990,0,1,0,0,1,50
reflection,50,990,1,0,17,17,0,67
static_team,50,990,1,0,0,0,0,100
corpus_mesh,50,990,1,2,2,2,0,109
single,50,991,1,0,0,0,0,50
reflection,50,991,0,1,16,15,1,66
static_team,50,991,1,0,0,0,0,100
corpus_mesh,50,991,1,1,1,1,0,108
single,50,992,0,1,0,0,1,50
reflection,50,992,0,0,16,15,1,66
static_team,50,992,1,0,0,0,0,100
corpus_mesh,50,992,1,1,1,1,0,109
single,50,993,0,1,0,0,1,50
reflection,50,993,0,2,15,15,1,65
static_team,50,993,1,0,0,0,0,100
corpus_mesh,50,993,1,0,0,0,0,106
single,50,994,0,2,0,0,1,50
reflection,50,994,0,0,10,9,1,60
static_team,50,994,1,0,0,0,0,100
corpus_mesh,50,994,1,0,0,0,0,112
single,50,995,0,2,0,0,1,50
reflection,50,995,0,2,13,13,1,63
static_team,50,995,1,0,0,0,0,100
corpus_mesh,50,995,1,0,0,0,0,103
single,50,996,1,0,0,0,0,50
reflection,50,996,0,0,13,12,1,63
static_team,50,996,1,0,0,0,0,100
corpus_mesh,50,996,1,1,1,1,0,107
single,50,997,0,1,0,0,1,50
reflection,50,997,1,0,14,14,0,64
static_team,50,997,1,0,0,0,0,100
corpus_mesh,50,997,1,1,1,1,0,105
single,50,998,0,3,0,0,1,50
reflection,50,998,0,2,9,9,1,59
static_team,50,998,1,2,2,2,0,102
corpus_mesh,50,998,1,4,4,4,0,117
single,50,999,0,1,0,0,1,50
reflection,50,999,1,0,19,19,0,69
static_team,50,999,1,0,0,0,0,100
corpus_mesh,50,999,1,2,2,2,0,106
single,100,0,0,1,0,0,1,100
reflection,100,0,0,4,24,24,1,124
static_team,100,0,1,1,1,1,0,201
corpus_mesh,100,0,0,2,2,1,1,212
single,100,1,0,2,0,0,1,100
reflection,100,1,0,2,28,27,1,128
static_team,100,1,1,0,0,0,0,200
corpus_mesh,100,1,1,2,2,2,0,213
single,100,2,0,4,0,0,1,100
reflection,100,2,0,1,29,29,1,129
static_team,100,2,1,1,1,1,0,202
corpus_mesh,100,2,1,2,2,2,0,218
single,100,3,0,4,0,0,1,100
reflection,100,3,1,1,21,21,0,121
static_team,100,3,1,2,2,2,0,203
corpus_mesh,100,3,1,0,0,0,0,212
single,100,4,1,0,0,0,0,100
reflection,100,4,0,3,31,31,1,131
static_team,100,4,1,2,2,2,0,202
corpus_mesh,100,4,1,1,1,1,0,215
single,100,5,1,0,0,0,0,100
reflection,100,5,0,2,31,31,1,131
static_team,100,5,1,0,0,0,0,200
corpus_mesh,100,5,1,0,0,0,0,216
single,100,6,0,6,0,0,1,100
reflection,100,6,0,1,23,22,1,123
static_team,100,6,1,2,2,2,0,203
corpus_mesh,100,6,1,3,3,3,0,223
single,100,7,0,2,0,0,1,100
reflection,100,7,1,1,40,40,0,140
static_team,100,7,1,1,1,1,0,202
corpus_mesh,100,7,1,2,2,2,0,209
single,100,8,0,3,0,0,1,100
reflection,100,8,1,0,29,29,0,129
static_team,100,8,1,0,0,0,0,200
corpus_mesh,100,8,1,3,3,3,0,218
single,100,9,0,3,0,0,1,100
reflection,100,9,0,3,27,26,1,127
static_team,100,9,1,1,1,1,0,202
corpus_mesh,100,9,1,2,2,2,0,222
single,100,10,0,4,0,0,1,100
reflection,100,10,0,2,31,31,1,131
static_team,100,10,1,1,1,1,0,201
corpus_mesh,100,10,1,0,0,0,0,213
single,100,11,0,3,0,0,1,100
reflection,100,11,0,0,25,24,1,125
static_team,100,11,1,0,0,0,0,200
corpus_mesh,100,11,1,3,3,3,0,215
single,100,12,1,0,0,0,0,100
reflection,100,12,0,4,23,20,1,123
static_team,100,12,1,1,1,1,0,202
corpus_mesh,100,12,1,2,2,2,0,215
single,100,13,1,0,0,0,0,100
reflection,100,13,0,3,33,30,1,133
static_team,100,13,1,0,0,0,0,201
corpus_mesh,100,13,1,0,0,0,0,207
single,100,14,1,0,0,0,0,100
reflection,100,14,1,3,27,27,0,127
static_team,100,14,1,3,3,3,0,204
corpus_mesh,100,14,1,3,3,3,0,219
single,100,15,1,0,0,0,0,100
reflection,100,15,0,2,30,28,1,130
static_team,100,15,1,2,2,2,0,202
corpus_mesh,100,15,1,2,2,2,0,213
single,100,16,1,0,0,0,0,100
reflection,100,16,0,1,22,22,1,122
static_team,100,16,1,4,4,4,0,204
corpus_mesh,100,16,1,1,1,1,0,212
single,100,17,0,2,0,0,1,100
reflection,100,17,0,1,30,30,1,130
static_team,100,17,1,0,0,0,0,201
corpus_mesh,100,17,1,3,3,3,0,218
single,100,18,0,1,0,0,1,100
reflection,100,18,0,3,27,25,1,127
static_team,100,18,1,0,0,0,0,200
corpus_mesh,100,18,1,3,3,3,0,223
single,100,19,1,2,0,0,0,100
reflection,100,19,0,3,20,20,1,120
static_team,100,19,1,0,0,0,0,200
corpus_mesh,100,19,1,2,2,2,0,213
single,100,20,0,1,0,0,1,100
reflection,100,20,0,2,27,26,1,127
static_team,100,20,1,1,1,1,0,203
corpus_mesh,100,20,1,1,1,1,0,218
single,100,21,0,4,0,0,1,100
reflection,100,21,0,0,29,27,1,129
static_team,100,21,1,1,1,1,0,201
corpus_mesh,100,21,1,0,0,0,0,211
single,100,22,0,1,0,0,1,100
reflection,100,22,0,2,31,31,1,131
static_team,100,22,1,2,2,2,0,202
corpus_mesh,100,22,1,0,0,0,0,209
single,100,23,0,1,0,0,1,100
reflection,100,23,0,0,25,24,1,125
static_team,100,23,1,0,0,0,0,201
corpus_mesh,100,23,1,1,1,1,0,210
single,100,24,0,2,0,0,1,100
reflection,100,24,0,2,25,25,1,125
static_team,100,24,1,7,7,7,0,207
corpus_mesh,100,24,1,1,1,1,0,211
single,100,25,0,3,0,0,1,100
reflection,100,25,0,3,24,24,1,124
static_team,100,25,1,0,0,0,0,201
corpus_mesh,100,25,1,1,1,1,0,217
single,100,26,1,0,0,0,0,100
reflection,100,26,1,0,25,25,0,125
static_team,100,26,1,1,1,1,0,202
corpus_mesh,100,26,1,2,2,2,0,218
single,100,27,0,3,0,0,1,100
reflection,100,27,1,1,31,31,0,131
static_team,100,27,1,3,3,3,0,203
corpus_mesh,100,27,1,1,1,1,0,209
single,100,28,1,0,0,0,0,100
reflection,100,28,0,3,23,23,1,123
static_team,100,28,1,0,0,0,0,200
corpus_mesh,100,28,1,3,3,3,0,221
single,100,29,0,3,0,0,1,100
reflection,100,29,0,2,26,26,1,126
static_team,100,29,1,2,2,2,0,202
corpus_mesh,100,29,1,2,2,2,0,214
single,100,30,0,1,0,0,1,100
reflection,100,30,0,2,28,28,1,128
static_team,100,30,0,2,2,1,1,203
corpus_mesh,100,30,1,2,2,2,0,218
single,100,31,0,1,0,0,1,100
reflection,100,31,0,2,31,31,1,131
static_team,100,31,1,3,3,3,0,203
corpus_mesh,100,31,1,1,1,1,0,213
single,100,32,0,2,0,0,1,100
reflection,100,32,1,1,26,26,0,126
static_team,100,32,1,0,0,0,0,200
corpus_mesh,100,32,1,1,1,1,0,219
single,100,33,0,2,0,0,1,100
reflection,100,33,0,0,30,29,1,130
static_team,100,33,1,0,0,0,0,201
corpus_mesh,100,33,1,0,0,0,0,212
single,100,34,0,2,0,0,1,100
reflection,100,34,0,0,25,23,1,125
static_team,100,34,1,0,0,0,0,200
corpus_mesh,100,34,1,1,1,1,0,217
single,100,35,1,0,0,0,0,100
reflection,100,35,1,1,24,24,0,124
static_team,100,35,1,1,1,1,0,201
corpus_mesh,100,35,1,1,1,1,0,213
single,100,36,0,1,0,0,1,100
reflection,100,36,0,2,29,29,1,129
static_team,100,36,1,1,1,1,0,201
corpus_mesh,100,36,1,1,1,1,0,215
single,100,37,0,1,0,0,1,100
reflection,100,37,0,0,28,27,1,128
static_team,100,37,1,2,2,2,0,203
corpus_mesh,100,37,1,3,3,3,0,212
single,100,38,1,0,0,0,0,100
reflection,100,38,0,3,21,19,1,121
static_team,100,38,1,0,0,0,0,201
corpus_mesh,100,38,0,3,3,2,1,223
single,100,39,0,1,0,0,1,100
reflection,100,39,0,3,25,25,1,125
static_team,100,39,1,1,1,1,0,203
corpus_mesh,100,39,1,3,3,3,0,221
single,100,40,0,1,0,0,1,100
reflection,100,40,1,1,26,26,0,126
static_team,100,40,1,1,1,1,0,201
corpus_mesh,100,40,1,1,1,1,0,212
single,100,41,0,2,0,0,1,100
reflection,100,41,0,1,24,23,1,124
static_team,100,41,1,3,3,3,0,203
corpus_mesh,100,41,1,2,2,2,0,218
single,100,42,1,0,0,0,0,100
reflection,100,42,1,1,30,30,0,130
static_team,100,42,1,2,2,2,0,202
corpus_mesh,100,42,1,2,2,2,0,219
single,100,43,0,2,0,0,1,100
reflection,100,43,1,4,33,32,0,133
static_team,100,43,1,1,1,1,0,202
corpus_mesh,100,43,1,0,0,0,0,216
single,100,44,0,1,0,0,1,100
reflection,100,44,0,1,27,27,1,127
static_team,100,44,1,1,1,1,0,202
corpus_mesh,100,44,1,3,3,3,0,212
single,100,45,0,2,0,0,1,100
reflection,100,45,0,1,22,22,1,122
static_team,100,45,1,0,0,0,0,200
corpus_mesh,100,45,1,3,3,3,0,223
single,100,46,1,0,0,0,0,100
reflection,100,46,1,2,23,23,0,123
static_team,100,46,1,2,2,2,0,202
corpus_mesh,100,46,1,3,3,3,0,221
single,100,47,0,3,0,0,1,100
reflection,100,47,1,1,30,30,0,130
static_team,100,47,1,1,1,1,0,201
corpus_mesh,100,47,1,3,3,3,0,215
single,100,48,0,1,0,0,1,100
reflection,100,48,0,2,29,29,1,129
static_team,100,48,1,2,2,2,0,203
corpus_mesh,100,48,1,2,2,2,0,209
single,100,49,0,2,0,0,1,100
reflection,100,49,1,2,32,32,0,132
static_team,100,49,0,1,1,1,1,204
corpus_mesh,100,49,1,2,2,2,0,215
single,100,50,0,3,0,0,1,100
reflection,100,50,0,2,21,21,1,121
static_team,100,50,1,2,2,2,0,202
corpus_mesh,100,50,1,1,1,1,0,221
single,100,51,1,0,0,0,0,100
reflection,100,51,1,0,33,33,0,133
static_team,100,51,1,2,2,2,0,202
corpus_mesh,100,51,1,2,2,2,0,214
single,100,52,0,6,0,0,1,100
reflection,100,52,0,1,28,28,1,128
static_team,100,52,1,2,2,2,0,202
corpus_mesh,100,52,1,0,0,0,0,212
single,100,53,0,2,0,0,1,100
reflection,100,53,0,2,29,29,1,129
static_team,100,53,1,0,0,0,0,200
corpus_mesh,100,53,1,4,4,4,0,225
single,100,54,0,2,0,0,1,100
reflection,100,54,0,2,26,26,1,126
static_team,100,54,1,1,1,1,0,201
corpus_mesh,100,54,1,1,1,1,0,212
single,100,55,0,2,0,0,1,100
reflection,100,55,1,0,20,20,0,120
static_team,100,55,1,0,0,0,0,200
corpus_mesh,100,55,1,1,1,1,0,209
single,100,56,0,1,0,0,1,100
reflection,100,56,0,2,32,32,1,132
static_team,100,56,1,3,3,3,0,203
corpus_mesh,100,56,1,1,1,1,0,216
single,100,57,0,1,0,0,1,100
reflection,100,57,0,0,33,32,1,133
static_team,100,57,1,2,2,2,0,204
corpus_mesh,100,57,1,1,1,1,0,211
single,100,58,0,3,0,0,1,100
reflection,100,58,1,0,33,33,0,133
static_team,100,58,1,3,3,3,0,204
corpus_mesh,100,58,1,0,0,0,0,216
single,100,59,0,4,0,0,1,100
reflection,100,59,1,1,26,26,0,126
static_team,100,59,1,2,2,2,0,202
corpus_mesh,100,59,1,2,2,2,0,220
single,100,60,0,1,0,0,1,100
reflection,100,60,0,0,33,32,1,133
static_team,100,60,1,0,0,0,0,200
corpus_mesh,100,60,1,1,1,1,0,217
single,100,61,0,2,0,0,1,100
reflection,100,61,1,0,26,26,0,126
static_team,100,61,1,3,3,3,0,203
corpus_mesh,100,61,1,0,0,0,0,215
single,100,62,0,2,0,0,1,100
reflection,100,62,0,3,28,28,1,128
static_team,100,62,1,2,2,2,0,203
corpus_mesh,100,62,1,3,3,3,0,212
single,100,63,1,0,0,0,0,100
reflection,100,63,1,0,24,24,0,124
static_team,100,63,1,0,0,0,0,200
corpus_mesh,100,63,1,0,0,0,0,205
single,100,64,0,1,0,0,1,100
reflection,100,64,0,3,23,22,1,123
static_team,100,64,1,3,3,3,0,203
corpus_mesh,100,64,1,1,1,1,0,211
single,100,65,0,1,0,0,1,100
reflection,100,65,0,2,32,32,1,132
static_team,100,65,1,2,2,2,0,202
corpus_mesh,100,65,1,2,2,2,0,210
single,100,66,0,2,0,0,1,100
reflection,100,66,0,5,28,28,1,128
static_team,100,66,1,1,1,1,0,202
corpus_mesh,100,66,1,2,2,2,0,222
single,100,67,1,0,0,0,0,100
reflection,100,67,1,0,23,23,0,123
static_team,100,67,1,3,3,3,0,203
corpus_mesh,100,67,1,1,1,1,0,210
single,100,68,0,1,0,0,1,100
reflection,100,68,1,0,21,21,0,121
static_team,100,68,1,3,3,3,0,203
corpus_mesh,100,68,1,1,1,1,0,212
single,100,69,0,1,0,0,1,100
reflection,100,69,1,0,24,24,0,124
static_team,100,69,1,2,2,2,0,202
corpus_mesh,100,69,1,0,0,0,0,212
single,100,70,0,3,0,0,1,100
reflection,100,70,0,3,26,26,1,126
static_team,100,70,1,1,1,1,0,201
corpus_mesh,100,70,1,0,0,0,0,220
single,100,71,1,2,0,0,0,100
reflection,100,71,0,1,28,28,1,128
static_team,100,71,1,0,0,0,0,200
corpus_mesh,100,71,1,0,0,0,0,211
single,100,72,1,0,0,0,0,100
reflection,100,72,1,2,30,30,0,130
static_team,100,72,1,0,0,0,0,202
corpus_mesh,100,72,1,1,1,1,0,215
single,100,73,0,1,0,0,1,100
reflection,100,73,1,0,31,31,0,131
static_team,100,73,1,1,1,1,0,201
corpus_mesh,100,73,1,1,1,1,0,207
single,100,74,0,2,0,0,1,100
reflection,100,74,0,6,26,24,1,126
static_team,100,74,1,1,1,1,0,201
corpus_mesh,100,74,1,1,1,1,0,204
single,100,75,1,0,0,0,0,100
reflection,100,75,1,0,42,42,0,142
static_team,100,75,1,1,1,1,0,201
corpus_mesh,100,75,1,2,2,2,0,214
single,100,76,0,2,0,0,1,100
reflection,100,76,0,3,33,33,1,133
static_team,100,76,1,2,2,2,0,203
corpus_mesh,100,76,1,2,2,2,0,210
single,100,77,0,2,0,0,1,100
reflection,100,77,0,2,34,33,1,134
static_team,100,77,1,1,1,1,0,202
corpus_mesh,100,77,1,1,1,1,0,212
single,100,78,0,2,0,0,1,100
reflection,100,78,1,1,32,32,0,132
static_team,100,78,1,3,3,3,0,205
corpus_mesh,100,78,1,0,0,0,0,216
single,100,79,0,1,0,0,1,100
reflection,100,79,0,2,30,30,1,130
static_team,100,79,1,2,2,2,0,203
corpus_mesh,100,79,1,1,1,1,0,208
single,100,80,0,1,0,0,1,100
reflection,100,80,0,1,27,26,1,127
static_team,100,80,1,2,2,2,0,202
corpus_mesh,100,80,1,0,0,0,0,212
single,100,81,0,4,0,0,1,100
reflection,100,81,0,4,29,29,1,129
static_team,100,81,1,1,1,1,0,201
corpus_mesh,100,81,1,2,2,2,0,212
single,100,82,0,2,0,0,1,100
reflection,100,82,1,0,29,29,0,129
static_team,100,82,1,1,1,1,0,201
corpus_mesh,100,82,1,2,2,2,0,209
single,100,83,1,0,0,0,0,100
reflection,100,83,1,0,27,27,0,127
static_team,100,83,1,0,0,0,0,201
corpus_mesh,100,83,1,2,2,2,0,215
single,100,84,0,1,0,0,1,100
reflection,100,84,0,0,28,27,1,128
static_team,100,84,1,1,1,1,0,201
corpus_mesh,100,84,1,2,2,2,0,218
single,100,85,1,0,0,0,0,100
reflection,100,85,0,1,27,27,1,127
static_team,100,85,1,1,1,1,0,202
corpus_mesh,100,85,1,0,0,0,0,209
single,100,86,0,2,0,0,1,100
reflection,100,86,0,1,23,22,1,123
static_team,100,86,1,1,1,1,0,203
corpus_mesh,100,86,1,1,1,1,0,212
single,100,87,0,1,0,0,1,100
reflection,100,87,0,1,25,24,1,125
static_team,100,87,1,3,3,3,0,203
corpus_mesh,100,87,1,2,2,2,0,211
single,100,88,0,1,0,0,1,100
reflection,100,88,1,0,22,22,0,122
static_team,100,88,1,3,3,3,0,204
corpus_mesh,100,88,1,0,0,0,0,216
single,100,89,1,0,0,0,0,100
reflection,100,89,0,0,33,32,1,133
static_team,100,89,1,3,3,3,0,204
corpus_mesh,100,89,1,2,2,2,0,216
single,100,90,0,1,0,0,1,100
reflection,100,90,1,1,26,26,0,126
static_team,100,90,1,1,1,1,0,202
corpus_mesh,100,90,1,0,0,0,0,210
single,100,91,0,1,0,0,1,100
reflection,100,91,0,3,25,25,1,125
static_team,100,91,0,3,3,2,1,204
corpus_mesh,100,91,1,1,1,1,0,220
single,100,92,0,3,0,0,1,100
reflection,100,92,0,1,32,31,1,132
static_team,100,92,1,1,1,1,0,202
corpus_mesh,100,92,1,2,2,2,0,212
single,100,93,0,2,0,0,1,100
reflection,100,93,1,1,29,29,0,129
static_team,100,93,1,0,0,0,0,201
corpus_mesh,100,93,1,0,0,0,0,216
single,100,94,0,2,0,0,1,100
reflection,100,94,0,1,17,16,1,117
static_team,100,94,1,3,3,3,0,203
corpus_mesh,100,94,1,4,4,4,0,217
single,100,95,0,3,0,0,1,100
reflection,100,95,1,0,21,21,0,121
static_team,100,95,1,3,3,3,0,204
corpus_mesh,100,95,1,1,1,1,0,211
single,100,96,0,1,0,0,1,100
reflection,100,96,0,1,23,22,1,123
static_team,100,96,1,3,3,3,0,205
corpus_mesh,100,96,1,3,3,3,0,217
single,100,97,0,2,0,0,1,100
reflection,100,97,0,2,39,37,1,139
static_team,100,97,1,3,3,3,0,203
corpus_mesh,100,97,1,1,1,1,0,211
single,100,98,0,1,0,0,1,100
reflection,100,98,0,1,28,27,1,128
static_team,100,98,1,2,2,2,0,203
corpus_mesh,100,98,1,4,4,4,0,220
single,100,99,0,2,0,0,1,100
reflection,100,99,0,2,37,37,1,137
static_team,100,99,1,2,2,2,0,202
corpus_mesh,100,99,1,2,2,2,0,215
single,100,100,0,4,0,0,1,100
reflection,100,100,0,0,25,23,1,125
static_team,100,100,1,1,1,1,0,201
corpus_mesh,100,100,1,3,3,3,0,214
single,100,101,0,3,0,0,1,100
reflection,100,101,1,2,29,29,0,129
static_team,100,101,1,2,2,2,0,202
corpus_mesh,100,101,1,2,2,2,0,214
single,100,102,0,1,0,0,1,100
reflection,100,102,0,1,20,19,1,120
static_team,100,102,1,0,0,0,0,200
corpus_mesh,100,102,1,1,1,1,0,213
single,100,103,0,1,0,0,1,100
reflection,100,103,1,0,25,25,0,125
static_team,100,103,1,4,4,4,0,205
corpus_mesh,100,103,1,1,1,1,0,209
single,100,104,0,2,0,0,1,100
reflection,100,104,0,1,18,18,1,118
static_team,100,104,1,1,1,1,0,202
corpus_mesh,100,104,1,4,4,4,0,218
single,100,105,0,2,0,0,1,100
reflection,100,105,1,0,21,21,0,121
static_team,100,105,1,1,1,1,0,202
corpus_mesh,100,105,1,0,0,0,0,214
single,100,106,0,2,0,0,1,100
reflection,100,106,0,3,25,25,1,125
static_team,100,106,1,1,1,1,0,202
corpus_mesh,100,106,1,2,2,2,0,217
single,100,107,0,1,0,0,1,100
reflection,100,107,0,1,29,28,1,129
static_team,100,107,1,1,1,1,0,203
corpus_mesh,100,107,1,1,1,1,0,210
single,100,108,1,0,0,0,0,100
reflection,100,108,0,3,18,18,1,118
static_team,100,108,1,0,0,0,0,200
corpus_mesh,100,108,1,3,3,3,0,217
single,100,109,0,4,0,0,1,100
reflection,100,109,0,2,23,23,1,123
static_team,100,109,1,2,2,2,0,202
corpus_mesh,100,109,1,2,2,2,0,214
single,100,110,0,1,0,0,1,100
reflection,100,110,0,1,30,29,1,130
static_team,100,110,1,1,1,1,0,202
corpus_mesh,100,110,1,3,3,3,0,218
single,100,111,0,1,0,0,1,100
reflection,100,111,0,2,24,23,1,124
static_team,100,111,1,0,0,0,0,200
corpus_mesh,100,111,1,1,1,1,0,214
single,100,112,0,7,0,0,1,100
reflection,100,112,0,3,32,32,1,132
static_team,100,112,1,2,2,2,0,202
corpus_mesh,100,112,1,1,1,1,0,208
single,100,113,0,6,0,0,1,100
reflection,100,113,0,1,21,21,1,121
static_team,100,113,1,0,0,0,0,201
corpus_mesh,100,113,1,2,2,2,0,213
single,100,114,0,2,0,0,1,100
reflection,100,114,0,2,29,27,1,129
static_team,100,114,1,1,1,1,0,201
corpus_mesh,100,114,1,0,0,0,0,203
single,100,115,0,2,0,0,1,100
reflection,100,115,0,2,23,23,1,123
static_team,100,115,1,2,2,2,0,203
corpus_mesh,100,115,1,1,1,1,0,212
single,100,116,0,1,0,0,1,100
reflection,100,116,0,2,30,30,1,130
static_team,100,116,1,2,2,2,0,202
corpus_mesh,100,116,1,0,0,0,0,210
single,100,117,0,1,0,0,1,100
reflection,100,117,0,3,32,31,1,132
static_team,100,117,1,1,1,1,0,202
corpus_mesh,100,117,1,0,0,0,0,214
single,100,118,0,3,0,0,1,100
reflection,100,118,0,2,18,17,1,118
static_team,100,118,1,1,1,1,0,202
corpus_mesh,100,118,1,0,0,0,0,210
single,100,119,0,2,0,0,1,100
reflection,100,119,0,2,31,31,1,131
static_team,100,119,1,0,0,0,0,200
corpus_mesh,100,119,1,3,3,3,0,215
single,100,120,0,3,0,0,1,100
reflection,100,120,0,1,33,33,1,133
static_team,100,120,1,0,0,0,0,201
corpus_mesh,100,120,1,1,1,1,0,218
single,100,121,0,1,0,0,1,100
reflection,100,121,0,2,28,27,1,128
static_team,100,121,1,0,0,0,0,201
corpus_mesh,100,121,1,1,1,1,0,212
single,100,122,0,2,0,0,1,100
reflection,100,122,1,1,33,33,0,133
static_team,100,122,1,1,1,1,0,202
corpus_mesh,100,122,1,0,0,0,0,205
single,100,123,0,1,0,0,1,100
reflection,100,123,0,1,31,30,1,131
static_team,100,123,1,1,1,1,0,202
corpus_mesh,100,123,1,1,1,1,0,215
single,100,124,0,2,0,0,1,100
reflection,100,124,0,0,26,25,1,126
static_team,100,124,1,1,1,1,0,201
corpus_mesh,100,124,1,0,0,0,0,213
single,100,125,0,3,0,0,1,100
reflection,100,125,0,2,26,26,1,126
static_team,100,125,1,2,2,2,0,203
corpus_mesh,100,125,1,0,0,0,0,209
single,100,126,1,0,0,0,0,100
reflection,100,126,0,2,22,22,1,122
static_team,100,126,1,2,2,2,0,202
corpus_mesh,100,126,1,1,1,1,0,211
single,100,127,1,0,0,0,0,100
reflection,100,127,0,1,20,20,1,120
static_team,100,127,1,1,1,1,0,201
corpus_mesh,100,127,1,5,5,5,0,220
single,100,128,0,3,0,0,1,100
reflection,100,128,0,2,29,28,1,129
static_team,100,128,1,0,0,0,0,200
corpus_mesh,100,128,1,1,1,1,0,208
single,100,129,0,1,0,0,1,100
reflection,100,129,0,2,24,24,1,124
static_team,100,129,1,1,1,1,0,203
corpus_mesh,100,129,1,0,0,0,0,205
single,100,130,0,2,0,0,1,100
reflection,100,130,0,2,26,25,1,126
static_team,100,130,1,0,0,0,0,200
corpus_mesh,100,130,1,3,3,3,0,218
single,100,131,0,2,0,0,1,100
reflection,100,131,0,1,31,31,1,131
static_team,100,131,1,2,2,2,0,203
corpus_mesh,100,131,1,3,3,3,0,215
single,100,132,0,1,0,0,1,100
reflection,100,132,0,1,28,27,1,128
static_team,100,132,1,2,2,2,0,203
corpus_mesh,100,132,1,2,2,2,0,219
single,100,133,0,1,0,0,1,100
reflection,100,133,1,0,26,26,0,126
static_team,100,133,1,2,2,2,0,202
corpus_mesh,100,133,1,1,1,1,0,212
single,100,134,0,2,0,0,1,100
reflection,100,134,1,1,19,19,0,119
static_team,100,134,1,2,2,2,0,202
corpus_mesh,100,134,1,4,4,4,0,217
single,100,135,1,0,0,0,0,100
reflection,100,135,0,1,24,24,1,124
static_team,100,135,1,0,0,0,0,201
corpus_mesh,100,135,1,1,1,1,0,212
single,100,136,0,2,0,0,1,100
reflection,100,136,0,2,30,30,1,130
static_team,100,136,0,1,1,0,1,201
corpus_mesh,100,136,1,3,3,3,0,221
single,100,137,0,1,0,0,1,100
reflection,100,137,0,3,27,26,1,127
static_team,100,137,1,2,2,2,0,202
corpus_mesh,100,137,1,1,1,1,0,216
single,100,138,0,4,0,0,1,100
reflection,100,138,0,3,32,31,1,132
static_team,100,138,1,0,0,0,0,200
corpus_mesh,100,138,1,3,3,3,0,219
single,100,139,0,2,0,0,1,100
reflection,100,139,0,2,33,32,1,133
static_team,100,139,1,2,2,2,0,202
corpus_mesh,100,139,1,1,1,1,0,210
single,100,140,1,0,0,0,0,100
reflection,100,140,0,2,29,29,1,129
static_team,100,140,1,0,0,0,0,201
corpus_mesh,100,140,1,1,1,1,0,208
single,100,141,0,1,0,0,1,100
reflection,100,141,0,2,32,31,1,132
static_team,100,141,1,1,1,1,0,203
corpus_mesh,100,141,1,0,0,0,0,208
single,100,142,0,1,0,0,1,100
reflection,100,142,0,1,24,23,1,124
static_team,100,142,1,2,2,2,0,204
corpus_mesh,100,142,1,1,1,1,0,213
single,100,143,1,3,0,0,0,100
reflection,100,143,1,0,25,25,0,125
static_team,100,143,1,0,0,0,0,203
corpus_mesh,100,143,1,0,0,0,0,214
single,100,144,0,1,0,0,1,100
reflection,100,144,0,3,24,23,1,124
static_team,100,144,1,4,4,4,0,206
corpus_mesh,100,144,1,0,0,0,0,216
single,100,145,0,1,0,0,1,100
reflection,100,145,0,1,23,21,1,123
static_team,100,145,1,1,1,1,0,203
corpus_mesh,100,145,1,2,2,2,0,210
single,100,146,0,2,0,0,1,100
reflection,100,146,0,3,22,21,1,122
static_team,100,146,1,3,3,3,0,204
corpus_mesh,100,146,1,1,1,1,0,216
single,100,147,0,1,0,0,1,100
reflection,100,147,0,2,21,19,1,121
static_team,100,147,1,1,1,1,0,202
corpus_mesh,100,147,1,2,2,2,0,213
single,100,148,0,1,0,0,1,100
reflection,100,148,0,2,29,28,1,129
static_team,100,148,1,4,4,4,0,205
corpus_mesh,100,148,1,1,1,1,0,208
single,100,149,0,1,0,0,1,100
reflection,100,149,0,3,33,32,1,133
static_team,100,149,0,2,2,1,1,202
corpus_mesh,100,149,1,4,4,4,0,217
single,100,150,0,1,0,0,1,100
reflection,100,150,1,1,25,25,0,125
static_team,100,150,1,2,2,2,0,202
corpus_mesh,100,150,1,1,1,1,0,216
single,100,151,1,0,0,0,0,100
reflection,100,151,0,2,29,27,1,129
static_team,100,151,1,2,2,2,0,202
corpus_mesh,100,151,1,2,2,2,0,218
single,100,152,0,1,0,0,1,100
reflection,100,152,1,0,22,22,0,122
static_team,100,152,1,1,1,1,0,201
corpus_mesh,100,152,1,2,2,2,0,212
single,100,153,0,2,0,0,1,100
reflection,100,153,0,4,27,26,1,127
static_team,100,153,1,1,1,1,0,201
corpus_mesh,100,153,1,2,2,2,0,217
single,100,154,0,2,0,0,1,100
reflection,100,154,0,1,23,23,1,123
static_team,100,154,1,4,4,4,0,204
corpus_mesh,100,154,1,4,4,4,0,217
single,100,155,1,0,0,0,0,100
reflection,100,155,0,3,32,32,1,132
static_team,100,155,1,0,0,0,0,201
corpus_mesh,100,155,1,3,3,3,0,223
single,100,156,0,2,0,0,1,100
reflection,100,156,0,2,23,23,1,123
static_team,100,156,1,2,2,2,0,202
corpus_mesh,100,156,1,1,1,1,0,216
single,100,157,0,1,0,0,1,100
reflection,100,157,0,1,30,30,1,130
static_team,100,157,1,1,1,1,0,201
corpus_mesh,100,157,1,0,0,0,0,208
single,100,158,1,0,0,0,0,100
reflection,100,158,1,0,20,20,0,120
static_team,100,158,1,3,3,3,0,204
corpus_mesh,100,158,1,0,0,0,0,211
single,100,159,0,1,0,0,1,100
reflection,100,159,0,1,37,36,1,137
static_team,100,159,1,2,2,2,0,202
corpus_mesh,100,159,1,1,1,1,0,214
single,100,160,0,1,0,0,1,100
reflection,100,160,1,1,30,30,0,130
static_team,100,160,1,3,3,3,0,204
corpus_mesh,100,160,1,2,2,2,0,215
single,100,161,1,0,0,0,0,100
reflection,100,161,1,0,34,34,0,134
static_team,100,161,1,1,1,1,0,201
corpus_mesh,100,161,1,1,1,1,0,210
single,100,162,0,1,0,0,1,100
reflection,100,162,0,1,29,28,1,129
static_team,100,162,1,1,1,1,0,201
corpus_mesh,100,162,1,2,2,2,0,214
single,100,163,1,0,0,0,0,100
reflection,100,163,1,0,29,29,0,129
static_team,100,163,1,2,2,2,0,202
corpus_mesh,100,163,0,7,7,5,1,224
single,100,164,0,3,0,0,1,100
reflection,100,164,0,1,30,30,1,130
static_team,100,164,1,0,0,0,0,200
corpus_mesh,100,164,1,2,2,2,0,214
single,100,165,0,2,0,0,1,100
reflection,100,165,0,4,24,24,1,124
static_team,100,165,1,1,1,1,0,201
corpus_mesh,100,165,1,2,2,2,0,210
single,100,166,0,4,0,0,1,100
reflection,100,166,1,1,31,29,0,131
static_team,100,166,1,0,0,0,0,200
corpus_mesh,100,166,1,0,0,0,0,212
single,100,167,1,0,0,0,0,100
reflection,100,167,0,0,32,30,1,132
static_team,100,167,1,0,0,0,0,201
corpus_mesh,100,167,1,1,1,1,0,215
single,100,168,1,0,0,0,0,100
reflection,100,168,0,2,28,28,1,128
static_team,100,168,1,0,0,0,0,201
corpus_mesh,100,168,1,4,4,4,0,219
single,100,169,1,0,0,0,0,100
reflection,100,169,1,0,28,28,0,128
static_team,100,169,1,3,3,3,0,203
corpus_mesh,100,169,1,2,2,2,0,218
single,100,170,0,1,0,0,1,100
reflection,100,170,1,0,29,29,0,129
static_team,100,170,1,1,1,1,0,201
corpus_mesh,100,170,1,5,5,5,0,215
single,100,171,0,1,0,0,1,100
reflection,100,171,0,3,31,31,1,131
static_team,100,171,1,1,1,1,0,201
corpus_mesh,100,171,1,0,0,0,0,208
single,100,172,0,2,0,0,1,100
reflection,100,172,0,1,24,24,1,124
static_team,100,172,1,0,0,0,0,200
corpus_mesh,100,172,1,1,1,1,0,213
single,100,173,1,0,0,0,0,100
reflection,100,173,1,1,31,31,0,131
static_team,100,173,1,1,1,1,0,201
corpus_mesh,100,173,1,1,1,1,0,215
single,100,174,0,7,0,0,1,100
reflection,100,174,0,2,28,27,1,128
static_team,100,174,1,0,0,0,0,200
corpus_mesh,100,174,1,0,0,0,0,210
single,100,175,1,0,0,0,0,100
reflection,100,175,0,2,27,27,1,127
static_team,100,175,1,0,0,0,0,200
corpus_mesh,100,175,1,0,0,0,0,221
single,100,176,0,1,0,0,1,100
reflection,100,176,0,0,27,25,1,127
static_team,100,176,1,1,1,1,0,201
corpus_mesh,100,176,1,1,1,1,0,214
single,100,177,0,3,0,0,1,100
reflection,100,177,1,1,31,31,0,131
static_team,100,177,1,5,5,5,0,206
corpus_mesh,100,177,1,2,2,2,0,214
single,100,178,1,0,0,0,0,100
reflection,100,178,0,0,33,32,1,133
static_team,100,178,1,1,1,1,0,201
corpus_mesh,100,178,1,2,2,2,0,212
single,100,179,0,2,0,0,1,100
reflection,100,179,0,2,31,31,1,131
static_team,100,179,1,0,0,0,0,202
corpus_mesh,100,179,0,4,4,3,1,217
single,100,180,0,2,0,0,1,100
reflection,100,180,1,1,28,28,0,128
static_team,100,180,0,3,3,2,1,204
corpus_mesh,100,180,1,4,4,4,0,220
single,100,181,0,3,0,0,1,100
reflection,100,181,0,1,26,25,1,126
static_team,100,181,0,3,3,2,1,203
corpus_mesh,100,181,1,1,1,1,0,209
single,100,182,1,0,0,0,0,100
reflection,100,182,0,1,25,24,1,125
static_team,100,182,1,2,2,2,0,202
corpus_mesh,100,182,1,1,1,1,0,214
single,100,183,1,0,0,0,0,100
reflection,100,183,0,2,31,30,1,131
static_team,100,183,1,1,1,1,0,203
corpus_mesh,100,183,1,2,2,2,0,219
single,100,184,1,0,0,0,0,100
reflection,100,184,1,2,35,35,0,135
static_team,100,184,1,4,4,4,0,204
corpus_mesh,100,184,1,5,5,5,0,218
single,100,185,0,1,0,0,1,100
reflection,100,185,1,1,33,33,0,133
static_team,100,185,1,1,1,1,0,201
corpus_mesh,100,185,1,1,1,1,0,209
single,100,186,0,1,0,0,1,100
reflection,100,186,0,2,24,24,1,124
static_team,100,186,1,3,3,3,0,205
corpus_mesh,100,186,1,1,1,1,0,209
single,100,187,0,2,0,0,1,100
reflection,100,187,0,2,27,27,1,127
static_team,100,187,1,1,1,1,0,201
corpus_mesh,100,187,1,1,1,1,0,211
single,100,188,1,0,0,0,0,100
reflection,100,188,1,0,26,26,0,126
static_team,100,188,1,5,5,5,0,206
corpus_mesh,100,188,1,0,0,0,0,210
single,100,189,0,1,0,0,1,100
reflection,100,189,0,2,32,32,1,132
static_team,100,189,1,1,1,1,0,201
corpus_mesh,100,189,1,0,0,0,0,214
single,100,190,0,1,0,0,1,100
reflection,100,190,1,0,25,25,0,125
static_team,100,190,1,1,1,1,0,201
corpus_mesh,100,190,1,1,1,1,0,214
single,100,191,0,3,0,0,1,100
reflection,100,191,1,1,26,26,0,126
static_team,100,191,1,0,0,0,0,200
corpus_mesh,100,191,1,0,0,0,0,214
single,100,192,0,2,0,0,1,100
reflection,100,192,0,4,26,26,1,126
static_team,100,192,1,1,1,1,0,201
corpus_mesh,100,192,1,0,0,0,0,211
single,100,193,0,1,0,0,1,100
reflection,100,193,1,0,26,26,0,126
static_team,100,193,1,0,0,0,0,202
corpus_mesh,100,193,1,1,1,1,0,215
single,100,194,0,1,0,0,1,100
reflection,100,194,0,4,28,28,1,128
static_team,100,194,1,0,0,0,0,200
corpus_mesh,100,194,1,2,2,2,0,214
single,100,195,1,0,0,0,0,100
reflection,100,195,0,1,33,33,1,133
static_team,100,195,1,2,2,2,0,202
corpus_mesh,100,195,1,2,2,2,0,217
single,100,196,0,2,0,0,1,100
reflection,100,196,0,4,25,25,1,125
static_team,100,196,1,1,1,1,0,201
corpus_mesh,100,196,1,1,1,1,0,221
single,100,197,0,1,0,0,1,100
reflection,100,197,1,1,22,22,0,122
static_team,100,197,1,2,2,2,0,202
corpus_mesh,100,197,1,2,2,2,0,211
single,100,198,0,2,0,0,1,100
reflection,100,198,0,2,30,28,1,130
static_team,100,198,1,1,1,1,0,201
corpus_mesh,100,198,1,2,2,2,0,212
single,100,199,0,1,0,0,1,100
reflection,100,199,0,1,18,16,1,118
static_team,100,199,1,4,4,4,0,204
corpus_mesh,100,199,1,2,2,2,0,222
single,100,200,0,2,0,0,1,100
reflection,100,200,0,2,30,30,1,130
static_team,100,200,1,1,1,1,0,203
corpus_mesh,100,200,1,2,2,2,0,215
single,100,201,0,2,0,0,1,100
reflection,100,201,0,1,26,25,1,126
static_team,100,201,1,2,2,2,0,204
corpus_mesh,100,201,1,2,2,2,0,208
single,100,202,0,2,0,0,1,100
reflection,100,202,1,1,27,27,0,127
static_team,100,202,1,2,2,2,0,203
corpus_mesh,100,202,0,3,3,2,1,214
single,100,203,1,0,0,0,0,100
reflection,100,203,0,1,21,21,1,121
static_team,100,203,1,2,2,2,0,203
corpus_mesh,100,203,1,2,2,2,0,217
single,100,204,0,1,0,0,1,100
reflection,100,204,0,4,27,26,1,127
static_team,100,204,1,4,4,4,0,205
corpus_mesh,100,204,1,0,0,0,0,216
single,100,205,1,0,0,0,0,100
reflection,100,205,1,0,28,28,0,128
static_team,100,205,1,3,3,3,0,204
corpus_mesh,100,205,1,1,1,1,0,211
single,100,206,0,3,0,0,1,100
reflection,100,206,0,2,32,32,1,132
static_team,100,206,1,1,1,1,0,202
corpus_mesh,100,206,1,4,4,4,0,213
single,100,207,0,2,0,0,1,100
reflection,100,207,0,0,31,30,1,131
static_team,100,207,1,0,0,0,0,200
corpus_mesh,100,207,1,2,2,2,0,210
single,100,208,0,3,0,0,1,100
reflection,100,208,0,6,34,33,1,134
static_team,100,208,1,0,0,0,0,201
corpus_mesh,100,208,1,0,0,0,0,214
single,100,209,0,2,0,0,1,100
reflection,100,209,0,2,27,25,1,127
static_team,100,209,1,1,1,1,0,202
corpus_mesh,100,209,1,3,3,3,0,221
single,100,210,1,0,0,0,0,100
reflection,100,210,0,2,33,32,1,133
static_team,100,210,1,2,2,2,0,203
corpus_mesh,100,210,1,0,0,0,0,209
single,100,211,0,3,0,0,1,100
reflection,100,211,1,2,34,34,0,134
static_team,100,211,1,1,1,1,0,202
corpus_mesh,100,211,1,1,1,1,0,213
single,100,212,0,2,0,0,1,100
reflection,100,212,1,1,28,28,0,128
static_team,100,212,1,2,2,2,0,202
corpus_mesh,100,212,1,2,2,2,0,210
single,100,213,1,0,0,0,0,100
reflection,100,213,1,2,21,21,0,121
static_team,100,213,1,7,7,7,0,208
corpus_mesh,100,213,1,0,0,0,0,207
single,100,214,0,3,0,0,1,100
reflection,100,214,1,0,29,29,0,129
static_team,100,214,1,2,2,2,0,203
corpus_mesh,100,214,1,2,2,2,0,214
single,100,215,0,2,0,0,1,100
reflection,100,215,0,0,24,22,1,124
static_team,100,215,1,2,2,2,0,203
corpus_mesh,100,215,1,1,1,1,0,215
single,100,216,0,1,0,0,1,100
reflection,100,216,1,0,41,41,0,141
static_team,100,216,1,0,0,0,0,200
corpus_mesh,100,216,1,4,4,3,0,218
single,100,217,0,3,0,0,1,100
reflection,100,217,1,0,31,31,0,131
static_team,100,217,1,1,1,1,0,202
corpus_mesh,100,217,1,2,2,2,0,212
single,100,218,0,3,0,0,1,100
reflection,100,218,1,0,26,26,0,126
static_team,100,218,1,4,4,4,0,204
corpus_mesh,100,218,1,1,1,1,0,213
single,100,219,0,2,0,0,1,100
reflection,100,219,0,3,31,31,1,131
static_team,100,219,1,2,2,2,0,202
corpus_mesh,100,219,1,3,3,3,0,218
single,100,220,0,1,0,0,1,100
reflection,100,220,0,1,20,20,1,120
static_team,100,220,1,5,5,5,0,205
corpus_mesh,100,220,1,0,0,0,0,212
single,100,221,1,0,0,0,0,100
reflection,100,221,0,0,24,23,1,124
static_team,100,221,1,0,0,0,0,201
corpus_mesh,100,221,1,0,0,0,0,212
single,100,222,1,0,0,0,0,100
reflection,100,222,1,0,25,25,0,125
static_team,100,222,1,1,1,1,0,201
corpus_mesh,100,222,1,2,2,2,0,215
single,100,223,0,1,0,0,1,100
reflection,100,223,0,1,30,30,1,130
static_team,100,223,1,1,1,1,0,201
corpus_mesh,100,223,1,3,3,3,0,216
single,100,224,0,1,0,0,1,100
reflection,100,224,1,0,30,30,0,130
static_team,100,224,1,0,0,0,0,200
corpus_mesh,100,224,1,0,0,0,0,207
single,100,225,0,1,0,0,1,100
reflection,100,225,1,1,19,19,0,119
static_team,100,225,1,0,0,0,0,200
corpus_mesh,100,225,1,1,1,1,0,215
single,100,226,0,2,0,0,1,100
reflection,100,226,0,1,29,29,1,129
static_team,100,226,1,1,1,1,0,203
corpus_mesh,100,226,1,1,1,1,0,209
single,100,227,0,1,0,0,1,100
reflection,100,227,0,4,32,30,1,132
static_team,100,227,1,2,2,2,0,203
corpus_mesh,100,227,1,1,1,1,0,211
single,100,228,0,3,0,0,1,100
reflection,100,228,0,1,29,29,1,129
static_team,100,228,1,2,2,2,0,203
corpus_mesh,100,228,1,3,3,3,0,223
single,100,229,1,2,0,0,0,100
reflection,100,229,1,0,26,26,0,126
static_team,100,229,1,4,4,4,0,204
corpus_mesh,100,229,1,1,1,1,0,218
single,100,230,0,2,0,0,1,100
reflection,100,230,0,4,28,27,1,128
static_team,100,230,1,4,4,4,0,204
corpus_mesh,100,230,1,2,2,2,0,216
single,100,231,0,1,0,0,1,100
reflection,100,231,0,2,28,26,1,128
static_team,100,231,1,1,1,1,0,201
corpus_mesh,100,231,1,2,2,2,0,211
single,100,232,0,1,0,0,1,100
reflection,100,232,0,1,31,28,1,131
static_team,100,232,1,1,1,1,0,203
corpus_mesh,100,232,1,1,1,1,0,209
single,100,233,1,0,0,0,0,100
reflection,100,233,0,1,28,28,1,128
static_team,100,233,1,2,2,2,0,202
corpus_mesh,100,233,1,2,2,2,0,216
single,100,234,0,1,0,0,1,100
reflection,100,234,0,4,42,41,1,142
static_team,100,234,1,3,3,3,0,203
corpus_mesh,100,234,0,3,2,2,1,216
single,100,235,0,1,0,0,1,100
reflection,100,235,0,0,28,27,1,128
static_team,100,235,1,1,1,1,0,201
corpus_mesh,100,235,1,0,0,0,0,208
single,100,236,0,1,0,0,1,100
reflection,100,236,0,3,27,27,1,127
static_team,100,236,1,1,1,1,0,201
corpus_mesh,100,236,1,1,1,1,0,212
single,100,237,0,3,0,0,1,100
reflection,100,237,0,0,20,19,1,120
static_team,100,237,1,1,1,1,0,202
corpus_mesh,100,237,1,0,0,0,0,214
single,100,238,0,3,0,0,1,100
reflection,100,238,0,3,26,24,1,126
static_team,100,238,1,0,0,0,0,200
corpus_mesh,100,238,1,2,2,2,0,214
single,100,239,0,3,0,0,1,100
reflection,100,239,0,1,30,30,1,130
static_team,100,239,1,0,0,0,0,200
corpus_mesh,100,239,1,1,1,1,0,213
single,100,240,0,1,0,0,1,100
reflection,100,240,0,1,33,33,1,133
static_team,100,240,1,1,1,1,0,202
corpus_mesh,100,240,1,2,2,2,0,213
single,100,241,0,3,0,0,1,100
reflection,100,241,1,0,20,20,0,120
static_team,100,241,1,0,0,0,0,200
corpus_mesh,100,241,1,1,1,1,0,211
single,100,242,0,1,0,0,1,100
reflection,100,242,0,1,30,30,1,130
static_team,100,242,1,0,0,0,0,200
corpus_mesh,100,242,1,1,1,1,0,210
single,100,243,1,0,0,0,0,100
reflection,100,243,1,0,24,24,0,124
static_team,100,243,1,1,1,1,0,201
corpus_mesh,100,243,1,4,4,4,0,221
single,100,244,0,3,0,0,1,100
reflection,100,244,1,0,22,22,0,122
static_team,100,244,1,2,2,2,0,202
corpus_mesh,100,244,1,0,0,0,0,207
single,100,245,0,3,0,0,1,100
reflection,100,245,0,2,26,26,1,126
static_team,100,245,1,2,2,2,0,202
corpus_mesh,100,245,1,2,2,2,0,218
single,100,246,0,3,0,0,1,100
reflection,100,246,0,2,29,29,1,129
static_team,100,246,1,1,1,1,0,202
corpus_mesh,100,246,1,1,1,1,0,212
single,100,247,0,3,0,0,1,100
reflection,100,247,0,1,29,27,1,129
static_team,100,247,1,2,2,2,0,204
corpus_mesh,100,247,1,1,1,1,0,217
single,100,248,0,2,0,0,1,100
reflection,100,248,1,1,33,33,0,133
static_team,100,248,1,2,2,2,0,204
corpus_mesh,100,248,1,0,0,0,0,213
single,100,249,0,2,0,0,1,100
reflection,100,249,0,4,18,17,1,118
static_team,100,249,1,2,2,2,0,203
corpus_mesh,100,249,0,2,2,1,1,212
single,100,250,0,1,0,0,1,100
reflection,100,250,1,2,25,25,0,125
static_team,100,250,1,2,2,2,0,203
corpus_mesh,100,250,1,0,0,0,0,207
single,100,251,0,2,0,0,1,100
reflection,100,251,0,3,28,28,1,128
static_team,100,251,1,2,2,2,0,202
corpus_mesh,100,251,1,2,2,2,0,215
single,100,252,1,0,0,0,0,100
reflection,100,252,0,2,27,27,1,127
static_team,100,252,1,3,3,3,0,203
corpus_mesh,100,252,1,1,1,1,0,213
single,100,253,0,4,0,0,1,100
reflection,100,253,0,3,35,32,1,135
static_team,100,253,1,2,2,2,0,203
corpus_mesh,100,253,1,1,1,1,0,223
single,100,254,0,1,0,0,1,100
reflection,100,254,0,4,32,32,1,132
static_team,100,254,1,0,0,0,0,201
corpus_mesh,100,254,1,2,2,2,0,213
single,100,255,0,1,0,0,1,100
reflection,100,255,0,3,34,34,1,134
static_team,100,255,1,1,1,1,0,201
corpus_mesh,100,255,1,1,1,1,0,209
single,100,256,0,1,0,0,1,100
reflection,100,256,0,1,29,29,1,129
static_team,100,256,1,4,4,4,0,204
corpus_mesh,100,256,1,0,0,0,0,212
single,100,257,0,1,0,0,1,100
reflection,100,257,1,0,28,28,0,128
static_team,100,257,1,2,2,2,0,203
corpus_mesh,100,257,1,0,0,0,0,211
single,100,258,1,0,0,0,0,100
reflection,100,258,1,0,30,30,0,130
static_team,100,258,1,0,0,0,0,201
corpus_mesh,100,258,1,4,4,4,0,214
single,100,259,0,2,0,0,1,100
reflection,100,259,1,0,27,25,0,127
static_team,100,259,1,3,3,3,0,204
corpus_mesh,100,259,0,4,4,4,1,230
single,100,260,0,1,0,0,1,100
reflection,100,260,0,2,29,29,1,129
static_team,100,260,1,0,0,0,0,202
corpus_mesh,100,260,1,2,2,2,0,212
single,100,261,1,0,0,0,0,100
reflection,100,261,0,0,26,25,1,126
static_team,100,261,1,1,1,1,0,201
corpus_mesh,100,261,1,1,1,1,0,217
single,100,262,0,2,0,0,1,100
reflection,100,262,0,3,28,28,1,128
static_team,100,262,1,2,2,2,0,203
corpus_mesh,100,262,0,2,2,1,1,218
single,100,263,1,0,0,0,0,100
reflection,100,263,0,5,22,20,1,122
static_team,100,263,1,0,0,0,0,200
corpus_mesh,100,263,1,1,1,1,0,210
single,100,264,0,1,0,0,1,100
reflection,100,264,0,3,27,26,1,127
static_team,100,264,1,2,2,2,0,202
corpus_mesh,100,264,1,1,1,1,0,217
single,100,265,0,2,0,0,1,100
reflection,100,265,0,2,19,19,1,119
static_team,100,265,1,1,1,1,0,201
corpus_mesh,100,265,1,0,0,0,0,208
single,100,266,0,2,0,0,1,100
reflection,100,266,1,0,24,24,0,124
static_team,100,266,1,4,4,4,0,205
corpus_mesh,100,266,1,0,0,0,0,210
single,100,267,0,1,0,0,1,100
reflection,100,267,0,1,24,24,1,124
static_team,100,267,1,2,2,2,0,203
corpus_mesh,100,267,1,4,4,4,0,216
single,100,268,0,1,0,0,1,100
reflection,100,268,0,1,25,22,1,125
static_team,100,268,1,1,1,1,0,201
corpus_mesh,100,268,1,0,0,0,0,208
single,100,269,1,0,0,0,0,100
reflection,100,269,0,2,29,29,1,129
static_team,100,269,1,3,3,3,0,203
corpus_mesh,100,269,1,1,1,1,0,214
single,100,270,1,0,0,0,0,100
reflection,100,270,0,4,28,27,1,128
static_team,100,270,1,0,0,0,0,200
corpus_mesh,100,270,1,2,2,2,0,211
single,100,271,1,0,0,0,0,100
reflection,100,271,0,2,33,33,1,133
static_team,100,271,1,0,0,0,0,200
corpus_mesh,100,271,1,1,1,1,0,214
single,100,272,0,1,0,0,1,100
reflection,100,272,0,1,34,33,1,134
static_team,100,272,1,2,2,2,0,203
corpus_mesh,100,272,1,0,0,0,0,213
single,100,273,0,1,0,0,1,100
reflection,100,273,0,1,32,32,1,132
static_team,100,273,1,3,3,3,0,205
corpus_mesh,100,273,1,0,0,0,0,215
single,100,274,0,1,0,0,1,100
reflection,100,274,1,0,23,23,0,123
static_team,100,274,1,0,0,0,0,203
corpus_mesh,100,274,1,0,0,0,0,205
single,100,275,0,2,0,0,1,100
reflection,100,275,0,1,23,23,1,123
static_team,100,275,1,1,1,1,0,202
corpus_mesh,100,275,1,0,0,0,0,211
single,100,276,0,2,0,0,1,100
reflection,100,276,0,4,34,32,1,134
static_team,100,276,1,1,1,1,0,202
corpus_mesh,100,276,1,1,1,1,0,215
single,100,277,0,1,0,0,1,100
reflection,100,277,0,2,25,25,1,125
static_team,100,277,1,1,1,1,0,201
corpus_mesh,100,277,1,1,1,1,0,219
single,100,278,1,0,0,0,0,100
reflection,100,278,0,1,28,27,1,128
static_team,100,278,1,3,3,3,0,204
corpus_mesh,100,278,1,2,2,2,0,220
single,100,279,0,1,0,0,1,100
reflection,100,279,0,2,30,28,1,130
static_team,100,279,1,1,1,1,0,202
corpus_mesh,100,279,1,2,2,2,0,214
single,100,280,1,0,0,0,0,100
reflection,100,280,0,3,32,30,1,132
static_team,100,280,1,2,2,2,0,203
corpus_mesh,100,280,1,1,1,1,0,209
single,100,281,0,2,0,0,1,100
reflection,100,281,1,1,31,31,0,131
static_team,100,281,1,2,2,2,0,202
corpus_mesh,100,281,1,2,2,2,0,214
single,100,282,0,2,0,0,1,100
reflection,100,282,0,1,26,26,1,126
static_team,100,282,1,1,1,1,0,203
corpus_mesh,100,282,1,0,0,0,0,209
single,100,283,0,2,0,0,1,100
reflection,100,283,0,3,21,21,1,121
static_team,100,283,1,2,2,2,0,202
corpus_mesh,100,283,1,3,3,3,0,227
single,100,284,0,2,0,0,1,100
reflection,100,284,0,3,23,22,1,123
static_team,100,284,1,3,3,3,0,204
corpus_mesh,100,284,1,2,2,2,0,213
single,100,285,1,0,0,0,0,100
reflection,100,285,0,1,30,30,1,130
static_team,100,285,1,0,0,0,0,200
corpus_mesh,100,285,1,3,3,3,0,212
single,100,286,0,1,0,0,1,100
reflection,100,286,0,1,33,33,1,133
static_team,100,286,1,1,1,1,0,202
corpus_mesh,100,286,1,1,1,1,0,210
single,100,287,0,2,0,0,1,100
reflection,100,287,0,1,30,30,1,130
static_team,100,287,1,0,0,0,0,200
corpus_mesh,100,287,1,0,0,0,0,215
single,100,288,1,0,0,0,0,100
reflection,100,288,1,0,28,28,0,128
static_team,100,288,1,2,2,2,0,202
corpus_mesh,100,288,1,1,1,1,0,210
single,100,289,0,2,0,0,1,100
reflection,100,289,1,0,35,35,0,135
static_team,100,289,1,1,1,1,0,203
corpus_mesh,100,289,0,1,1,0,1,218
single,100,290,1,0,0,0,0,100
reflection,100,290,0,1,24,23,1,124
static_team,100,290,1,2,2,2,0,203
corpus_mesh,100,290,1,3,3,3,0,213
single,100,291,0,1,0,0,1,100
reflection,100,291,0,0,32,31,1,132
static_team,100,291,1,1,1,1,0,202
corpus_mesh,100,291,1,1,1,1,0,216
single,100,292,0,2,0,0,1,100
reflection,100,292,1,0,27,27,0,127
static_team,100,292,1,1,1,1,0,201
corpus_mesh,100,292,1,2,2,2,0,221
single,100,293,1,0,0,0,0,100
reflection,100,293,1,1,30,30,0,130
static_team,100,293,1,4,4,4,0,205
corpus_mesh,100,293,1,4,4,4,0,214
single,100,294,0,4,0,0,1,100
reflection,100,294,0,2,33,32,1,133
static_team,100,294,1,0,0,0,0,200
corpus_mesh,100,294,1,0,0,0,0,210
single,100,295,0,1,0,0,1,100
reflection,100,295,1,2,28,28,0,128
static_team,100,295,1,2,2,2,0,202
corpus_mesh,100,295,1,1,1,1,0,217
single,100,296,0,3,0,0,1,100
reflection,100,296,0,1,28,28,1,128
static_team,100,296,1,1,1,1,0,201
corpus_mesh,100,296,1,1,1,1,0,216
single,100,297,0,1,0,0,1,100
reflection,100,297,0,1,30,29,1,130
static_team,100,297,1,1,1,1,0,202
corpus_mesh,100,297,1,2,2,2,0,214
single,100,298,0,4,0,0,1,100
reflection,100,298,0,2,28,28,1,128
static_team,100,298,1,0,0,0,0,200
corpus_mesh,100,298,1,2,2,2,0,211
single,100,299,0,2,0,0,1,100
reflection,100,299,0,3,29,29,1,129
static_team,100,299,1,2,2,2,0,202
corpus_mesh,100,299,1,3,3,3,0,213
single,100,300,0,2,0,0,1,100
reflection,100,300,1,2,29,29,0,129
static_team,100,300,1,0,0,0,0,200
corpus_mesh,100,300,1,0,0,0,0,213
single,100,301,0,2,0,0,1,100
reflection,100,301,0,2,19,19,1,119
static_team,100,301,0,2,2,2,1,205
corpus_mesh,100,301,1,0,0,0,0,210
single,100,302,0,1,0,0,1,100
reflection,100,302,0,2,21,20,1,121
static_team,100,302,1,2,2,2,0,203
corpus_mesh,100,302,1,2,2,2,0,216
single,100,303,0,1,0,0,1,100
reflection,100,303,0,1,22,21,1,122
static_team,100,303,1,1,1,1,0,201
corpus_mesh,100,303,1,2,2,1,0,216
single,100,304,0,4,0,0,1,100
reflection,100,304,0,1,27,27,1,127
static_team,100,304,1,2,2,2,0,203
corpus_mesh,100,304,1,1,1,1,0,212
single,100,305,1,0,0,0,0,100
reflection,100,305,0,0,32,31,1,132
static_team,100,305,1,1,1,1,0,201
corpus_mesh,100,305,1,0,0,0,0,210
single,100,306,0,2,0,0,1,100
reflection,100,306,0,3,28,27,1,128
static_team,100,306,1,0,0,0,0,202
corpus_mesh,100,306,1,1,1,1,0,210
single,100,307,0,1,0,0,1,100
reflection,100,307,0,2,29,29,1,129
static_team,100,307,1,0,0,0,0,201
corpus_mesh,100,307,1,2,2,2,0,213
single,100,308,0,3,0,0,1,100
reflection,100,308,1,0,27,27,0,127
static_team,100,308,1,4,4,4,0,205
corpus_mesh,100,308,1,2,2,2,0,213
single,100,309,0,2,0,0,1,100
reflection,100,309,0,3,24,23,1,124
static_team,100,309,1,4,4,4,0,204
corpus_mesh,100,309,1,1,1,1,0,209
single,100,310,0,3,0,0,1,100
reflection,100,310,1,0,24,24,0,124
static_team,100,310,1,2,2,2,0,202
corpus_mesh,100,310,1,2,2,2,0,211
single,100,311,0,1,0,0,1,100
reflection,100,311,0,1,21,21,1,121
static_team,100,311,1,1,1,1,0,201
corpus_mesh,100,311,1,4,4,4,0,214
single,100,312,0,1,0,0,1,100
reflection,100,312,0,2,33,33,1,133
static_team,100,312,1,2,2,2,0,203
corpus_mesh,100,312,1,0,0,0,0,209
single,100,313,0,2,0,0,1,100
reflection,100,313,1,0,32,32,0,132
static_team,100,313,1,1,1,1,0,201
corpus_mesh,100,313,1,0,0,0,0,209
single,100,314,1,0,0,0,0,100
reflection,100,314,0,0,35,32,1,135
static_team,100,314,1,1,1,1,0,203
corpus_mesh,100,314,1,0,0,0,0,213
single,100,315,0,1,0,0,1,100
reflection,100,315,1,1,26,26,0,126
static_team,100,315,1,0,0,0,0,200
corpus_mesh,100,315,1,2,2,2,0,209
single,100,316,1,0,0,0,0,100
reflection,100,316,0,4,27,27,1,127
static_team,100,316,1,0,0,0,0,201
corpus_mesh,100,316,1,0,0,0,0,215
single,100,317,1,0,0,0,0,100
reflection,100,317,0,3,31,31,1,131
static_team,100,317,1,4,4,4,0,206
corpus_mesh,100,317,1,3,3,3,0,222
single,100,318,1,0,0,0,0,100
reflection,100,318,0,3,28,28,1,128
static_team,100,318,1,0,0,0,0,201
corpus_mesh,100,318,1,1,1,1,0,214
single,100,319,0,3,0,0,1,100
reflection,100,319,0,2,29,27,1,129
static_team,100,319,1,1,1,1,0,201
corpus_mesh,100,319,1,3,3,3,0,218
single,100,320,0,1,0,0,1,100
reflection,100,320,1,0,17,17,0,117
static_team,100,320,1,2,2,2,0,203
corpus_mesh,100,320,1,4,4,4,0,219
single,100,321,0,1,0,0,1,100
reflection,100,321,1,0,31,31,0,131
static_team,100,321,1,1,1,1,0,201
corpus_mesh,100,321,1,1,1,1,0,217
single,100,322,1,0,0,0,0,100
reflection,100,322,0,1,26,24,1,126
static_team,100,322,1,0,0,0,0,200
corpus_mesh,100,322,1,2,2,2,0,209
single,100,323,0,1,0,0,1,100
reflection,100,323,0,3,22,22,1,122
static_team,100,323,1,0,0,0,0,200
corpus_mesh,100,323,1,0,0,0,0,210
single,100,324,1,0,0,0,0,100
reflection,100,324,0,0,23,22,1,123
static_team,100,324,1,0,0,0,0,200
corpus_mesh,100,324,1,3,3,3,0,219
single,100,325,1,0,0,0,0,100
reflection,100,325,0,3,31,31,1,131
static_team,100,325,1,0,0,0,0,200
corpus_mesh,100,325,1,0,0,0,0,209
single,100,326,0,1,0,0,1,100
reflection,100,326,0,1,21,21,1,121
static_team,100,326,1,1,1,1,0,204
corpus_mesh,100,326,1,1,1,1,0,211
single,100,327,0,5,0,0,1,100
reflection,100,327,0,2,26,26,1,126
static_team,100,327,1,1,1,1,0,201
corpus_mesh,100,327,1,1,1,1,0,212
single,100,328,0,1,0,0,1,100
reflection,100,328,0,2,32,31,1,132
static_team,100,328,1,2,2,2,0,203
corpus_mesh,100,328,1,1,1,1,0,216
single,100,329,1,0,0,0,0,100
reflection,100,329,0,2,28,28,1,128
static_team,100,329,1,2,2,2,0,204
corpus_mesh,100,329,1,1,1,1,0,212
single,100,330,0,3,0,0,1,100
reflection,100,330,0,1,34,33,1,134
static_team,100,330,1,1,1,1,0,201
corpus_mesh,100,330,1,1,1,1,0,213
single,100,331,0,3,0,0,1,100
reflection,100,331,0,2,24,24,1,124
static_team,100,331,1,2,2,2,0,203
corpus_mesh,100,331,1,2,2,2,0,217
single,100,332,0,2,0,0,1,100
reflection,100,332,0,0,28,27,1,128
static_team,100,332,1,0,0,0,0,200
corpus_mesh,100,332,1,2,2,2,0,215
single,100,333,0,1,0,0,1,100
reflection,100,333,0,1,31,30,1,131
static_team,100,333,1,3,3,3,0,203
corpus_mesh,100,333,1,0,0,0,0,206
single,100,334,0,4,0,0,1,100
reflection,100,334,0,3,24,24,1,124
static_team,100,334,1,2,2,2,0,202
corpus_mesh,100,334,1,0,0,0,0,211
single,100,335,0,1,0,0,1,100
reflection,100,335,1,0,26,26,0,126
static_team,100,335,1,3,3,3,0,203
corpus_mesh,100,335,1,0,0,0,0,213
single,100,336,0,3,0,0,1,100
reflection,100,336,0,1,30,30,1,130
static_team,100,336,1,1,1,1,0,201
corpus_mesh,100,336,1,2,2,2,0,220
single,100,337,0,1,0,0,1,100
reflection,100,337,1,0,30,30,0,130
static_team,100,337,1,0,0,0,0,200
corpus_mesh,100,337,1,0,0,0,0,210
single,100,338,0,5,0,0,1,100
reflection,100,338,0,2,30,30,1,130
static_team,100,338,1,1,1,1,0,202
corpus_mesh,100,338,1,2,2,2,0,209
single,100,339,0,1,0,0,1,100
reflection,100,339,0,1,24,24,1,124
static_team,100,339,1,1,1,1,0,202
corpus_mesh,100,339,0,2,2,1,1,217
single,100,340,0,1,0,0,1,100
reflection,100,340,0,2,28,28,1,128
static_team,100,340,1,3,3,3,0,203
corpus_mesh,100,340,1,2,2,2,0,211
single,100,341,1,0,0,0,0,100
reflection,100,341,0,0,31,30,1,131
static_team,100,341,1,1,1,1,0,205
corpus_mesh,100,341,1,2,2,2,0,214
single,100,342,0,1,0,0,1,100
reflection,100,342,0,1,26,26,1,126
static_team,100,342,1,2,2,2,0,202
corpus_mesh,100,342,1,1,1,1,0,207
single,100,343,1,0,0,0,0,100
reflection,100,343,0,3,28,26,1,128
static_team,100,343,1,4,4,4,0,204
corpus_mesh,100,343,1,1,1,1,0,214
single,100,344,1,0,0,0,0,100
reflection,100,344,1,1,22,22,0,122
static_team,100,344,1,0,0,0,0,201
corpus_mesh,100,344,1,1,1,1,0,212
single,100,345,0,2,0,0,1,100
reflection,100,345,0,1,21,20,1,121
static_team,100,345,1,1,1,1,0,201
corpus_mesh,100,345,1,2,2,2,0,212
single,100,346,0,1,0,0,1,100
reflection,100,346,0,0,29,28,1,129
static_team,100,346,1,1,1,1,0,201
corpus_mesh,100,346,1,3,3,3,0,213
single,100,347,0,2,0,0,1,100
reflection,100,347,0,1,34,34,1,134
static_team,100,347,1,2,2,2,0,203
corpus_mesh,100,347,1,0,0,0,0,208
single,100,348,0,1,0,0,1,100
reflection,100,348,1,0,21,21,0,121
static_team,100,348,1,2,2,2,0,202
corpus_mesh,100,348,1,0,0,0,0,215
single,100,349,0,4,0,0,1,100
reflection,100,349,0,2,20,20,1,120
static_team,100,349,1,3,3,3,0,203
corpus_mesh,100,349,1,2,2,2,0,210
single,100,350,0,1,0,0,1,100
reflection,100,350,1,0,17,17,0,117
static_team,100,350,1,0,0,0,0,201
corpus_mesh,100,350,1,4,4,4,0,223
single,100,351,0,2,0,0,1,100
reflection,100,351,0,1,37,36,1,137
static_team,100,351,1,0,0,0,0,200
corpus_mesh,100,351,1,0,0,0,0,207
single,100,352,0,2,0,0,1,100
reflection,100,352,0,2,27,26,1,127
static_team,100,352,1,2,2,2,0,202
corpus_mesh,100,352,1,0,0,0,0,211
single,100,353,1,2,0,0,0,100
reflection,100,353,0,1,29,28,1,129
static_team,100,353,1,2,2,2,0,203
corpus_mesh,100,353,1,1,1,1,0,216
single,100,354,0,4,0,0,1,100
reflection,100,354,0,2,27,26,1,127
static_team,100,354,1,1,1,1,0,202
corpus_mesh,100,354,1,1,1,1,0,215
single,100,355,0,3,0,0,1,100
reflection,100,355,0,0,31,30,1,131
static_team,100,355,1,0,0,0,0,200
corpus_mesh,100,355,1,3,3,3,0,223
single,100,356,0,1,0,0,1,100
reflection,100,356,1,1,31,31,0,131
static_team,100,356,1,1,1,1,0,202
corpus_mesh,100,356,1,0,0,0,0,215
single,100,357,1,0,0,0,0,100
reflection,100,357,1,1,30,29,0,130
static_team,100,357,1,2,2,2,0,202
corpus_mesh,100,357,1,0,0,0,0,207
single,100,358,1,0,0,0,0,100
reflection,100,358,0,3,31,29,1,131
static_team,100,358,1,2,2,2,0,203
corpus_mesh,100,358,1,0,0,0,0,208
single,100,359,0,1,0,0,1,100
reflection,100,359,0,5,37,37,1,137
static_team,100,359,1,1,1,1,0,201
corpus_mesh,100,359,1,3,3,3,0,218
single,100,360,0,2,0,0,1,100
reflection,100,360,0,2,22,22,1,122
static_team,100,360,1,2,2,2,0,202
corpus_mesh,100,360,1,0,0,0,0,209
single,100,361,0,1,0,0,1,100
reflection,100,361,1,1,23,23,0,123
static_team,100,361,1,4,4,4,0,205
corpus_mesh,100,361,1,1,1,1,0,212
single,100,362,0,2,0,0,1,100
reflection,100,362,0,1,22,21,1,122
static_team,100,362,1,0,0,0,0,200
corpus_mesh,100,362,1,1,1,1,0,214
single,100,363,0,7,0,0,1,100
reflection,100,363,0,1,26,26,1,126
static_team,100,363,1,0,0,0,0,200
corpus_mesh,100,363,1,1,1,1,0,209
single,100,364,0,2,0,0,1,100
reflection,100,364,0,1,16,16,1,116
static_team,100,364,1,0,0,0,0,200
corpus_mesh,100,364,1,0,0,0,0,216
single,100,365,0,2,0,0,1,100
reflection,100,365,1,0,23,23,0,123
static_team,100,365,1,2,2,2,0,203
corpus_mesh,100,365,1,1,1,1,0,212
single,100,366,1,0,0,0,0,100
reflection,100,366,1,0,28,28,0,128
static_team,100,366,1,0,0,0,0,201
corpus_mesh,100,366,1,1,1,1,0,211
single,100,367,0,1,0,0,1,100
reflection,100,367,0,3,31,30,1,131
static_team,100,367,1,3,3,3,0,203
corpus_mesh,100,367,1,3,3,3,0,211
single,100,368,0,4,0,0,1,100
reflection,100,368,1,0,26,26,0,126
static_team,100,368,1,1,1,1,0,203
corpus_mesh,100,368,1,1,1,1,0,211
single,100,369,0,2,0,0,1,100
reflection,100,369,0,1,24,24,1,124
static_team,100,369,0,3,3,2,1,205
corpus_mesh,100,369,1,1,1,1,0,215
single,100,370,0,5,0,0,1,100
reflection,100,370,0,0,32,30,1,132
static_team,100,370,1,4,4,4,0,204
corpus_mesh,100,370,1,1,1,1,0,211
single,100,371,1,0,0,0,0,100
reflection,100,371,1,1,25,25,0,125
static_team,100,371,1,1,1,1,0,201
corpus_mesh,100,371,1,2,2,2,0,215
single,100,372,0,1,0,0,1,100
reflection,100,372,1,0,32,32,0,132
static_team,100,372,1,2,2,2,0,203
corpus_mesh,100,372,1,0,0,0,0,210
single,100,373,0,1,0,0,1,100
reflection,100,373,1,0,30,30,0,130
static_team,100,373,1,0,0,0,0,200
corpus_mesh,100,373,1,1,1,1,0,216
single,100,374,1,0,0,0,0,100
reflection,100,374,1,0,34,34,0,134
static_team,100,374,1,3,3,3,0,204
corpus_mesh,100,374,1,0,0,0,0,212
single,100,375,1,0,0,0,0,100
reflection,100,375,0,1,22,22,1,122
static_team,100,375,1,0,0,0,0,201
corpus_mesh,100,375,1,1,1,1,0,212
single,100,376,0,1,0,0,1,100
reflection,100,376,0,2,31,31,1,131
static_team,100,376,1,1,1,1,0,201
corpus_mesh,100,376,1,0,0,0,0,215
single,100,377,0,2,0,0,1,100
reflection,100,377,0,1,28,28,1,128
static_team,100,377,1,1,1,1,0,201
corpus_mesh,100,377,1,2,2,2,0,209
single,100,378,0,2,0,0,1,100
reflection,100,378,0,2,31,31,1,131
static_team,100,378,1,1,1,1,0,201
corpus_mesh,100,378,1,2,2,2,0,216
single,100,379,0,4,0,0,1,100
reflection,100,379,0,2,22,22,1,122
static_team,100,379,1,1,1,1,0,201
corpus_mesh,100,379,1,2,2,2,0,211
single,100,380,0,4,0,0,1,100
reflection,100,380,0,1,38,38,1,138
static_team,100,380,1,1,1,1,0,202
corpus_mesh,100,380,1,2,2,2,0,214
single,100,381,0,1,0,0,1,100
reflection,100,381,0,2,29,29,1,129
static_team,100,381,1,2,2,2,0,202
corpus_mesh,100,381,1,0,0,0,0,207
single,100,382,0,1,0,0,1,100
reflection,100,382,1,0,25,25,0,125
static_team,100,382,1,2,2,2,0,202
corpus_mesh,100,382,1,1,1,1,0,213
single,100,383,0,2,0,0,1,100
reflection,100,383,0,3,28,28,1,128
static_team,100,383,1,0,0,0,0,200
corpus_mesh,100,383,1,3,3,3,0,218
single,100,384,0,3,0,0,1,100
reflection,100,384,0,0,26,24,1,126
static_team,100,384,1,0,0,0,0,200
corpus_mesh,100,384,1,0,0,0,0,214
single,100,385,0,1,0,0,1,100
reflection,100,385,0,3,26,24,1,126
static_team,100,385,1,0,0,0,0,201
corpus_mesh,100,385,1,2,2,2,0,218
single,100,386,0,1,0,0,1,100
reflection,100,386,0,0,27,26,1,127
static_team,100,386,1,2,2,2,0,202
corpus_mesh,100,386,1,2,2,2,0,208
single,100,387,0,1,0,0,1,100
reflection,100,387,0,1,30,29,1,130
static_team,100,387,1,0,0,0,0,200
corpus_mesh,100,387,1,2,2,2,0,213
single,100,388,1,0,0,0,0,100
reflection,100,388,1,1,30,30,0,130
static_team,100,388,1,2,2,2,0,202
corpus_mesh,100,388,1,1,1,1,0,209
single,100,389,1,0,0,0,0,100
reflection,100,389,1,1,31,31,0,131
static_team,100,389,1,2,2,2,0,202
corpus_mesh,100,389,1,3,3,3,0,217
single,100,390,0,1,0,0,1,100
reflection,100,390,0,4,22,22,1,122
static_team,100,390,1,2,2,2,0,202
corpus_mesh,100,390,1,3,3,3,0,212
single,100,391,1,0,0,0,0,100
reflection,100,391,0,1,25,25,1,125
static_team,100,391,1,2,2,2,0,202
corpus_mesh,100,391,1,3,3,2,0,217
single,100,392,1,0,0,0,0,100
reflection,100,392,0,2,28,28,1,128
static_team,100,392,1,1,1,1,0,201
corpus_mesh,100,392,1,2,2,2,0,213
single,100,393,0,1,0,0,1,100
reflection,100,393,0,4,29,29,1,129
static_team,100,393,1,1,1,1,0,202
corpus_mesh,100,393,1,0,0,0,0,208
single,100,394,0,2,0,0,1,100
reflection,100,394,1,0,22,22,0,122
static_team,100,394,1,1,1,1,0,202
corpus_mesh,100,394,1,2,2,2,0,216
single,100,395,0,2,0,0,1,100
reflection,100,395,0,1,30,30,1,130
static_team,100,395,1,2,2,2,0,202
corpus_mesh,100,395,1,1,1,1,0,211
single,100,396,0,1,0,0,1,100
reflection,100,396,1,2,26,26,0,126
static_team,100,396,1,3,3,3,0,203
corpus_mesh,100,396,1,1,1,1,0,210
single,100,397,0,2,0,0,1,100
reflection,100,397,0,2,31,31,1,131
static_team,100,397,1,0,0,0,0,200
corpus_mesh,100,397,1,1,1,1,0,211
single,100,398,0,2,0,0,1,100
reflection,100,398,0,3,25,24,1,125
static_team,100,398,1,0,0,0,0,200
corpus_mesh,100,398,1,1,1,1,0,212
single,100,399,0,2,0,0,1,100
reflection,100,399,0,2,29,28,1,129
static_team,100,399,0,2,2,1,1,205
corpus_mesh,100,399,1,3,3,3,0,215
single,100,400,1,2,0,0,0,100
reflection,100,400,0,1,28,28,1,128
static_team,100,400,1,4,4,4,0,204
corpus_mesh,100,400,1,0,0,0,0,214
single,100,401,0,2,0,0,1,100
reflection,100,401,1,0,26,26,0,126
static_team,100,401,1,0,0,0,0,200
corpus_mesh,100,401,1,3,3,3,0,219
single,100,402,0,3,0,0,1,100
reflection,100,402,0,2,23,23,1,123
static_team,100,402,1,0,0,0,0,200
corpus_mesh,100,402,1,1,1,1,0,219
single,100,403,0,2,0,0,1,100
reflection,100,403,0,2,29,28,1,129
static_team,100,403,1,1,1,1,0,202
corpus_mesh,100,403,1,2,2,2,0,213
single,100,404,1,0,0,0,0,100
reflection,100,404,0,1,23,23,1,123
static_team,100,404,1,1,1,1,0,201
corpus_mesh,100,404,1,4,4,4,0,216
single,100,405,0,1,0,0,1,100
reflection,100,405,1,1,26,26,0,126
static_team,100,405,1,3,3,3,0,203
corpus_mesh,100,405,0,1,0,0,1,208
single,100,406,0,4,0,0,1,100
reflection,100,406,0,2,31,31,1,131
static_team,100,406,1,0,0,0,0,200
corpus_mesh,100,406,1,1,1,1,0,209
single,100,407,0,2,0,0,1,100
reflection,100,407,0,2,33,33,1,133
static_team,100,407,1,0,0,0,0,201
corpus_mesh,100,407,1,0,0,0,0,214
single,100,408,1,0,0,0,0,100
reflection,100,408,0,1,25,24,1,125
static_team,100,408,1,0,0,0,0,201
corpus_mesh,100,408,1,1,1,1,0,214
single,100,409,0,3,0,0,1,100
reflection,100,409,0,1,27,27,1,127
static_team,100,409,1,2,2,2,0,202
corpus_mesh,100,409,1,2,2,2,0,213
single,100,410,1,0,0,0,0,100
reflection,100,410,0,3,37,37,1,137
static_team,100,410,1,0,0,0,0,200
corpus_mesh,100,410,1,3,3,3,0,220
single,100,411,0,1,0,0,1,100
reflection,100,411,0,3,32,31,1,132
static_team,100,411,0,1,1,1,1,203
corpus_mesh,100,411,1,4,4,4,0,214
single,100,412,0,2,0,0,1,100
reflection,100,412,1,0,27,27,0,127
static_team,100,412,1,3,3,3,0,203
corpus_mesh,100,412,1,2,2,2,0,218
single,100,413,1,0,0,0,0,100
reflection,100,413,0,0,26,25,1,126
static_team,100,413,1,1,1,1,0,201
corpus_mesh,100,413,1,1,1,1,0,218
single,100,414,0,2,0,0,1,100
reflection,100,414,1,0,23,23,0,123
static_team,100,414,1,0,0,0,0,201
corpus_mesh,100,414,1,1,1,1,0,212
single,100,415,0,1,0,0,1,100
reflection,100,415,0,2,30,30,1,130
static_team,100,415,1,1,1,1,0,201
corpus_mesh,100,415,1,0,0,0,0,211
single,100,416,0,4,0,0,1,100
reflection,100,416,0,1,35,35,1,135
static_team,100,416,1,1,1,1,0,201
corpus_mesh,100,416,1,1,1,1,0,212
single,100,417,0,2,0,0,1,100
reflection,100,417,1,3,26,26,0,126
static_team,100,417,1,3,3,3,0,203
corpus_mesh,100,417,1,1,1,1,0,215
single,100,418,0,1,0,0,1,100
reflection,100,418,1,1,25,25,0,125
static_team,100,418,1,1,1,1,0,201
corpus_mesh,100,418,1,2,2,2,0,217
single,100,419,0,3,0,0,1,100
reflection,100,419,0,3,28,27,1,128
static_team,100,419,1,1,1,1,0,201
corpus_mesh,100,419,1,2,2,2,0,213
single,100,420,1,0,0,0,0,100
reflection,100,420,0,4,30,29,1,130
static_team,100,420,1,1,1,1,0,202
corpus_mesh,100,420,1,0,0,0,0,209
single,100,421,1,0,0,0,0,100
reflection,100,421,0,1,34,34,1,134
static_team,100,421,1,2,2,2,0,202
corpus_mesh,100,421,1,4,4,4,0,222
single,100,422,1,2,0,0,0,100
reflection,100,422,0,1,34,33,1,134
static_team,100,422,1,0,0,0,0,200
corpus_mesh,100,422,1,0,0,0,0,209
single,100,423,0,3,0,0,1,100
reflection,100,423,1,0,27,27,0,127
static_team,100,423,1,1,1,1,0,202
corpus_mesh,100,423,1,0,0,0,0,206
single,100,424,1,0,0,0,0,100
reflection,100,424,0,3,27,26,1,127
static_team,100,424,1,0,0,0,0,200
corpus_mesh,100,424,1,3,3,3,0,219
single,100,425,0,1,0,0,1,100
reflection,100,425,1,0,34,34,0,134
static_team,100,425,1,1,1,1,0,202
corpus_mesh,100,425,1,0,0,0,0,217
single,100,426,0,1,0,0,1,100
reflection,100,426,0,0,30,29,1,130
static_team,100,426,1,0,0,0,0,200
corpus_mesh,100,426,0,2,2,1,1,217
single,100,427,0,1,0,0,1,100
reflection,100,427,0,1,33,33,1,133
static_team,100,427,1,2,2,2,0,203
corpus_mesh,100,427,1,1,1,1,0,208
single,100,428,0,3,0,0,1,100
reflection,100,428,0,0,29,28,1,129
static_team,100,428,1,2,2,2,0,202
corpus_mesh,100,428,0,3,3,2,1,219
single,100,429,0,1,0,0,1,100
reflection,100,429,0,0,26,25,1,126
static_team,100,429,1,2,2,2,0,202
corpus_mesh,100,429,1,3,3,3,0,218
single,100,430,1,2,0,0,0,100
reflection,100,430,0,1,28,28,1,128
static_team,100,430,1,2,2,2,0,202
corpus_mesh,100,430,1,1,1,1,0,213
single,100,431,0,2,0,0,1,100
reflection,100,431,0,2,34,33,1,134
static_team,100,431,1,0,0,0,0,200
corpus_mesh,100,431,1,1,1,1,0,213
single,100,432,0,1,0,0,1,100
reflection,100,432,0,3,28,28,1,128
static_team,100,432,1,1,1,1,0,202
corpus_mesh,100,432,1,4,4,4,0,218
single,100,433,0,2,0,0,1,100
reflection,100,433,1,0,19,19,0,119
static_team,100,433,1,3,3,3,0,203
corpus_mesh,100,433,0,2,2,2,1,216
single,100,434,0,3,0,0,1,100
reflection,100,434,1,0,29,29,0,129
static_team,100,434,1,0,0,0,0,200
corpus_mesh,100,434,1,3,3,3,0,213
single,100,435,1,0,0,0,0,100
reflection,100,435,1,0,25,25,0,125
static_team,100,435,1,2,2,2,0,202
corpus_mesh,100,435,1,1,1,1,0,209
single,100,436,0,1,0,0,1,100
reflection,100,436,0,2,29,29,1,129
static_team,100,436,0,2,2,1,1,203
corpus_mesh,100,436,1,1,1,1,0,218
single,100,437,1,0,0,0,0,100
reflection,100,437,1,0,32,32,0,132
static_team,100,437,1,4,4,4,0,205
corpus_mesh,100,437,1,1,1,1,0,217
single,100,438,0,2,0,0,1,100
reflection,100,438,0,2,30,29,1,130
static_team,100,438,0,1,1,1,1,203
corpus_mesh,100,438,1,3,3,3,0,217
single,100,439,0,1,0,0,1,100
reflection,100,439,0,1,29,28,1,129
static_team,100,439,1,1,1,1,0,201
corpus_mesh,100,439,1,2,2,2,0,215
single,100,440,0,2,0,0,1,100
reflection,100,440,1,2,31,31,0,131
static_team,100,440,1,3,3,3,0,203
corpus_mesh,100,440,1,4,4,4,0,220
single,100,441,0,1,0,0,1,100
reflection,100,441,0,1,31,30,1,131
static_team,100,441,1,3,3,3,0,203
corpus_mesh,100,441,1,3,3,3,0,217
single,100,442,0,1,0,0,1,100
reflection,100,442,0,2,32,31,1,132
static_team,100,442,1,2,2,2,0,203
corpus_mesh,100,442,1,3,3,1,2,216
single,100,443,0,4,0,0,1,100
reflection,100,443,0,3,27,27,1,127
static_team,100,443,1,0,0,0,0,201
corpus_mesh,100,443,1,0,0,0,0,210
single,100,444,1,0,0,0,0,100
reflection,100,444,0,1,25,25,1,125
static_team,100,444,1,2,2,2,0,202
corpus_mesh,100,444,1,1,1,1,0,213
single,100,445,0,2,0,0,1,100
reflection,100,445,0,1,24,23,1,124
static_team,100,445,1,1,1,1,0,201
corpus_mesh,100,445,1,0,0,0,0,205
single,100,446,0,1,0,0,1,100
reflection,100,446,0,1,27,25,1,127
static_team,100,446,1,1,1,1,0,201
corpus_mesh,100,446,1,3,3,3,0,214
single,100,447,0,1,0,0,1,100
reflection,100,447,1,1,25,25,0,125
static_team,100,447,1,1,1,1,0,202
corpus_mesh,100,447,1,0,0,0,0,205
single,100,448,1,0,0,0,0,100
reflection,100,448,1,0,28,28,0,128
static_team,100,448,1,1,1,1,0,201
corpus_mesh,100,448,1,1,1,1,0,215
single,100,449,0,2,0,0,1,100
reflection,100,449,1,2,37,37,0,137
static_team,100,449,1,3,3,3,0,203
corpus_mesh,100,449,1,1,1,1,0,211
single,100,450,1,0,0,0,0,100
reflection,100,450,0,4,28,27,1,128
static_team,100,450,1,0,0,0,0,201
corpus_mesh,100,450,1,2,2,2,0,214
single,100,451,0,2,0,0,1,100
reflection,100,451,1,0,27,27,0,127
static_team,100,451,1,1,1,1,0,202
corpus_mesh,100,451,1,2,2,2,0,216
single,100,452,0,2,0,0,1,100
reflection,100,452,0,1,32,32,1,132
static_team,100,452,1,1,1,1,0,203
corpus_mesh,100,452,1,3,3,3,0,215
single,100,453,0,1,0,0,1,100
reflection,100,453,1,1,33,33,0,133
static_team,100,453,1,2,2,2,0,202
corpus_mesh,100,453,0,2,2,1,1,212
single,100,454,0,2,0,0,1,100
reflection,100,454,0,1,26,25,1,126
static_team,100,454,1,4,4,4,0,204
corpus_mesh,100,454,1,0,0,0,0,213
single,100,455,0,1,0,0,1,100
reflection,100,455,0,2,31,30,1,131
static_team,100,455,1,1,1,1,0,201
corpus_mesh,100,455,1,0,0,0,0,211
single,100,456,1,0,0,0,0,100
reflection,100,456,1,0,30,30,0,130
static_team,100,456,1,1,1,1,0,202
corpus_mesh,100,456,1,0,0,0,0,219
single,100,457,1,0,0,0,0,100
reflection,100,457,1,1,30,30,0,130
static_team,100,457,1,0,0,0,0,201
corpus_mesh,100,457,1,1,1,1,0,218
single,100,458,0,4,0,0,1,100
reflection,100,458,1,0,27,27,0,127
static_team,100,458,1,6,6,6,0,206
corpus_mesh,100,458,1,0,0,0,0,209
single,100,459,0,4,0,0,1,100
reflection,100,459,1,2,33,33,0,133
static_team,100,459,1,2,2,2,0,202
corpus_mesh,100,459,1,2,2,2,0,219
single,100,460,0,2,0,0,1,100
reflection,100,460,0,1,23,23,1,123
static_team,100,460,1,3,3,3,0,203
corpus_mesh,100,460,1,1,1,1,0,214
single,100,461,0,1,0,0,1,100
reflection,100,461,0,1,22,22,1,122
static_team,100,461,1,4,4,4,0,204
corpus_mesh,100,461,1,2,2,2,0,211
single,100,462,0,2,0,0,1,100
reflection,100,462,0,3,25,25,1,125
static_team,100,462,1,2,2,2,0,203
corpus_mesh,100,462,1,0,0,0,0,218
single,100,463,0,1,0,0,1,100
reflection,100,463,0,1,34,33,1,134
static_team,100,463,1,1,1,1,0,201
corpus_mesh,100,463,1,3,3,3,0,218
single,100,464,0,1,0,0,1,100
reflection,100,464,1,1,23,23,0,123
static_team,100,464,1,1,1,1,0,202
corpus_mesh,100,464,1,0,0,0,0,212
single,100,465,1,0,0,0,0,100
reflection,100,465,0,0,27,26,1,127
static_team,100,465,1,0,0,0,0,200
corpus_mesh,100,465,1,2,2,2,0,213
single,100,466,1,0,0,0,0,100
reflection,100,466,1,1,35,35,0,135
static_team,100,466,1,1,1,1,0,201
corpus_mesh,100,466,1,2,2,2,0,218
single,100,467,0,4,0,0,1,100
reflection,100,467,0,2,20,19,1,120
static_team,100,467,1,1,1,1,0,202
corpus_mesh,100,467,1,1,1,1,0,215
single,100,468,1,0,0,0,0,100
reflection,100,468,0,2,24,24,1,124
static_team,100,468,1,2,2,2,0,202
corpus_mesh,100,468,1,1,1,1,0,212
single,100,469,0,1,0,0,1,100
reflection,100,469,0,1,33,33,1,133
static_team,100,469,1,2,2,2,0,202
corpus_mesh,100,469,1,1,1,1,0,214
single,100,470,0,2,0,0,1,100
reflection,100,470,0,1,34,33,1,134
static_team,100,470,1,0,0,0,0,200
corpus_mesh,100,470,1,1,1,1,0,218
single,100,471,0,1,0,0,1,100
reflection,100,471,0,3,31,31,1,131
static_team,100,471,1,4,4,4,0,204
corpus_mesh,100,471,1,1,1,1,0,215
single,100,472,1,0,0,0,0,100
reflection,100,472,0,1,27,27,1,127
static_team,100,472,1,0,0,0,0,200
corpus_mesh,100,472,1,2,2,2,0,213
single,100,473,1,0,0,0,0,100
reflection,100,473,0,0,26,25,1,126
static_team,100,473,1,0,0,0,0,200
corpus_mesh,100,473,1,2,2,2,0,214
single,100,474,1,0,0,0,0,100
reflection,100,474,1,1,22,22,0,122
static_team,100,474,1,3,3,3,0,203
corpus_mesh,100,474,1,2,2,2,0,218
single,100,475,1,0,0,0,0,100
reflection,100,475,0,1,28,28,1,128
static_team,100,475,1,0,0,0,0,200
corpus_mesh,100,475,1,2,2,2,0,217
single,100,476,0,1,0,0,1,100
reflection,100,476,0,1,26,26,1,126
static_team,100,476,1,2,2,2,0,202
corpus_mesh,100,476,1,1,1,1,0,213
single,100,477,0,1,0,0,1,100
reflection,100,477,0,1,37,36,1,137
static_team,100,477,1,1,1,1,0,202
corpus_mesh,100,477,1,2,2,2,0,216
single,100,478,0,2,0,0,1,100
reflection,100,478,0,1,24,23,1,124
static_team,100,478,1,3,3,3,0,203
corpus_mesh,100,478,1,1,1,1,0,217
single,100,479,0,2,0,0,1,100
reflection,100,479,0,3,24,24,1,124
static_team,100,479,1,3,3,3,0,204
corpus_mesh,100,479,1,4,4,4,0,221
single,100,480,0,1,0,0,1,100
reflection,100,480,1,2,30,30,0,130
static_team,100,480,1,1,1,1,0,201
corpus_mesh,100,480,1,3,3,3,0,223
single,100,481,0,2,0,0,1,100
reflection,100,481,1,0,34,34,0,134
static_team,100,481,1,1,1,1,0,201
corpus_mesh,100,481,1,0,0,0,0,213
single,100,482,1,0,0,0,0,100
reflection,100,482,1,1,28,28,0,128
static_team,100,482,1,4,4,4,0,205
corpus_mesh,100,482,0,0,0,0,1,212
single,100,483,0,3,0,0,1,100
reflection,100,483,0,2,34,33,1,134
static_team,100,483,1,2,2,2,0,202
corpus_mesh,100,483,1,4,4,4,0,216
single,100,484,0,2,0,0,1,100
reflection,100,484,1,0,28,28,0,128
static_team,100,484,1,3,3,3,0,203
corpus_mesh,100,484,1,1,1,1,0,208
single,100,485,0,3,0,0,1,100
reflection,100,485,0,3,37,37,1,137
static_team,100,485,1,1,1,1,0,201
corpus_mesh,100,485,1,2,2,2,0,215
single,100,486,0,1,0,0,1,100
reflection,100,486,0,2,15,15,1,115
static_team,100,486,1,1,1,1,0,203
corpus_mesh,100,486,1,0,0,0,0,214
single,100,487,1,0,0,0,0,100
reflection,100,487,0,4,27,27,1,127
static_team,100,487,1,1,1,1,0,201
corpus_mesh,100,487,1,1,1,1,0,216
single,100,488,0,1,0,0,1,100
reflection,100,488,0,0,29,28,1,129
static_team,100,488,0,3,3,2,1,204
corpus_mesh,100,488,1,2,2,2,0,211
single,100,489,0,1,0,0,1,100
reflection,100,489,0,1,22,21,1,122
static_team,100,489,1,2,2,2,0,202
corpus_mesh,100,489,1,2,2,2,0,223
single,100,490,0,3,0,0,1,100
reflection,100,490,0,2,31,30,1,131
static_team,100,490,1,4,4,4,0,204
corpus_mesh,100,490,1,1,1,1,0,214
single,100,491,0,1,0,0,1,100
reflection,100,491,0,3,37,36,1,137
static_team,100,491,1,3,3,3,0,204
corpus_mesh,100,491,1,1,1,1,0,210
single,100,492,1,2,0,0,0,100
reflection,100,492,0,1,32,31,1,132
static_team,100,492,1,3,3,3,0,205
corpus_mesh,100,492,1,0,0,0,0,214
single,100,493,0,4,0,0,1,100
reflection,100,493,1,0,24,24,0,124
static_team,100,493,1,0,0,0,0,201
corpus_mesh,100,493,1,1,1,1,0,216
single,100,494,1,0,0,0,0,100
reflection,100,494,0,2,25,25,1,125
static_team,100,494,1,1,1,1,0,202
corpus_mesh,100,494,1,0,0,0,0,210
single,100,495,0,1,0,0,1,100
reflection,100,495,1,1,29,29,0,129
static_team,100,495,1,0,0,0,0,201
corpus_mesh,100,495,1,2,2,2,0,215
single,100,496,0,1,0,0,1,100
reflection,100,496,0,1,28,28,1,128
static_team,100,496,1,3,3,3,0,203
corpus_mesh,100,496,0,3,3,2,1,218
single,100,497,0,2,0,0,1,100
reflection,100,497,1,1,22,22,0,122
static_team,100,497,1,0,0,0,0,200
corpus_mesh,100,497,1,4,4,4,0,219
single,100,498,0,2,0,0,1,100
reflection,100,498,0,0,21,20,1,121
static_team,100,498,1,1,1,1,0,201
corpus_mesh,100,498,1,1,1,1,0,214
single,100,499,0,3,0,0,1,100
reflection,100,499,0,3,24,24,1,124
static_team,100,499,1,1,1,1,0,201
corpus_mesh,100,499,1,1,1,1,0,215
single,100,500,1,0,0,0,0,100
reflection,100,500,1,0,26,26,0,126
static_team,100,500,1,2,2,2,0,203
corpus_mesh,100,500,1,1,1,1,0,214
single,100,501,1,0,0,0,0,100
reflection,100,501,0,1,26,26,1,126
static_team,100,501,1,2,2,2,0,202
corpus_mesh,100,501,1,2,2,2,0,216
single,100,502,0,2,0,0,1,100
reflection,100,502,0,1,33,33,1,133
static_team,100,502,1,3,3,3,0,203
corpus_mesh,100,502,1,2,2,2,0,213
single,100,503,0,2,0,0,1,100
reflection,100,503,0,1,26,25,1,126
static_team,100,503,1,2,2,2,0,202
corpus_mesh,100,503,0,1,1,0,1,213
single,100,504,0,1,0,0,1,100
reflection,100,504,0,4,33,33,1,133
static_team,100,504,1,0,0,0,0,201
corpus_mesh,100,504,1,3,3,3,0,218
single,100,505,1,0,0,0,0,100
reflection,100,505,0,3,34,32,1,134
static_team,100,505,1,0,0,0,0,200
corpus_mesh,100,505,1,0,0,0,0,215
single,100,506,0,1,0,0,1,100
reflection,100,506,0,1,34,34,1,134
static_team,100,506,1,0,0,0,0,200
corpus_mesh,100,506,1,1,1,1,0,209
single,100,507,0,2,0,0,1,100
reflection,100,507,1,0,27,27,0,127
static_team,100,507,1,1,1,1,0,204
corpus_mesh,100,507,1,0,0,0,0,213
single,100,508,0,2,0,0,1,100
reflection,100,508,0,5,31,30,1,131
static_team,100,508,1,0,0,0,0,200
corpus_mesh,100,508,1,0,0,0,0,209
single,100,509,0,1,0,0,1,100
reflection,100,509,0,3,32,31,1,132
static_team,100,509,1,2,2,2,0,203
corpus_mesh,100,509,1,1,1,1,0,215
single,100,510,0,2,0,0,1,100
reflection,100,510,0,3,21,21,1,121
static_team,100,510,1,1,1,1,0,201
corpus_mesh,100,510,1,3,3,3,0,217
single,100,511,0,4,0,0,1,100
reflection,100,511,0,4,24,24,1,124
static_team,100,511,1,2,2,2,0,202
corpus_mesh,100,511,1,1,1,1,0,212
single,100,512,1,0,0,0,0,100
reflection,100,512,0,3,24,24,1,124
static_team,100,512,1,0,0,0,0,201
corpus_mesh,100,512,1,0,0,0,0,213
single,100,513,1,0,0,0,0,100
reflection,100,513,0,1,26,25,1,126
static_team,100,513,1,3,3,3,0,204
corpus_mesh,100,513,1,3,3,3,0,217
single,100,514,1,0,0,0,0,100
reflection,100,514,0,1,28,28,1,128
static_team,100,514,1,0,0,0,0,200
corpus_mesh,100,514,1,1,1,1,0,220
single,100,515,0,2,0,0,1,100
reflection,100,515,0,1,26,25,1,126
static_team,100,515,1,2,2,2,0,203
corpus_mesh,100,515,1,4,4,4,0,219
single,100,516,1,0,0,0,0,100
reflection,100,516,1,1,33,33,0,133
static_team,100,516,1,2,2,2,0,202
corpus_mesh,100,516,0,3,3,3,1,219
single,100,517,0,3,0,0,1,100
reflection,100,517,1,1,31,31,0,131
static_team,100,517,1,1,1,1,0,202
corpus_mesh,100,517,0,3,3,2,1,218
single,100,518,0,1,0,0,1,100
reflection,100,518,1,2,30,30,0,130
static_team,100,518,1,1,1,1,0,201
corpus_mesh,100,518,1,2,2,2,0,218
single,100,519,0,3,0,0,1,100
reflection,100,519,0,2,27,26,1,127
static_team,100,519,1,1,1,1,0,202
corpus_mesh,100,519,1,3,3,3,0,217
single,100,520,0,4,0,0,1,100
reflection,100,520,1,0,21,21,0,121
static_team,100,520,1,1,1,1,0,201
corpus_mesh,100,520,1,1,1,1,0,214
single,100,521,0,1,0,0,1,100
reflection,100,521,0,2,32,30,1,132
static_team,100,521,1,1,1,1,0,202
corpus_mesh,100,521,1,3,3,3,0,214
single,100,522,0,2,0,0,1,100
reflection,100,522,0,1,27,27,1,127
static_team,100,522,1,2,2,2,0,202
corpus_mesh,100,522,1,3,3,3,0,212
single,100,523,1,0,0,0,0,100
reflection,100,523,0,2,33,33,1,133
static_team,100,523,1,2,2,2,0,204
corpus_mesh,100,523,1,0,0,0,0,213
single,100,524,0,3,0,0,1,100
reflection,100,524,0,3,31,31,1,131
static_team,100,524,1,2,2,2,0,204
corpus_mesh,100,524,1,2,2,2,0,220
single,100,525,1,0,0,0,0,100
reflection,100,525,1,0,30,30,0,130
static_team,100,525,1,2,2,2,0,202
corpus_mesh,100,525,1,2,2,2,0,209
single,100,526,0,1,0,0,1,100
reflection,100,526,0,2,31,31,1,131
static_team,100,526,1,1,1,1,0,202
corpus_mesh,100,526,1,2,2,2,0,217
single,100,527,0,1,0,0,1,100
reflection,100,527,1,1,26,26,0,126
static_team,100,527,1,2,2,2,0,203
corpus_mesh,100,527,1,2,2,2,0,211
single,100,528,0,1,0,0,1,100
reflection,100,528,0,2,27,26,1,127
static_team,100,528,1,1,1,1,0,201
corpus_mesh,100,528,1,6,6,6,0,224
single,100,529,0,1,0,0,1,100
reflection,100,529,0,4,24,24,1,124
static_team,100,529,1,4,4,4,0,204
corpus_mesh,100,529,1,1,1,1,0,214
single,100,530,0,1,0,0,1,100
reflection,100,530,0,1,24,24,1,124
static_team,100,530,1,3,3,3,0,203
corpus_mesh,100,530,1,3,3,3,0,209
single,100,531,0,2,0,0,1,100
reflection,100,531,0,0,26,25,1,126
static_team,100,531,1,0,0,0,0,201
corpus_mesh,100,531,1,2,2,2,0,219
single,100,532,0,2,0,0,1,100
reflection,100,532,0,3,28,27,1,128
static_team,100,532,1,0,0,0,0,200
corpus_mesh,100,532,1,1,1,1,0,218
single,100,533,1,0,0,0,0,100
reflection,100,533,0,1,25,24,1,125
static_team,100,533,1,4,4,4,0,204
corpus_mesh,100,533,1,3,3,3,0,216
single,100,534,1,0,0,0,0,100
reflection,100,534,0,1,32,30,1,132
static_team,100,534,1,1,1,1,0,201
corpus_mesh,100,534,1,0,0,0,0,212
single,100,535,1,0,0,0,0,100
reflection,100,535,0,0,34,33,1,134
static_team,100,535,1,2,2,2,0,202
corpus_mesh,100,535,1,2,2,2,0,216
single,100,536,0,2,0,0,1,100
reflection,100,536,0,1,34,34,1,134
static_team,100,536,1,0,0,0,0,200
corpus_mesh,100,536,1,1,1,1,0,210
single,100,537,1,0,0,0,0,100
reflection,100,537,0,0,27,26,1,127
static_team,100,537,1,1,1,1,0,202
corpus_mesh,100,537,1,0,0,0,0,216
single,100,538,0,2,0,0,1,100
reflection,100,538,0,4,24,24,1,124
static_team,100,538,1,2,2,2,0,202
corpus_mesh,100,538,1,2,2,2,0,211
single,100,539,0,2,0,0,1,100
reflection,100,539,0,3,34,34,1,134
static_team,100,539,1,2,2,2,0,203
corpus_mesh,100,539,1,1,1,1,0,209
single,100,540,0,2,0,0,1,100
reflection,100,540,0,4,23,23,1,123
static_team,100,540,1,1,1,1,0,201
corpus_mesh,100,540,1,2,2,2,0,217
single,100,541,0,2,0,0,1,100
reflection,100,541,0,3,28,28,1,128
static_team,100,541,1,1,1,1,0,201
corpus_mesh,100,541,1,6,6,6,0,221
single,100,542,0,1,0,0,1,100
reflection,100,542,0,3,31,31,1,131
static_team,100,542,1,0,0,0,0,200
corpus_mesh,100,542,1,2,2,2,0,211
single,100,543,0,1,0,0,1,100
reflection,100,543,1,0,31,31,0,131
static_team,100,543,1,1,1,1,0,201
corpus_mesh,100,543,1,2,2,2,0,216
single,100,544,0,1,0,0,1,100
reflection,100,544,0,0,29,28,1,129
static_team,100,544,1,0,0,0,0,200
corpus_mesh,100,544,1,1,1,1,0,216
single,100,545,0,2,0,0,1,100
reflection,100,545,1,0,27,27,0,127
static_team,100,545,1,1,1,1,0,201
corpus_mesh,100,545,1,1,1,1,0,217
single,100,546,0,3,0,0,1,100
reflection,100,546,0,2,31,29,1,131
static_team,100,546,1,3,3,3,0,204
corpus_mesh,100,546,1,1,1,1,0,211
single,100,547,1,0,0,0,0,100
reflection,100,547,1,0,23,23,0,123
static_team,100,547,1,4,4,4,0,204
corpus_mesh,100,547,1,1,1,1,0,212
single,100,548,1,0,0,0,0,100
reflection,100,548,0,0,26,25,1,126
static_team,100,548,1,1,1,1,0,201
corpus_mesh,100,548,1,2,2,2,0,215
single,100,549,0,2,0,0,1,100
reflection,100,549,0,1,26,26,1,126
static_team,100,549,1,1,1,1,0,201
corpus_mesh,100,549,1,1,1,1,0,211
single,100,550,0,4,0,0,1,100
reflection,100,550,0,3,30,30,1,130
static_team,100,550,1,1,1,1,0,202
corpus_mesh,100,550,1,1,1,1,0,214
single,100,551,1,0,0,0,0,100
reflection,100,551,0,2,32,32,1,132
static_team,100,551,1,2,2,2,0,204
corpus_mesh,100,551,1,2,2,2,0,220
single,100,552,1,0,0,0,0,100
reflection,100,552,0,2,25,24,1,125
static_team,100,552,1,2,2,2,0,202
corpus_mesh,100,552,1,0,0,0,0,218
single,100,553,0,1,0,0,1,100
reflection,100,553,0,1,27,25,1,127
static_team,100,553,1,1,1,1,0,201
corpus_mesh,100,553,1,2,2,2,0,220
single,100,554,0,1,0,0,1,100
reflection,100,554,1,0,22,22,0,122
static_team,100,554,1,3,3,3,0,203
corpus_mesh,100,554,1,1,1,1,0,215
single,100,555,0,3,0,0,1,100
reflection,100,555,1,0,24,24,0,124
static_team,100,555,1,0,0,0,0,201
corpus_mesh,100,555,1,2,2,2,0,212
single,100,556,1,0,0,0,0,100
reflection,100,556,1,0,23,23,0,123
static_team,100,556,1,1,1,1,0,201
corpus_mesh,100,556,0,4,4,2,1,218
single,100,557,1,0,0,0,0,100
reflection,100,557,1,1,27,27,0,127
static_team,100,557,1,0,0,0,0,200
corpus_mesh,100,557,1,1,1,1,0,213
single,100,558,1,0,0,0,0,100
reflection,100,558,1,0,31,31,0,131
static_team,100,558,1,0,0,0,0,200
corpus_mesh,100,558,1,2,2,2,0,218
single,100,559,0,2,0,0,1,100
reflection,100,559,0,2,34,33,1,134
static_team,100,559,1,1,1,1,0,201
corpus_mesh,100,559,1,1,1,1,0,214
single,100,560,1,0,0,0,0,100
reflection,100,560,0,1,28,28,1,128
static_team,100,560,1,3,3,3,0,203
corpus_mesh,100,560,1,3,3,3,0,214
single,100,561,0,1,0,0,1,100
reflection,100,561,0,3,26,26,1,126
static_team,100,561,1,1,1,1,0,201
corpus_mesh,100,561,1,1,1,1,0,215
single,100,562,0,3,0,0,1,100
reflection,100,562,0,2,30,30,1,130
static_team,100,562,1,0,0,0,0,200
corpus_mesh,100,562,1,1,1,1,0,217
single,100,563,0,1,0,0,1,100
reflection,100,563,0,2,28,27,1,128
static_team,100,563,1,3,3,3,0,203
corpus_mesh,100,563,1,2,2,2,0,219
single,100,564,1,0,0,0,0,100
reflection,100,564,1,1,23,23,0,123
static_team,100,564,1,1,1,1,0,202
corpus_mesh,100,564,1,3,3,3,0,221
single,100,565,0,1,0,0,1,100
reflection,100,565,1,2,23,23,0,123
static_team,100,565,1,4,4,4,0,205
corpus_mesh,100,565,1,1,1,1,0,209
single,100,566,0,1,0,0,1,100
reflection,100,566,0,2,29,29,1,129
static_team,100,566,1,3,3,3,0,203
corpus_mesh,100,566,1,1,1,1,0,212
single,100,567,0,3,0,0,1,100
reflection,100,567,0,1,28,28,1,128
static_team,100,567,1,3,3,3,0,203
corpus_mesh,100,567,1,1,1,1,0,218
single,100,568,0,1,0,0,1,100
reflection,100,568,0,1,28,28,1,128
static_team,100,568,1,2,2,2,0,202
corpus_mesh,100,568,1,0,0,0,0,214
single,100,569,0,1,0,0,1,100
reflection,100,569,0,0,34,33,1,134
static_team,100,569,1,3,3,3,0,204
corpus_mesh,100,569,1,2,2,2,0,211
single,100,570,0,1,0,0,1,100
reflection,100,570,1,1,26,26,0,126
static_team,100,570,1,1,1,1,0,201
corpus_mesh,100,570,1,2,2,2,0,219
single,100,571,0,2,0,0,1,100
reflection,100,571,0,0,30,29,1,130
static_team,100,571,1,3,3,3,0,203
corpus_mesh,100,571,1,3,3,3,0,212
single,100,572,1,0,0,0,0,100
reflection,100,572,0,3,31,31,1,131
static_team,100,572,1,3,3,3,0,203
corpus_mesh,100,572,1,1,1,1,0,211
single,100,573,0,1,0,0,1,100
reflection,100,573,0,2,21,21,1,121
static_team,100,573,1,0,0,0,0,201
corpus_mesh,100,573,1,0,0,0,0,208
single,100,574,1,0,0,0,0,100
reflection,100,574,0,1,22,21,1,122
static_team,100,574,1,2,2,2,0,202
corpus_mesh,100,574,1,3,3,3,0,215
single,100,575,0,1,0,0,1,100
reflection,100,575,0,3,31,31,1,131
static_team,100,575,0,2,2,1,1,203
corpus_mesh,100,575,1,3,3,3,0,216
single,100,576,1,0,0,0,0,100
reflection,100,576,0,3,24,24,1,124
static_team,100,576,1,3,3,3,0,205
corpus_mesh,100,576,1,2,2,1,0,213
single,100,577,0,2,0,0,1,100
reflection,100,577,0,2,26,26,1,126
static_team,100,577,1,2,2,2,0,202
corpus_mesh,100,577,1,1,1,1,0,216
single,100,578,0,2,0,0,1,100
reflection,100,578,0,1,25,24,1,125
static_team,100,578,1,5,5,5,0,205
corpus_mesh,100,578,1,0,0,0,0,214
single,100,579,0,2,0,0,1,100
reflection,100,579,0,4,23,23,1,123
static_team,100,579,1,1,1,1,0,203
corpus_mesh,100,579,1,1,1,1,0,218
single,100,580,0,2,0,0,1,100
reflection,100,580,0,3,27,26,1,127
static_team,100,580,1,3,3,3,0,204
corpus_mesh,100,580,1,4,4,4,0,225
single,100,581,1,0,0,0,0,100
reflection,100,581,0,1,23,23,1,123
static_team,100,581,1,2,2,2,0,202
corpus_mesh,100,581,1,1,1,1,0,213
single,100,582,0,1,0,0,1,100
reflection,100,582,1,0,26,26,0,126
static_team,100,582,0,1,1,0,1,202
corpus_mesh,100,582,1,1,1,1,0,214
single,100,583,0,3,0,0,1,100
reflection,100,583,0,4,25,24,1,125
static_team,100,583,1,4,4,4,0,204
corpus_mesh,100,583,1,2,2,2,0,222
single,100,584,1,0,0,0,0,100
reflection,100,584,1,2,26,26,0,126
static_team,100,584,1,0,0,0,0,202
corpus_mesh,100,584,1,0,0,0,0,209
single,100,585,0,2,0,0,1,100
reflection,100,585,0,2,26,26,1,126
static_team,100,585,1,2,2,2,0,203
corpus_mesh,100,585,1,1,1,1,0,212
single,100,586,0,2,0,0,1,100
reflection,100,586,1,0,24,24,0,124
static_team,100,586,1,1,1,1,0,201
corpus_mesh,100,586,1,4,4,4,0,223
single,100,587,0,4,0,0,1,100
reflection,100,587,0,1,21,20,1,121
static_team,100,587,1,0,0,0,0,201
corpus_mesh,100,587,1,1,1,1,0,212
single,100,588,0,1,0,0,1,100
reflection,100,588,0,1,33,32,1,133
static_team,100,588,1,2,2,2,0,202
corpus_mesh,100,588,1,0,0,0,0,209
single,100,589,0,1,0,0,1,100
reflection,100,589,1,4,29,29,0,129
static_team,100,589,1,1,1,1,0,202
corpus_mesh,100,589,1,2,2,2,0,215
single,100,590,0,3,0,0,1,100
reflection,100,590,0,2,29,28,1,129
static_team,100,590,1,2,2,2,0,203
corpus_mesh,100,590,1,3,3,3,0,217
single,100,591,1,3,0,0,0,100
reflection,100,591,0,0,28,26,1,128
static_team,100,591,0,6,6,4,2,207
corpus_mesh,100,591,1,1,1,1,0,213
single,100,592,0,2,0,0,1,100
reflection,100,592,1,0,35,35,0,135
static_team,100,592,1,4,4,4,0,206
corpus_mesh,100,592,1,0,0,0,0,209
single,100,593,1,0,0,0,0,100
reflection,100,593,0,1,23,23,1,123
static_team,100,593,1,2,2,2,0,202
corpus_mesh,100,593,1,0,0,0,0,212
single,100,594,0,2,0,0,1,100
reflection,100,594,0,1,27,27,1,127
static_team,100,594,1,1,1,1,0,201
corpus_mesh,100,594,1,2,2,2,0,215
single,100,595,0,1,0,0,1,100
reflection,100,595,0,1,21,21,1,121
static_team,100,595,1,1,1,1,0,202
corpus_mesh,100,595,1,1,1,1,0,211
single,100,596,0,1,0,0,1,100
reflection,100,596,0,3,22,21,1,122
static_team,100,596,1,1,1,1,0,201
corpus_mesh,100,596,1,5,5,5,0,216
single,100,597,0,1,0,0,1,100
reflection,100,597,0,2,33,30,1,133
static_team,100,597,1,5,5,5,0,205
corpus_mesh,100,597,1,0,0,0,0,216
single,100,598,0,1,0,0,1,100
reflection,100,598,0,2,22,22,1,122
static_team,100,598,1,2,2,2,0,204
corpus_mesh,100,598,1,1,1,1,0,212
single,100,599,0,3,0,0,1,100
reflection,100,599,1,1,26,26,0,126
static_team,100,599,1,1,1,1,0,201
corpus_mesh,100,599,0,1,1,0,1,213
single,100,600,1,0,0,0,0,100
reflection,100,600,0,1,25,25,1,125
static_team,100,600,1,1,1,1,0,203
corpus_mesh,100,600,1,2,2,2,0,214
single,100,601,0,1,0,0,1,100
reflection,100,601,0,1,28,27,1,128
static_team,100,601,1,2,2,2,0,203
corpus_mesh,100,601,1,2,2,2,0,217
single,100,602,0,1,0,0,1,100
reflection,100,602,0,2,28,28,1,128
static_team,100,602,1,0,0,0,0,200
corpus_mesh,100,602,1,2,2,2,0,213
single,100,603,0,2,0,0,1,100
reflection,100,603,0,3,32,30,1,132
static_team,100,603,1,2,2,2,0,204
corpus_mesh,100,603,1,1,1,1,0,213
single,100,604,0,4,0,0,1,100
reflection,100,604,0,3,30,30,1,130
static_team,100,604,1,1,1,1,0,201
corpus_mesh,100,604,1,2,2,2,0,213
single,100,605,0,1,0,0,1,100
reflection,100,605,0,2,34,34,1,134
static_team,100,605,1,2,2,2,0,203
corpus_mesh,100,605,1,1,1,1,0,210
single,100,606,0,1,0,0,1,100
reflection,100,606,0,1,22,22,1,122
static_team,100,606,1,4,4,4,0,204
corpus_mesh,100,606,1,1,1,1,0,218
single,100,607,1,0,0,0,0,100
reflection,100,607,0,1,29,29,1,129
static_team,100,607,1,1,1,1,0,202
corpus_mesh,100,607,1,0,0,0,0,210
single,100,608,0,6,0,0,1,100
reflection,100,608,1,1,26,26,0,126
static_team,100,608,1,2,2,2,0,204
corpus_mesh,100,608,1,2,2,2,0,216
single,100,609,0,2,0,0,1,100
reflection,100,609,0,1,35,35,1,135
static_team,100,609,1,1,1,1,0,202
corpus_mesh,100,609,1,3,3,3,0,219
single,100,610,0,3,0,0,1,100
reflection,100,610,0,3,27,27,1,127
static_team,100,610,1,3,3,3,0,203
corpus_mesh,100,610,1,0,0,0,0,212
single,100,611,0,4,0,0,1,100
reflection,100,611,0,1,25,25,1,125
static_team,100,611,1,1,1,1,0,201
corpus_mesh,100,611,1,2,2,2,0,219
single,100,612,0,2,0,0,1,100
reflection,100,612,0,1,31,31,1,131
static_team,100,612,1,1,1,1,0,202
corpus_mesh,100,612,1,0,0,0,0,211
single,100,613,0,1,0,0,1,100
reflection,100,613,0,2,28,27,1,128
static_team,100,613,1,2,2,2,0,202
corpus_mesh,100,613,1,2,2,2,0,217
single,100,614,0,1,0,0,1,100
reflection,100,614,0,1,29,29,1,129
static_team,100,614,1,3,3,3,0,203
corpus_mesh,100,614,1,1,1,1,0,216
single,100,615,1,0,0,0,0,100
reflection,100,615,0,4,18,18,1,118
static_team,100,615,1,1,1,1,0,201
corpus_mesh,100,615,1,2,2,2,0,211
single,100,616,0,1,0,0,1,100
reflection,100,616,0,3,33,33,1,133
static_team,100,616,1,1,1,1,0,203
corpus_mesh,100,616,1,4,4,4,0,229
single,100,617,0,1,0,0,1,100
reflection,100,617,0,3,22,22,1,122
static_team,100,617,1,1,1,1,0,202
corpus_mesh,100,617,1,2,2,2,0,211
single,100,618,1,2,0,0,0,100
reflection,100,618,0,3,32,32,1,132
static_team,100,618,1,0,0,0,0,200
corpus_mesh,100,618,1,1,1,1,0,218
single,100,619,0,2,0,0,1,100
reflection,100,619,0,3,37,37,1,137
static_team,100,619,1,2,2,2,0,203
corpus_mesh,100,619,1,3,3,3,0,213
single,100,620,1,0,0,0,0,100
reflection,100,620,0,1,31,30,1,131
static_team,100,620,1,2,2,2,0,202
corpus_mesh,100,620,1,3,3,3,0,218
single,100,621,0,4,0,0,1,100
reflection,100,621,1,3,28,28,0,128
static_team,100,621,1,3,3,3,0,203
corpus_mesh,100,621,1,1,1,1,0,216
single,100,622,1,0,0,0,0,100
reflection,100,622,0,3,37,36,1,137
static_team,100,622,1,1,1,1,0,201
corpus_mesh,100,622,1,1,1,1,0,215
single,100,623,1,0,0,0,0,100
reflection,100,623,0,0,35,34,1,135
static_team,100,623,1,0,0,0,0,200
corpus_mesh,100,623,1,0,0,0,0,212
single,100,624,0,3,0,0,1,100
reflection,100,624,0,3,24,24,1,124
static_team,100,624,1,3,3,3,0,204
corpus_mesh,100,624,1,1,1,1,0,209
single,100,625,1,0,0,0,0,100
reflection,100,625,0,2,24,24,1,124
static_team,100,625,1,3,3,3,0,203
corpus_mesh,100,625,1,0,0,0,0,213
single,100,626,0,2,0,0,1,100
reflection,100,626,0,3,28,28,1,128
static_team,100,626,1,2,2,2,0,202
corpus_mesh,100,626,1,1,1,1,0,216
single,100,627,0,1,0,0,1,100
reflection,100,627,0,2,28,28,1,128
static_team,100,627,1,1,1,1,0,201
corpus_mesh,100,627,1,0,0,0,0,209
single,100,628,0,3,0,0,1,100
reflection,100,628,0,4,31,30,1,131
static_team,100,628,1,0,0,0,0,201
corpus_mesh,100,628,1,1,1,1,0,212
single,100,629,0,3,0,0,1,100
reflection,100,629,0,1,24,24,1,124
static_team,100,629,1,1,1,1,0,201
corpus_mesh,100,629,1,6,6,6,0,222
single,100,630,0,1,0,0,1,100
reflection,100,630,0,3,24,24,1,124
static_team,100,630,1,4,4,4,0,207
corpus_mesh,100,630,1,2,2,2,0,213
single,100,631,0,1,0,0,1,100
reflection,100,631,0,2,34,34,1,134
static_team,100,631,1,1,1,1,0,201
corpus_mesh,100,631,1,2,2,2,0,212
single,100,632,0,4,0,0,1,100
reflection,100,632,1,1,37,37,0,137
static_team,100,632,1,1,1,1,0,201
corpus_mesh,100,632,1,1,1,1,0,219
single,100,633,0,2,0,0,1,100
reflection,100,633,0,3,34,33,1,134
static_team,100,633,1,2,2,2,0,202
corpus_mesh,100,633,1,2,2,2,0,213
single,100,634,0,3,0,0,1,100
reflection,100,634,1,0,22,22,0,122
static_team,100,634,1,0,0,0,0,200
corpus_mesh,100,634,1,4,4,4,0,217
single,100,635,0,1,0,0,1,100
reflection,100,635,0,2,33,32,1,133
static_team,100,635,1,1,1,1,0,201
corpus_mesh,100,635,1,1,1,1,0,213
single,100,636,0,1,0,0,1,100
reflection,100,636,0,2,25,25,1,125
static_team,100,636,0,4,4,3,1,204
corpus_mesh,100,636,0,1,1,1,1,213
single,100,637,0,1,0,0,1,100
reflection,100,637,1,0,39,39,0,139
static_team,100,637,1,1,1,1,0,202
corpus_mesh,100,637,1,2,2,2,0,217
single,100,638,0,3,0,0,1,100
reflection,100,638,0,2,28,28,1,128
static_team,100,638,1,0,0,0,0,200
corpus_mesh,100,638,1,0,0,0,0,211
single,100,639,1,2,0,0,0,100
reflection,100,639,0,1,28,28,1,128
static_team,100,639,1,2,2,2,0,204
corpus_mesh,100,639,1,2,2,2,0,221
single,100,640,0,4,0,0,1,100
reflection,100,640,0,2,23,23,1,123
static_team,100,640,1,3,3,3,0,203
corpus_mesh,100,640,1,3,3,3,0,216
single,100,641,0,3,0,0,1,100
reflection,100,641,0,5,29,28,1,129
static_team,100,641,1,1,1,1,0,201
corpus_mesh,100,641,1,0,0,0,0,211
single,100,642,0,3,0,0,1,100
reflection,100,642,0,4,25,25,1,125
static_team,100,642,1,0,0,0,0,201
corpus_mesh,100,642,1,1,1,1,0,211
single,100,643,1,0,0,0,0,100
reflection,100,643,0,2,36,36,1,136
static_team,100,643,1,0,0,0,0,200
corpus_mesh,100,643,1,0,0,0,0,208
single,100,644,0,1,0,0,1,100
reflection,100,644,0,1,33,33,1,133
static_team,100,644,1,2,2,2,0,203
corpus_mesh,100,644,1,3,3,3,0,224
single,100,645,1,0,0,0,0,100
reflection,100,645,0,2,24,24,1,124
static_team,100,645,0,1,1,0,1,201
corpus_mesh,100,645,1,1,1,1,0,216
single,100,646,0,3,0,0,1,100
reflection,100,646,0,1,20,20,1,120
static_team,100,646,1,1,1,1,0,201
corpus_mesh,100,646,1,3,3,3,0,219
single,100,647,1,0,0,0,0,100
reflection,100,647,0,4,20,19,1,120
static_team,100,647,1,0,0,0,0,200
corpus_mesh,100,647,1,0,0,0,0,222
single,100,648,0,1,0,0,1,100
reflection,100,648,0,3,25,25,1,125
static_team,100,648,1,1,1,1,0,202
corpus_mesh,100,648,1,1,1,1,0,215
single,100,649,0,1,0,0,1,100
reflection,100,649,0,1,28,28,1,128
static_team,100,649,1,1,1,1,0,201
corpus_mesh,100,649,1,3,3,3,0,214
single,100,650,0,2,0,0,1,100
reflection,100,650,1,1,25,25,0,125
static_team,100,650,1,2,2,2,0,204
corpus_mesh,100,650,1,2,2,2,0,215
single,100,651,0,2,0,0,1,100
reflection,100,651,1,2,27,27,0,127
static_team,100,651,1,2,2,2,0,202
corpus_mesh,100,651,1,3,3,3,0,218
single,100,652,0,3,0,0,1,100
reflection,100,652,1,0,28,28,0,128
static_team,100,652,0,2,1,1,1,201
corpus_mesh,100,652,1,4,4,4,0,216
single,100,653,0,2,0,0,1,100
reflection,100,653,0,3,33,31,1,133
static_team,100,653,1,2,2,2,0,203
corpus_mesh,100,653,1,1,1,1,0,215
single,100,654,1,0,0,0,0,100
reflection,100,654,1,1,22,22,0,122
static_team,100,654,1,2,2,2,0,202
corpus_mesh,100,654,1,3,3,3,0,220
single,100,655,1,0,0,0,0,100
reflection,100,655,0,2,28,28,1,128
static_team,100,655,1,1,1,1,0,201
corpus_mesh,100,655,1,3,3,3,0,217
single,100,656,1,0,0,0,0,100
reflection,100,656,0,4,27,26,1,127
static_team,100,656,1,1,1,1,0,201
corpus_mesh,100,656,1,2,2,2,0,212
single,100,657,0,1,0,0,1,100
reflection,100,657,0,1,20,19,1,120
static_team,100,657,1,0,0,0,0,201
corpus_mesh,100,657,1,3,3,3,0,219
single,100,658,1,0,0,0,0,100
reflection,100,658,0,1,32,31,1,132
static_team,100,658,1,2,2,2,0,202
corpus_mesh,100,658,1,1,1,1,0,215
single,100,659,0,2,0,0,1,100
reflection,100,659,0,2,29,29,1,129
static_team,100,659,1,3,3,3,0,204
corpus_mesh,100,659,1,1,1,1,0,212
single,100,660,0,1,0,0,1,100
reflection,100,660,0,2,35,34,1,135
static_team,100,660,1,0,0,0,0,200
corpus_mesh,100,660,1,3,3,3,0,215
single,100,661,0,2,0,0,1,100
reflection,100,661,1,1,30,30,0,130
static_team,100,661,1,2,2,2,0,203
corpus_mesh,100,661,1,3,3,3,0,211
single,100,662,1,0,0,0,0,100
reflection,100,662,1,1,22,22,0,122
static_team,100,662,1,0,0,0,0,200
corpus_mesh,100,662,1,4,4,4,0,218
single,100,663,0,3,0,0,1,100
reflection,100,663,0,2,25,24,1,125
static_team,100,663,1,2,2,2,0,203
corpus_mesh,100,663,1,1,1,1,0,214
single,100,664,1,0,0,0,0,100
reflection,100,664,0,2,27,26,1,127
static_team,100,664,1,1,1,1,0,201
corpus_mesh,100,664,1,1,1,1,0,218
single,100,665,0,2,0,0,1,100
reflection,100,665,1,1,21,21,0,121
static_team,100,665,1,2,2,2,0,202
corpus_mesh,100,665,1,1,1,1,0,217
single,100,666,0,2,0,0,1,100
reflection,100,666,0,1,23,23,1,123
static_team,100,666,0,2,2,1,1,205
corpus_mesh,100,666,1,0,0,0,0,215
single,100,667,0,1,0,0,1,100
reflection,100,667,0,1,25,25,1,125
static_team,100,667,1,2,2,2,0,203
corpus_mesh,100,667,1,1,1,1,0,209
single,100,668,0,1,0,0,1,100
reflection,100,668,0,1,26,26,1,126
static_team,100,668,1,1,1,1,0,201
corpus_mesh,100,668,1,0,0,0,0,206
single,100,669,0,1,0,0,1,100
reflection,100,669,0,2,25,25,1,125
static_team,100,669,1,3,3,3,0,203
corpus_mesh,100,669,1,0,0,0,0,215
single,100,670,0,1,0,0,1,100
reflection,100,670,0,0,28,26,1,128
static_team,100,670,1,3,3,3,0,203
corpus_mesh,100,670,1,1,1,1,0,215
single,100,671,0,1,0,0,1,100
reflection,100,671,0,3,22,22,1,122
static_team,100,671,1,1,1,1,0,201
corpus_mesh,100,671,1,2,2,2,0,219
single,100,672,0,2,0,0,1,100
reflection,100,672,1,1,26,26,0,126
static_team,100,672,1,1,1,1,0,202
corpus_mesh,100,672,1,1,1,1,0,215
single,100,673,0,2,0,0,1,100
reflection,100,673,0,1,21,21,1,121
static_team,100,673,1,0,0,0,0,200
corpus_mesh,100,673,1,4,4,4,0,212
single,100,674,0,2,0,0,1,100
reflection,100,674,0,2,28,27,1,128
static_team,100,674,1,1,1,1,0,202
corpus_mesh,100,674,1,0,0,0,0,210
single,100,675,0,2,0,0,1,100
reflection,100,675,0,2,33,31,1,133
static_team,100,675,1,0,0,0,0,200
corpus_mesh,100,675,1,3,3,3,0,217
single,100,676,0,1,0,0,1,100
reflection,100,676,0,3,26,26,1,126
static_team,100,676,1,1,1,1,0,202
corpus_mesh,100,676,1,1,1,1,0,211
single,100,677,0,2,0,0,1,100
reflection,100,677,0,1,27,27,1,127
static_team,100,677,1,0,0,0,0,200
corpus_mesh,100,677,1,1,1,1,0,215
single,100,678,0,1,0,0,1,100
reflection,100,678,0,0,30,29,1,130
static_team,100,678,1,1,1,1,0,202
corpus_mesh,100,678,1,1,1,1,0,220
single,100,679,0,4,0,0,1,100
reflection,100,679,1,1,23,23,0,123
static_team,100,679,1,6,6,6,0,206
corpus_mesh,100,679,1,0,0,0,0,222
single,100,680,0,3,0,0,1,100
reflection,100,680,0,3,24,23,1,124
static_team,100,680,1,2,2,2,0,203
corpus_mesh,100,680,1,2,2,2,0,212
single,100,681,1,0,0,0,0,100
reflection,100,681,1,1,29,29,0,129
static_team,100,681,1,2,2,2,0,202
corpus_mesh,100,681,1,1,1,1,0,211
single,100,682,1,0,0,0,0,100
reflection,100,682,0,0,29,28,1,129
static_team,100,682,1,1,1,1,0,202
corpus_mesh,100,682,1,0,0,0,0,209
single,100,683,0,4,0,0,1,100
reflection,100,683,0,2,28,28,1,128
static_team,100,683,1,2,2,2,0,202
corpus_mesh,100,683,1,3,3,3,0,218
single,100,684,0,1,0,0,1,100
reflection,100,684,0,2,28,28,1,128
static_team,100,684,1,4,4,4,0,204
corpus_mesh,100,684,1,2,2,2,0,214
single,100,685,0,2,0,0,1,100
reflection,100,685,1,1,41,41,0,141
static_team,100,685,1,1,1,1,0,202
corpus_mesh,100,685,1,0,0,0,0,210
single,100,686,1,0,0,0,0,100
reflection,100,686,0,4,26,25,1,126
static_team,100,686,1,1,1,1,0,201
corpus_mesh,100,686,1,5,5,5,0,220
single,100,687,0,1,0,0,1,100
reflection,100,687,0,3,30,29,1,130
static_team,100,687,1,2,2,2,0,202
corpus_mesh,100,687,1,0,0,0,0,219
single,100,688,0,2,0,0,1,100
reflection,100,688,1,0,30,30,0,130
static_team,100,688,1,0,0,0,0,201
corpus_mesh,100,688,1,0,0,0,0,208
single,100,689,0,2,0,0,1,100
reflection,100,689,0,2,27,27,1,127
static_team,100,689,1,2,2,2,0,202
corpus_mesh,100,689,1,3,3,3,0,217
single,100,690,0,1,0,0,1,100
reflection,100,690,0,4,32,32,1,132
static_team,100,690,1,3,3,3,0,203
corpus_mesh,100,690,1,0,0,0,0,211
single,100,691,0,1,0,0,1,100
reflection,100,691,0,3,27,27,1,127
static_team,100,691,1,0,0,0,0,200
corpus_mesh,100,691,1,0,0,0,0,220
single,100,692,1,0,0,0,0,100
reflection,100,692,1,0,26,26,0,126
static_team,100,692,1,1,1,1,0,202
corpus_mesh,100,692,1,2,2,2,0,216
single,100,693,0,1,0,0,1,100
reflection,100,693,1,0,28,28,0,128
static_team,100,693,1,0,0,0,0,200
corpus_mesh,100,693,1,1,1,1,0,214
single,100,694,1,0,0,0,0,100
reflection,100,694,0,2,25,25,1,125
static_team,100,694,1,3,3,3,0,203
corpus_mesh,100,694,1,0,0,0,0,208
single,100,695,0,1,0,0,1,100
reflection,100,695,0,1,25,24,1,125
static_team,100,695,1,1,1,1,0,201
corpus_mesh,100,695,1,1,1,1,0,215
single,100,696,0,3,0,0,1,100
reflection,100,696,0,1,34,34,1,134
static_team,100,696,1,3,3,3,0,204
corpus_mesh,100,696,1,4,4,4,0,218
single,100,697,0,4,0,0,1,100
reflection,100,697,1,0,23,23,0,123
static_team,100,697,1,0,0,0,0,201
corpus_mesh,100,697,1,1,1,1,0,210
single,100,698,0,1,0,0,1,100
reflection,100,698,0,1,32,32,1,132
static_team,100,698,1,1,1,1,0,201
corpus_mesh,100,698,1,2,2,2,0,212
single,100,699,0,1,0,0,1,100
reflection,100,699,0,3,31,31,1,131
static_team,100,699,1,3,3,3,0,203
corpus_mesh,100,699,1,2,2,2,0,216
single,100,700,0,1,0,0,1,100
reflection,100,700,0,3,25,25,1,125
static_team,100,700,1,2,2,2,0,202
corpus_mesh,100,700,1,1,1,1,0,207
single,100,701,0,2,0,0,1,100
reflection,100,701,0,3,21,21,1,121
static_team,100,701,1,3,3,3,0,204
corpus_mesh,100,701,1,2,2,2,0,213
single,100,702,0,2,0,0,1,100
reflection,100,702,0,2,28,28,1,128
static_team,100,702,1,4,4,4,0,204
corpus_mesh,100,702,1,2,2,2,0,216
single,100,703,0,1,0,0,1,100
reflection,100,703,0,1,32,31,1,132
static_team,100,703,1,1,1,1,0,201
corpus_mesh,100,703,1,0,0,0,0,210
single,100,704,0,3,0,0,1,100
reflection,100,704,0,3,29,29,1,129
static_team,100,704,1,3,3,3,0,204
corpus_mesh,100,704,1,3,3,3,0,216
single,100,705,1,0,0,0,0,100
reflection,100,705,0,1,36,36,1,136
static_team,100,705,0,3,3,3,1,205
corpus_mesh,100,705,1,1,1,1,0,212
single,100,706,0,1,0,0,1,100
reflection,100,706,0,0,25,24,1,125
static_team,100,706,1,1,1,1,0,201
corpus_mesh,100,706,1,1,1,1,0,211
single,100,707,1,0,0,0,0,100
reflection,100,707,1,0,29,29,0,129
static_team,100,707,1,6,6,6,0,206
corpus_mesh,100,707,1,3,3,3,0,223
single,100,708,1,0,0,0,0,100
reflection,100,708,0,1,34,33,1,134
static_team,100,708,1,1,1,1,0,201
corpus_mesh,100,708,1,3,3,3,0,225
single,100,709,0,1,0,0,1,100
reflection,100,709,0,3,31,31,1,131
static_team,100,709,1,1,1,1,0,201
corpus_mesh,100,709,1,1,1,1,0,214
single,100,710,0,3,0,0,1,100
reflection,100,710,1,0,24,24,0,124
static_team,100,710,1,3,3,3,0,206
corpus_mesh,100,710,1,1,1,1,0,212
single,100,711,0,1,0,0,1,100
reflection,100,711,0,2,18,18,1,118
static_team,100,711,1,3,3,3,0,205
corpus_mesh,100,711,1,0,0,0,0,214
single,100,712,1,0,0,0,0,100
reflection,100,712,0,1,25,25,1,125
static_team,100,712,1,4,4,4,0,204
corpus_mesh,100,712,1,1,1,1,0,211
single,100,713,1,3,0,0,0,100
reflection,100,713,0,2,30,30,1,130
static_team,100,713,1,1,1,1,0,201
corpus_mesh,100,713,1,2,2,2,0,216
single,100,714,0,1,0,0,1,100
reflection,100,714,0,1,24,24,1,124
static_team,100,714,1,1,1,1,0,201
corpus_mesh,100,714,1,0,0,0,0,208
single,100,715,0,4,0,0,1,100
reflection,100,715,0,1,28,27,1,128
static_team,100,715,1,1,1,1,0,203
corpus_mesh,100,715,1,2,2,2,0,212
single,100,716,0,3,0,0,1,100
reflection,100,716,1,2,29,29,0,129
static_team,100,716,1,0,0,0,0,200
corpus_mesh,100,716,1,3,3,3,0,218
single,100,717,0,3,0,0,1,100
reflection,100,717,0,3,31,31,1,131
static_team,100,717,1,1,1,1,0,201
corpus_mesh,100,717,1,1,1,1,0,215
single,100,718,0,2,0,0,1,100
reflection,100,718,0,1,24,24,1,124
static_team,100,718,1,0,0,0,0,201
corpus_mesh,100,718,1,3,3,3,0,217
single,100,719,0,3,0,0,1,100
reflection,100,719,0,3,30,30,1,130
static_team,100,719,1,0,0,0,0,201
corpus_mesh,100,719,1,1,1,1,0,216
single,100,720,0,1,0,0,1,100
reflection,100,720,0,3,28,27,1,128
static_team,100,720,1,1,1,1,0,201
corpus_mesh,100,720,1,3,3,3,0,212
single,100,721,0,3,0,0,1,100
reflection,100,721,0,0,24,23,1,124
static_team,100,721,1,2,2,2,0,203
corpus_mesh,100,721,1,1,1,1,0,210
single,100,722,0,3,0,0,1,100
reflection,100,722,0,1,32,31,1,132
static_team,100,722,1,1,1,1,0,202
corpus_mesh,100,722,1,0,0,0,0,210
single,100,723,1,0,0,0,0,100
reflection,100,723,0,0,31,30,1,131
static_team,100,723,1,4,4,4,0,204
corpus_mesh,100,723,1,2,2,2,0,217
single,100,724,0,2,0,0,1,100
reflection,100,724,0,2,40,40,1,140
static_team,100,724,1,0,0,0,0,200
corpus_mesh,100,724,0,2,2,1,1,211
single,100,725,0,2,0,0,1,100
reflection,100,725,1,0,30,30,0,130
static_team,100,725,1,3,3,3,0,204
corpus_mesh,100,725,1,4,4,4,0,218
single,100,726,0,3,0,0,1,100
reflection,100,726,0,1,26,26,1,126
static_team,100,726,1,1,1,1,0,202
corpus_mesh,100,726,1,2,2,2,0,214
single,100,727,0,2,0,0,1,100
reflection,100,727,1,0,28,28,0,128
static_team,100,727,1,1,1,1,0,201
corpus_mesh,100,727,1,1,1,1,0,208
single,100,728,0,5,0,0,1,100
reflection,100,728,0,3,31,30,1,131
static_team,100,728,1,1,1,1,0,201
corpus_mesh,100,728,1,4,4,4,0,214
single,100,729,0,1,0,0,1,100
reflection,100,729,0,4,24,22,1,124
static_team,100,729,1,0,0,0,0,201
corpus_mesh,100,729,1,2,2,2,0,216
single,100,730,0,3,0,0,1,100
reflection,100,730,0,2,28,28,1,128
static_team,100,730,1,2,2,2,0,204
corpus_mesh,100,730,1,2,2,2,0,216
single,100,731,0,2,0,0,1,100
reflection,100,731,0,2,32,32,1,132
static_team,100,731,1,1,1,1,0,201
corpus_mesh,100,731,1,1,1,1,0,214
single,100,732,0,1,0,0,1,100
reflection,100,732,1,1,31,31,0,131
static_team,100,732,1,0,0,0,0,200
corpus_mesh,100,732,1,3,3,3,0,219
single,100,733,0,4,0,0,1,100
reflection,100,733,0,2,25,25,1,125
static_team,100,733,1,3,3,3,0,204
corpus_mesh,100,733,1,0,0,0,0,218
single,100,734,1,0,0,0,0,100
reflection,100,734,0,3,21,20,1,121
static_team,100,734,1,2,2,2,0,203
corpus_mesh,100,734,1,0,0,0,0,208
single,100,735,0,2,0,0,1,100
reflection,100,735,0,1,30,30,1,130
static_team,100,735,1,0,0,0,0,201
corpus_mesh,100,735,1,3,3,3,0,220
single,100,736,0,1,0,0,1,100
reflection,100,736,0,1,27,27,1,127
static_team,100,736,1,5,5,5,0,206
corpus_mesh,100,736,1,3,3,3,0,213
single,100,737,1,0,0,0,0,100
reflection,100,737,0,1,23,22,1,123
static_team,100,737,1,0,0,0,0,202
corpus_mesh,100,737,1,0,0,0,0,209
single,100,738,0,2,0,0,1,100
reflection,100,738,1,0,29,29,0,129
static_team,100,738,1,0,0,0,0,200
corpus_mesh,100,738,1,1,1,1,0,211
single,100,739,0,1,0,0,1,100
reflection,100,739,0,3,30,30,1,130
static_team,100,739,1,3,3,3,0,203
corpus_mesh,100,739,1,1,1,1,0,212
single,100,740,0,2,0,0,1,100
reflection,100,740,0,3,25,25,1,125
static_team,100,740,1,0,0,0,0,201
corpus_mesh,100,740,1,2,2,2,0,212
single,100,741,0,6,0,0,1,100
reflection,100,741,1,0,21,21,0,121
static_team,100,741,1,0,0,0,0,200
corpus_mesh,100,741,1,0,0,0,0,209
single,100,742,0,4,0,0,1,100
reflection,100,742,0,1,28,27,1,128
static_team,100,742,1,2,2,2,0,202
corpus_mesh,100,742,1,1,1,1,0,212
single,100,743,0,2,0,0,1,100
reflection,100,743,1,0,32,32,0,132
static_team,100,743,1,1,1,1,0,201
corpus_mesh,100,743,1,2,2,2,0,220
single,100,744,0,1,0,0,1,100
reflection,100,744,0,2,26,25,1,126
static_team,100,744,1,0,0,0,0,201
corpus_mesh,100,744,1,2,2,2,0,229
single,100,745,0,1,0,0,1,100
reflection,100,745,1,2,33,33,0,133
static_team,100,745,1,1,1,1,0,202
corpus_mesh,100,745,1,1,1,1,0,213
single,100,746,0,1,0,0,1,100
reflection,100,746,0,3,24,23,1,124
static_team,100,746,1,4,4,4,0,204
corpus_mesh,100,746,1,0,0,0,0,215
single,100,747,0,5,0,0,1,100
reflection,100,747,1,0,29,29,0,129
static_team,100,747,1,1,1,1,0,201
corpus_mesh,100,747,1,2,2,2,0,217
single,100,748,0,2,0,0,1,100
reflection,100,748,0,1,28,28,1,128
static_team,100,748,0,2,2,2,1,203
corpus_mesh,100,748,1,4,4,4,0,222
single,100,749,0,1,0,0,1,100
reflection,100,749,0,2,25,24,1,125
static_team,100,749,1,1,1,1,0,201
corpus_mesh,100,749,1,1,1,1,0,221
single,100,750,0,1,0,0,1,100
reflection,100,750,0,2,26,25,1,126
static_team,100,750,1,1,1,1,0,201
corpus_mesh,100,750,1,0,0,0,0,208
single,100,751,0,2,0,0,1,100
reflection,100,751,0,1,27,25,1,127
static_team,100,751,0,2,1,1,1,201
corpus_mesh,100,751,1,1,1,1,0,210
single,100,752,1,0,0,0,0,100
reflection,100,752,0,4,31,31,1,131
static_team,100,752,1,2,2,2,0,203
corpus_mesh,100,752,1,1,1,1,0,214
single,100,753,0,2,0,0,1,100
reflection,100,753,0,2,32,32,1,132
static_team,100,753,1,0,0,0,0,201
corpus_mesh,100,753,1,1,1,1,0,210
single,100,754,0,1,0,0,1,100
reflection,100,754,0,2,22,21,1,122
static_team,100,754,1,3,3,3,0,203
corpus_mesh,100,754,1,1,1,1,0,221
single,100,755,0,2,0,0,1,100
reflection,100,755,0,3,30,30,1,130
static_team,100,755,1,1,1,1,0,201
corpus_mesh,100,755,1,2,2,2,0,214
single,100,756,0,4,0,0,1,100
reflection,100,756,1,1,27,27,0,127
static_team,100,756,1,1,1,1,0,201
corpus_mesh,100,756,1,1,1,1,0,211
single,100,757,0,1,0,0,1,100
reflection,100,757,0,6,34,34,1,134
static_team,100,757,1,3,3,3,0,203
corpus_mesh,100,757,1,1,1,1,0,210
single,100,758,0,2,0,0,1,100
reflection,100,758,1,1,28,28,0,128
static_team,100,758,1,3,3,3,0,203
corpus_mesh,100,758,1,0,0,0,0,212
single,100,759,0,1,0,0,1,100
reflection,100,759,1,1,26,26,0,126
static_team,100,759,1,1,1,1,0,201
corpus_mesh,100,759,1,2,2,2,0,211
single,100,760,0,3,0,0,1,100
reflection,100,760,0,4,26,26,1,126
static_team,100,760,1,1,1,1,0,201
corpus_mesh,100,760,1,0,0,0,0,207
single,100,761,0,1,0,0,1,100
reflection,100,761,0,2,21,20,1,121
static_team,100,761,1,0,0,0,0,200
corpus_mesh,100,761,1,1,1,1,0,217
single,100,762,0,1,0,0,1,100
reflection,100,762,0,3,32,31,1,132
static_team,100,762,1,1,1,1,0,201
corpus_mesh,100,762,1,1,1,1,0,215
single,100,763,0,2,0,0,1,100
reflection,100,763,0,0,29,28,1,129
static_team,100,763,1,2,2,2,0,202
corpus_mesh,100,763,1,0,0,0,0,209
single,100,764,0,3,0,0,1,100
reflection,100,764,1,1,35,35,0,135
static_team,100,764,1,0,0,0,0,201
corpus_mesh,100,764,1,3,3,3,0,220
single,100,765,0,1,0,0,1,100
reflection,100,765,0,0,20,19,1,120
static_team,100,765,1,2,2,2,0,204
corpus_mesh,100,765,1,1,1,1,0,210
single,100,766,0,1,0,0,1,100
reflection,100,766,0,1,31,31,1,131
static_team,100,766,1,3,3,3,0,204
corpus_mesh,100,766,1,2,2,2,0,224
single,100,767,0,1,0,0,1,100
reflection,100,767,0,2,34,34,1,134
static_team,100,767,1,1,1,1,0,201
corpus_mesh,100,767,1,2,2,2,0,215
single,100,768,1,0,0,0,0,100
reflection,100,768,0,1,22,22,1,122
static_team,100,768,1,3,3,3,0,203
corpus_mesh,100,768,1,0,0,0,0,218
single,100,769,0,2,0,0,1,100
reflection,100,769,1,0,37,37,0,137
static_team,100,769,1,1,1,1,0,202
corpus_mesh,100,769,1,3,3,3,0,216
single,100,770,0,2,0,0,1,100
reflection,100,770,1,2,19,19,0,119
static_team,100,770,1,3,3,3,0,203
corpus_mesh,100,770,1,0,0,0,0,218
single,100,771,0,3,0,0,1,100
reflection,100,771,0,2,23,23,1,123
static_team,100,771,1,1,1,1,0,202
corpus_mesh,100,771,1,1,1,1,0,214
single,100,772,0,1,0,0,1,100
reflection,100,772,0,1,27,26,1,127
static_team,100,772,1,0,0,0,0,202
corpus_mesh,100,772,1,0,0,0,0,215
single,100,773,1,0,0,0,0,100
reflection,100,773,0,3,30,29,1,130
static_team,100,773,1,2,2,2,0,202
corpus_mesh,100,773,1,3,3,3,0,219
single,100,774,0,3,0,0,1,100
reflection,100,774,1,0,28,28,0,128
static_team,100,774,1,2,2,2,0,203
corpus_mesh,100,774,1,1,1,1,0,213
single,100,775,0,3,0,0,1,100
reflection,100,775,0,4,25,24,1,125
static_team,100,775,1,4,4,4,0,204
corpus_mesh,100,775,1,1,1,1,0,215
single,100,776,0,2,0,0,1,100
reflection,100,776,0,2,22,22,1,122
static_team,100,776,0,2,2,1,1,202
corpus_mesh,100,776,1,4,4,4,0,217
single,100,777,0,1,0,0,1,100
reflection,100,777,0,1,26,25,1,126
static_team,100,777,1,4,4,4,0,204
corpus_mesh,100,777,1,3,3,3,0,210
single,100,778,1,0,0,0,0,100
reflection,100,778,0,1,29,29,1,129
static_team,100,778,1,4,4,4,0,204
corpus_mesh,100,778,1,2,2,2,0,213
single,100,779,0,1,0,0,1,100
reflection,100,779,1,0,26,26,0,126
static_team,100,779,1,2,2,2,0,203
corpus_mesh,100,779,1,1,1,1,0,209
single,100,780,0,4,0,0,1,100
reflection,100,780,0,1,23,22,1,123
static_team,100,780,1,2,2,2,0,203
corpus_mesh,100,780,1,4,4,4,0,215
single,100,781,0,1,0,0,1,100
reflection,100,781,1,1,29,29,0,129
static_team,100,781,1,1,1,1,0,201
corpus_mesh,100,781,1,5,5,5,0,224
single,100,782,0,1,0,0,1,100
reflection,100,782,1,0,26,26,0,126
static_team,100,782,1,5,5,5,0,206
corpus_mesh,100,782,1,0,0,0,0,210
single,100,783,0,2,0,0,1,100
reflection,100,783,0,3,24,24,1,124
static_team,100,783,1,0,0,0,0,201
corpus_mesh,100,783,1,2,2,2,0,217
single,100,784,1,0,0,0,0,100
reflection,100,784,1,2,27,27,0,127
static_team,100,784,1,0,0,0,0,201
corpus_mesh,100,784,1,2,2,2,0,213
single,100,785,0,1,0,0,1,100
reflection,100,785,1,0,21,21,0,121
static_team,100,785,0,3,3,2,1,203
corpus_mesh,100,785,1,1,1,1,0,215
single,100,786,0,4,0,0,1,100
reflection,100,786,0,4,29,28,1,129
static_team,100,786,1,3,3,3,0,203
corpus_mesh,100,786,1,1,1,1,0,210
single,100,787,0,1,0,0,1,100
reflection,100,787,1,0,28,28,0,128
static_team,100,787,1,0,0,0,0,200
corpus_mesh,100,787,1,1,1,1,0,208
single,100,788,1,0,0,0,0,100
reflection,100,788,0,0,35,34,1,135
static_team,100,788,1,1,1,1,0,202
corpus_mesh,100,788,1,2,2,2,0,210
single,100,789,0,2,0,0,1,100
reflection,100,789,0,2,31,30,1,131
static_team,100,789,1,1,1,1,0,201
corpus_mesh,100,789,1,3,3,3,0,216
single,100,790,0,3,0,0,1,100
reflection,100,790,1,0,22,22,0,122
static_team,100,790,1,2,2,2,0,202
corpus_mesh,100,790,1,4,4,4,0,216
single,100,791,0,1,0,0,1,100
reflection,100,791,1,0,27,27,0,127
static_team,100,791,1,0,0,0,0,200
corpus_mesh,100,791,0,2,2,1,1,218
single,100,792,1,0,0,0,0,100
reflection,100,792,0,3,27,27,1,127
static_team,100,792,1,1,1,1,0,201
corpus_mesh,100,792,1,2,2,2,0,212
single,100,793,1,0,0,0,0,100
reflection,100,793,0,1,19,19,1,119
static_team,100,793,1,2,2,2,0,203
corpus_mesh,100,793,1,1,1,1,0,214
single,100,794,0,2,0,0,1,100
reflection,100,794,0,2,35,34,1,135
static_team,100,794,1,2,2,2,0,202
corpus_mesh,100,794,1,0,0,0,0,210
single,100,795,0,1,0,0,1,100
reflection,100,795,0,1,34,34,1,134
static_team,100,795,1,1,1,1,0,201
corpus_mesh,100,795,1,0,0,0,0,210
single,100,796,0,1,0,0,1,100
reflection,100,796,0,0,29,25,1,129
static_team,100,796,1,0,0,0,0,201
corpus_mesh,100,796,1,1,1,1,0,221
single,100,797,1,0,0,0,0,100
reflection,100,797,0,2,30,30,1,130
static_team,100,797,1,2,2,2,0,202
corpus_mesh,100,797,1,2,2,2,0,219
single,100,798,0,1,0,0,1,100
reflection,100,798,0,2,24,24,1,124
static_team,100,798,1,4,4,4,0,205
corpus_mesh,100,798,1,0,0,0,0,215
single,100,799,0,1,0,0,1,100
reflection,100,799,0,1,29,28,1,129
static_team,100,799,1,1,1,1,0,202
corpus_mesh,100,799,1,1,1,1,0,211
single,100,800,0,2,0,0,1,100
reflection,100,800,0,1,22,22,1,122
static_team,100,800,1,0,0,0,0,202
corpus_mesh,100,800,1,1,1,1,0,213
single,100,801,0,2,0,0,1,100
reflection,100,801,0,1,19,18,1,119
static_team,100,801,1,1,1,1,0,203
corpus_mesh,100,801,1,1,1,1,0,215
single,100,802,0,2,0,0,1,100
reflection,100,802,0,2,25,25,1,125
static_team,100,802,1,1,1,1,0,202
corpus_mesh,100,802,1,2,2,2,0,210
single,100,803,0,2,0,0,1,100
reflection,100,803,1,0,32,32,0,132
static_team,100,803,1,1,1,1,0,201
corpus_mesh,100,803,1,1,1,1,0,210
single,100,804,0,2,0,0,1,100
reflection,100,804,0,4,28,27,1,128
static_team,100,804,1,1,1,1,0,202
corpus_mesh,100,804,1,2,2,2,0,214
single,100,805,0,1,0,0,1,100
reflection,100,805,0,1,30,30,1,130
static_team,100,805,1,2,2,2,0,202
corpus_mesh,100,805,1,0,0,0,0,212
single,100,806,0,1,0,0,1,100
reflection,100,806,1,1,29,29,0,129
static_team,100,806,1,1,1,1,0,201
corpus_mesh,100,806,1,2,2,2,0,217
single,100,807,1,0,0,0,0,100
reflection,100,807,0,3,25,25,1,125
static_team,100,807,1,1,1,1,0,201
corpus_mesh,100,807,1,1,1,1,0,216
single,100,808,0,2,0,0,1,100
reflection,100,808,0,3,26,26,1,126
static_team,100,808,1,0,0,0,0,200
corpus_mesh,100,808,1,2,2,2,0,213
single,100,809,0,3,0,0,1,100
reflection,100,809,0,1,27,27,1,127
static_team,100,809,1,2,2,2,0,203
corpus_mesh,100,809,0,2,2,1,1,211
single,100,810,1,0,0,0,0,100
reflection,100,810,0,2,26,26,1,126
static_team,100,810,1,0,0,0,0,201
corpus_mesh,100,810,1,2,2,2,0,214
single,100,811,0,2,0,0,1,100
reflection,100,811,1,0,26,26,0,126
static_team,100,811,1,1,1,1,0,202
corpus_mesh,100,811,1,0,0,0,0,214
single,100,812,1,0,0,0,0,100
reflection,100,812,0,2,23,23,1,123
static_team,100,812,1,1,1,1,0,202
corpus_mesh,100,812,1,0,0,0,0,213
single,100,813,0,2,0,0,1,100
reflection,100,813,0,2,30,29,1,130
static_team,100,813,1,0,0,0,0,200
corpus_mesh,100,813,1,4,4,4,0,215
single,100,814,0,1,0,0,1,100
reflection,100,814,1,0,34,34,0,134
static_team,100,814,1,3,3,3,0,204
corpus_mesh,100,814,1,2,2,2,0,222
single,100,815,0,2,0,0,1,100
reflection,100,815,0,2,21,21,1,121
static_team,100,815,1,1,1,1,0,202
corpus_mesh,100,815,1,2,2,2,0,213
single,100,816,0,2,0,0,1,100
reflection,100,816,0,1,28,25,1,128
static_team,100,816,1,2,2,2,0,202
corpus_mesh,100,816,1,0,0,0,0,204
single,100,817,1,2,0,0,0,100
reflection,100,817,0,1,35,35,1,135
static_team,100,817,1,2,2,2,0,203
corpus_mesh,100,817,1,0,0,0,0,208
single,100,818,0,1,0,0,1,100
reflection,100,818,0,2,20,19,1,120
static_team,100,818,1,0,0,0,0,202
corpus_mesh,100,818,1,2,2,2,0,216
single,100,819,1,3,0,0,0,100
reflection,100,819,0,1,25,25,1,125
static_team,100,819,1,3,3,3,0,203
corpus_mesh,100,819,1,0,0,0,0,207
single,100,820,0,3,0,0,1,100
reflection,100,820,0,2,35,33,1,135
static_team,100,820,1,0,0,0,0,201
corpus_mesh,100,820,1,1,1,1,0,213
single,100,821,0,1,0,0,1,100
reflection,100,821,0,1,31,31,1,131
static_team,100,821,1,1,1,1,0,202
corpus_mesh,100,821,1,5,5,5,0,218
single,100,822,0,1,0,0,1,100
reflection,100,822,1,0,22,22,0,122
static_team,100,822,1,0,0,0,0,200
corpus_mesh,100,822,1,2,2,2,0,211
single,100,823,1,0,0,0,0,100
reflection,100,823,0,1,35,34,1,135
static_team,100,823,0,3,3,2,1,203
corpus_mesh,100,823,1,1,1,1,0,216
single,100,824,0,1,0,0,1,100
reflection,100,824,0,1,24,23,1,124
static_team,100,824,1,1,1,1,0,202
corpus_mesh,100,824,1,3,3,3,0,223
single,100,825,1,0,0,0,0,100
reflection,100,825,0,2,33,31,1,133
static_team,100,825,1,1,1,1,0,203
corpus_mesh,100,825,1,2,2,2,0,218
single,100,826,0,1,0,0,1,100
reflection,100,826,1,2,25,25,0,125
static_team,100,826,1,4,4,4,0,206
corpus_mesh,100,826,1,0,0,0,0,221
single,100,827,1,0,0,0,0,100
reflection,100,827,0,4,18,18,1,118
static_team,100,827,0,3,2,2,1,203
corpus_mesh,100,827,1,0,0,0,0,211
single,100,828,0,1,0,0,1,100
reflection,100,828,0,3,31,30,1,131
static_team,100,828,1,2,2,2,0,204
corpus_mesh,100,828,1,1,1,1,0,219
single,100,829,0,6,0,0,1,100
reflection,100,829,0,3,24,23,1,124
static_team,100,829,1,1,1,1,0,201
corpus_mesh,100,829,1,1,1,1,0,213
single,100,830,0,2,0,0,1,100
reflection,100,830,0,0,26,24,1,126
static_team,100,830,1,4,4,4,0,204
corpus_mesh,100,830,1,1,1,1,0,208
single,100,831,0,2,0,0,1,100
reflection,100,831,0,1,23,23,1,123
static_team,100,831,1,5,5,5,0,205
corpus_mesh,100,831,1,1,1,1,0,211
single,100,832,0,1,0,0,1,100
reflection,100,832,0,5,20,20,1,120
static_team,100,832,1,0,0,0,0,200
corpus_mesh,100,832,1,1,1,1,0,210
single,100,833,0,2,0,0,1,100
reflection,100,833,1,0,27,27,0,127
static_team,100,833,1,2,2,2,0,202
corpus_mesh,100,833,1,1,1,1,0,211
single,100,834,0,4,0,0,1,100
reflection,100,834,0,0,26,25,1,126
static_team,100,834,1,2,2,2,0,202
corpus_mesh,100,834,1,1,1,1,0,208
single,100,835,0,1,0,0,1,100
reflection,100,835,0,3,41,40,1,141
static_team,100,835,1,1,1,1,0,201
corpus_mesh,100,835,1,1,1,1,0,210
single,100,836,0,1,0,0,1,100
reflection,100,836,0,3,26,26,1,126
static_team,100,836,1,1,1,1,0,203
corpus_mesh,100,836,1,2,2,2,0,211
single,100,837,0,2,0,0,1,100
reflection,100,837,0,1,26,26,1,126
static_team,100,837,1,1,1,1,0,201
corpus_mesh,100,837,1,1,1,1,0,209
single,100,838,1,0,0,0,0,100
reflection,100,838,1,1,26,26,0,126
static_team,100,838,1,2,2,2,0,202
corpus_mesh,100,838,1,3,3,3,0,216
single,100,839,0,2,0,0,1,100
reflection,100,839,0,1,22,22,1,122
static_team,100,839,0,3,3,3,1,204
corpus_mesh,100,839,1,1,1,1,0,216
single,100,840,0,3,0,0,1,100
reflection,100,840,0,2,26,26,1,126
static_team,100,840,1,6,6,6,0,206
corpus_mesh,100,840,1,3,3,3,0,213
single,100,841,1,0,0,0,0,100
reflection,100,841,1,0,21,21,0,121
static_team,100,841,1,2,2,2,0,203
corpus_mesh,100,841,1,3,3,3,0,219
single,100,842,0,1,0,0,1,100
reflection,100,842,0,2,22,22,1,122
static_team,100,842,1,2,2,2,0,202
corpus_mesh,100,842,1,0,0,0,0,220
single,100,843,1,0,0,0,0,100
reflection,100,843,0,2,26,26,1,126
static_team,100,843,1,1,1,1,0,201
corpus_mesh,100,843,1,2,2,2,0,215
single,100,844,0,3,0,0,1,100
reflection,100,844,0,2,28,28,1,128
static_team,100,844,1,0,0,0,0,200
corpus_mesh,100,844,1,0,0,0,0,224
single,100,845,0,1,0,0,1,100
reflection,100,845,1,1,28,28,0,128
static_team,100,845,1,0,0,0,0,200
corpus_mesh,100,845,1,2,2,2,0,215
single,100,846,0,3,0,0,1,100
reflection,100,846,0,1,22,22,1,122
static_team,100,846,1,1,1,1,0,201
corpus_mesh,100,846,1,1,1,1,0,213
single,100,847,1,0,0,0,0,100
reflection,100,847,0,2,28,28,1,128
static_team,100,847,1,2,2,2,0,202
corpus_mesh,100,847,1,0,0,0,0,212
single,100,848,0,1,0,0,1,100
reflection,100,848,0,4,36,35,1,136
static_team,100,848,1,0,0,0,0,201
corpus_mesh,100,848,1,1,1,1,0,216
single,100,849,0,3,0,0,1,100
reflection,100,849,0,1,31,30,1,131
static_team,100,849,1,1,1,1,0,203
corpus_mesh,100,849,1,0,0,0,0,212
single,100,850,0,2,0,0,1,100
reflection,100,850,1,0,32,32,0,132
static_team,100,850,1,1,1,1,0,202
corpus_mesh,100,850,1,3,3,3,0,211
single,100,851,0,3,0,0,1,100
reflection,100,851,0,1,27,26,1,127
static_team,100,851,1,1,1,1,0,201
corpus_mesh,100,851,1,5,5,5,0,214
single,100,852,0,4,0,0,1,100
reflection,100,852,0,0,26,25,1,126
static_team,100,852,1,2,2,2,0,202
corpus_mesh,100,852,1,0,0,0,0,210
single,100,853,0,1,0,0,1,100
reflection,100,853,0,2,29,29,1,129
static_team,100,853,1,1,1,1,0,201
corpus_mesh,100,853,1,3,3,3,0,217
single,100,854,0,3,0,0,1,100
reflection,100,854,1,1,32,32,0,132
static_team,100,854,1,2,2,2,0,203
corpus_mesh,100,854,1,1,1,1,0,218
single,100,855,0,3,0,0,1,100
reflection,100,855,0,2,27,26,1,127
static_team,100,855,1,0,0,0,0,200
corpus_mesh,100,855,1,2,2,2,0,221
single,100,856,0,1,0,0,1,100
reflection,100,856,0,1,25,25,1,125
static_team,100,856,1,2,2,2,0,202
corpus_mesh,100,856,1,5,5,5,0,222
single,100,857,0,6,0,0,1,100
reflection,100,857,0,2,32,32,1,132
static_team,100,857,1,1,1,1,0,202
corpus_mesh,100,857,1,1,1,1,0,212
single,100,858,0,1,0,0,1,100
reflection,100,858,0,1,29,29,1,129
static_team,100,858,1,2,2,2,0,203
corpus_mesh,100,858,1,4,4,4,0,216
single,100,859,0,1,0,0,1,100
reflection,100,859,0,2,26,26,1,126
static_team,100,859,1,2,2,2,0,202
corpus_mesh,100,859,1,2,2,2,0,214
single,100,860,0,3,0,0,1,100
reflection,100,860,1,0,23,23,0,123
static_team,100,860,1,2,2,2,0,203
corpus_mesh,100,860,1,1,1,1,0,211
single,100,861,0,3,0,0,1,100
reflection,100,861,0,1,31,31,1,131
static_team,100,861,1,0,0,0,0,201
corpus_mesh,100,861,1,0,0,0,0,210
single,100,862,0,4,0,0,1,100
reflection,100,862,0,1,27,27,1,127
static_team,100,862,1,0,0,0,0,202
corpus_mesh,100,862,1,2,2,2,0,217
single,100,863,0,1,0,0,1,100
reflection,100,863,1,0,35,35,0,135
static_team,100,863,0,4,4,3,1,204
corpus_mesh,100,863,1,1,1,1,0,213
single,100,864,0,1,0,0,1,100
reflection,100,864,0,4,24,24,1,124
static_team,100,864,1,4,4,4,0,204
corpus_mesh,100,864,1,2,2,2,0,220
single,100,865,0,1,0,0,1,100
reflection,100,865,0,1,21,21,1,121
static_team,100,865,1,2,2,2,0,202
corpus_mesh,100,865,1,0,0,0,0,208
single,100,866,1,0,0,0,0,100
reflection,100,866,0,1,30,29,1,130
static_team,100,866,1,0,0,0,0,200
corpus_mesh,100,866,1,6,6,6,0,222
single,100,867,0,1,0,0,1,100
reflection,100,867,0,1,25,24,1,125
static_team,100,867,1,0,0,0,0,200
corpus_mesh,100,867,1,1,1,1,0,212
single,100,868,1,0,0,0,0,100
reflection,100,868,1,0,29,29,0,129
static_team,100,868,1,2,2,2,0,202
corpus_mesh,100,868,1,0,0,0,0,211
single,100,869,1,0,0,0,0,100
reflection,100,869,0,3,32,31,1,132
static_team,100,869,1,0,0,0,0,202
corpus_mesh,100,869,1,3,3,3,0,214
single,100,870,0,1,0,0,1,100
reflection,100,870,1,0,23,23,0,123
static_team,100,870,1,1,1,1,0,202
corpus_mesh,100,870,1,1,1,1,0,212
single,100,871,0,2,0,0,1,100
reflection,100,871,0,1,38,38,1,138
static_team,100,871,1,5,5,5,0,205
corpus_mesh,100,871,1,4,4,4,0,218
single,100,872,0,1,0,0,1,100
reflection,100,872,1,0,23,23,0,123
static_team,100,872,1,2,2,2,0,202
corpus_mesh,100,872,1,2,2,2,0,212
single,100,873,0,4,0,0,1,100
reflection,100,873,0,1,32,30,1,132
static_team,100,873,0,1,1,0,1,203
corpus_mesh,100,873,1,2,2,2,0,210
single,100,874,1,0,0,0,0,100
reflection,100,874,0,1,28,28,1,128
static_team,100,874,1,1,1,1,0,203
corpus_mesh,100,874,1,0,0,0,0,209
single,100,875,0,3,0,0,1,100
reflection,100,875,0,1,26,25,1,126
static_team,100,875,1,2,2,2,0,202
corpus_mesh,100,875,1,1,1,1,0,211
single,100,876,0,1,0,0,1,100
reflection,100,876,0,3,28,27,1,128
static_team,100,876,1,0,0,0,0,200
corpus_mesh,100,876,1,0,0,0,0,215
single,100,877,0,1,0,0,1,100
reflection,100,877,0,2,28,27,1,128
static_team,100,877,1,0,0,0,0,200
corpus_mesh,100,877,1,3,3,3,0,215
single,100,878,0,1,0,0,1,100
reflection,100,878,0,2,26,26,1,126
static_team,100,878,1,1,1,1,0,201
corpus_mesh,100,878,1,2,2,2,0,220
single,100,879,1,0,0,0,0,100
reflection,100,879,0,1,28,28,1,128
static_team,100,879,1,1,1,1,0,201
corpus_mesh,100,879,1,2,2,2,0,217
single,100,880,0,2,0,0,1,100
reflection,100,880,0,3,34,33,1,134
static_team,100,880,1,1,1,1,0,201
corpus_mesh,100,880,1,3,3,3,0,215
single,100,881,0,1,0,0,1,100
reflection,100,881,0,6,28,27,1,128
static_team,100,881,1,1,1,1,0,201
corpus_mesh,100,881,1,2,2,2,0,208
single,100,882,1,0,0,0,0,100
reflection,100,882,1,0,28,28,0,128
static_team,100,882,1,1,1,1,0,201
corpus_mesh,100,882,1,4,4,4,0,217
single,100,883,0,3,0,0,1,100
reflection,100,883,0,2,24,24,1,124
static_team,100,883,1,1,1,1,0,201
corpus_mesh,100,883,1,3,3,3,0,220
single,100,884,0,2,0,0,1,100
reflection,100,884,0,2,34,33,1,134
static_team,100,884,1,1,1,1,0,202
corpus_mesh,100,884,1,1,1,0,0,217
single,100,885,1,0,0,0,0,100
reflection,100,885,0,3,30,30,1,130
static_team,100,885,1,1,1,1,0,201
corpus_mesh,100,885,1,0,0,0,0,212
single,100,886,0,5,0,0,1,100
reflection,100,886,0,1,18,18,1,118
static_team,100,886,1,2,2,2,0,202
corpus_mesh,100,886,1,2,2,2,0,213
single,100,887,1,0,0,0,0,100
reflection,100,887,0,1,23,22,1,123
static_team,100,887,1,1,1,1,0,203
corpus_mesh,100,887,1,5,5,5,0,216
single,100,888,1,0,0,0,0,100
reflection,100,888,0,2,28,28,1,128
static_team,100,888,1,3,3,3,0,203
corpus_mesh,100,888,1,0,0,0,0,208
single,100,889,0,3,0,0,1,100
reflection,100,889,0,2,25,24,1,125
static_team,100,889,1,1,1,1,0,201
corpus_mesh,100,889,1,1,1,1,0,217
single,100,890,1,0,0,0,0,100
reflection,100,890,0,6,26,26,1,126
static_team,100,890,1,3,3,3,0,203
corpus_mesh,100,890,1,2,2,2,0,219
single,100,891,1,0,0,0,0,100
reflection,100,891,0,2,20,20,1,120
static_team,100,891,1,3,3,3,0,203
corpus_mesh,100,891,1,2,2,2,0,213
single,100,892,0,2,0,0,1,100
reflection,100,892,0,3,32,32,1,132
static_team,100,892,1,0,0,0,0,200
corpus_mesh,100,892,1,2,2,2,0,214
single,100,893,0,1,0,0,1,100
reflection,100,893,0,1,23,23,1,123
static_team,100,893,1,2,2,2,0,203
corpus_mesh,100,893,1,0,0,0,0,213
single,100,894,1,0,0,0,0,100
reflection,100,894,1,0,27,27,0,127
static_team,100,894,1,0,0,0,0,200
corpus_mesh,100,894,1,2,2,2,0,221
single,100,895,0,1,0,0,1,100
reflection,100,895,0,1,28,28,1,128
static_team,100,895,1,2,2,2,0,203
corpus_mesh,100,895,1,1,1,1,0,216
single,100,896,0,4,0,0,1,100
reflection,100,896,1,1,28,28,0,128
static_team,100,896,1,1,1,1,0,201
corpus_mesh,100,896,1,4,4,4,0,218
single,100,897,0,1,0,0,1,100
reflection,100,897,0,1,30,29,1,130
static_team,100,897,1,0,0,0,0,200
corpus_mesh,100,897,1,0,0,0,0,209
single,100,898,0,2,0,0,1,100
reflection,100,898,1,0,30,30,0,130
static_team,100,898,1,1,1,1,0,202
corpus_mesh,100,898,1,2,2,2,0,214
single,100,899,0,1,0,0,1,100
reflection,100,899,0,1,26,25,1,126
static_team,100,899,1,0,0,0,0,200
corpus_mesh,100,899,1,0,0,0,0,213
single,100,900,0,1,0,0,1,100
reflection,100,900,0,0,28,27,1,128
static_team,100,900,1,3,3,3,0,203
corpus_mesh,100,900,1,2,2,2,0,214
single,100,901,0,2,0,0,1,100
reflection,100,901,0,0,33,32,1,133
static_team,100,901,1,5,5,5,0,206
corpus_mesh,100,901,1,0,0,0,0,208
single,100,902,0,2,0,0,1,100
reflection,100,902,0,2,34,34,1,134
static_team,100,902,1,0,0,0,0,202
corpus_mesh,100,902,1,1,1,1,0,215
single,100,903,1,0,0,0,0,100
reflection,100,903,0,1,28,27,1,128
static_team,100,903,1,3,3,3,0,203
corpus_mesh,100,903,1,2,2,2,0,215
single,100,904,0,3,0,0,1,100
reflection,100,904,0,2,25,25,1,125
static_team,100,904,1,1,1,1,0,202
corpus_mesh,100,904,1,0,0,0,0,209
single,100,905,0,1,0,0,1,100
reflection,100,905,0,1,26,26,1,126
static_team,100,905,1,2,2,2,0,203
corpus_mesh,100,905,0,2,2,1,1,218
single,100,906,0,1,0,0,1,100
reflection,100,906,0,1,26,25,1,126
static_team,100,906,1,5,5,5,0,205
corpus_mesh,100,906,1,2,2,2,0,218
single,100,907,0,3,0,0,1,100
reflection,100,907,0,0,20,19,1,120
static_team,100,907,1,1,1,1,0,203
corpus_mesh,100,907,1,2,2,2,0,221
single,100,908,0,3,0,0,1,100
reflection,100,908,0,2,34,33,1,134
static_team,100,908,1,4,4,4,0,205
corpus_mesh,100,908,1,2,2,2,0,212
single,100,909,0,1,0,0,1,100
reflection,100,909,0,2,22,22,1,122
static_team,100,909,1,2,2,2,0,202
corpus_mesh,100,909,1,3,3,3,0,214
single,100,910,0,1,0,0,1,100
reflection,100,910,0,2,26,26,1,126
static_team,100,910,1,1,1,1,0,201
corpus_mesh,100,910,1,0,0,0,0,210
single,100,911,1,0,0,0,0,100
reflection,100,911,1,0,22,22,0,122
static_team,100,911,1,0,0,0,0,200
corpus_mesh,100,911,1,0,0,0,0,204
single,100,912,0,1,0,0,1,100
reflection,100,912,1,1,28,28,0,128
static_team,100,912,1,2,2,2,0,203
corpus_mesh,100,912,1,1,1,1,0,215
single,100,913,0,2,0,0,1,100
reflection,100,913,0,3,29,27,1,129
static_team,100,913,1,1,1,1,0,201
corpus_mesh,100,913,1,4,4,4,0,215
single,100,914,1,0,0,0,0,100
reflection,100,914,0,4,29,29,1,129
static_team,100,914,1,2,2,2,0,204
corpus_mesh,100,914,1,1,1,1,0,212
single,100,915,0,2,0,0,1,100
reflection,100,915,1,2,29,29,0,129
static_team,100,915,1,0,0,0,0,200
corpus_mesh,100,915,1,1,1,1,0,210
single,100,916,0,3,0,0,1,100
reflection,100,916,0,0,32,31,1,132
static_team,100,916,1,6,6,6,0,207
corpus_mesh,100,916,1,1,1,1,0,215
single,100,917,0,1,0,0,1,100
reflection,100,917,0,1,31,31,1,131
static_team,100,917,1,1,1,1,0,202
corpus_mesh,100,917,1,1,1,1,0,214
single,100,918,0,3,0,0,1,100
reflection,100,918,0,3,30,30,1,130
static_team,100,918,1,0,0,0,0,201
corpus_mesh,100,918,1,0,0,0,0,214
single,100,919,0,1,0,0,1,100
reflection,100,919,1,1,27,27,0,127
static_team,100,919,1,3,3,3,0,204
corpus_mesh,100,919,1,3,3,3,0,222
single,100,920,0,3,0,0,1,100
reflection,100,920,1,1,21,21,0,121
static_team,100,920,1,1,1,1,0,201
corpus_mesh,100,920,1,4,4,4,0,220
single,100,921,0,1,0,0,1,100
reflection,100,921,0,3,28,25,1,128
static_team,100,921,1,4,4,4,0,204
corpus_mesh,100,921,1,2,2,2,0,216
single,100,922,1,0,0,0,0,100
reflection,100,922,0,1,30,29,1,130
static_team,100,922,1,2,2,2,0,202
corpus_mesh,100,922,1,0,0,0,0,211
single,100,923,0,2,0,0,1,100
reflection,100,923,1,1,22,22,0,122
static_team,100,923,1,2,2,2,0,202
corpus_mesh,100,923,1,0,0,0,0,211
single,100,924,0,2,0,0,1,100
reflection,100,924,0,2,26,26,1,126
static_team,100,924,1,0,0,0,0,200
corpus_mesh,100,924,1,2,2,2,0,218
single,100,925,0,4,0,0,1,100
reflection,100,925,0,3,31,31,1,131
static_team,100,925,1,1,1,1,0,202
corpus_mesh,100,925,1,3,3,3,0,218
single,100,926,0,2,0,0,1,100
reflection,100,926,1,1,26,26,0,126
static_team,100,926,1,0,0,0,0,200
corpus_mesh,100,926,1,1,1,1,0,217
single,100,927,0,4,0,0,1,100
reflection,100,927,1,0,28,28,0,128
static_team,100,927,1,3,3,3,0,207
corpus_mesh,100,927,1,2,2,2,0,213
single,100,928,0,4,0,0,1,100
reflection,100,928,0,1,30,30,1,130
static_team,100,928,1,2,2,2,0,202
corpus_mesh,100,928,1,1,1,1,0,212
single,100,929,0,2,0,0,1,100
reflection,100,929,0,2,27,27,1,127
static_team,100,929,1,2,2,2,0,202
corpus_mesh,100,929,1,1,1,1,0,209
single,100,930,0,2,0,0,1,100
reflection,100,930,0,1,35,35,1,135
static_team,100,930,1,3,3,3,0,203
corpus_mesh,100,930,1,0,0,0,0,212
single,100,931,0,1,0,0,1,100
reflection,100,931,0,1,30,30,1,130
static_team,100,931,1,2,2,2,0,203
corpus_mesh,100,931,1,1,1,1,0,212
single,100,932,0,5,0,0,1,100
reflection,100,932,0,1,24,23,1,124
static_team,100,932,0,4,4,3,1,204
corpus_mesh,100,932,1,2,2,2,0,214
single,100,933,1,0,0,0,0,100
reflection,100,933,0,0,21,19,1,121
static_team,100,933,1,3,3,3,0,203
corpus_mesh,100,933,1,2,2,2,0,213
single,100,934,1,0,0,0,0,100
reflection,100,934,1,1,27,27,0,127
static_team,100,934,1,1,1,1,0,201
corpus_mesh,100,934,1,0,0,0,0,207
single,100,935,0,3,0,0,1,100
reflection,100,935,1,1,36,36,0,136
static_team,100,935,0,0,0,0,1,203
corpus_mesh,100,935,1,1,1,1,0,213
single,100,936,0,3,0,0,1,100
reflection,100,936,0,2,28,28,1,128
static_team,100,936,1,2,2,2,0,202
corpus_mesh,100,936,1,1,1,1,0,214
single,100,937,1,0,0,0,0,100
reflection,100,937,1,1,32,32,0,132
static_team,100,937,0,5,4,4,1,204
corpus_mesh,100,937,0,2,1,1,1,211
single,100,938,0,1,0,0,1,100
reflection,100,938,0,4,34,34,1,134
static_team,100,938,1,0,0,0,0,201
corpus_mesh,100,938,1,3,3,3,0,216
single,100,939,0,1,0,0,1,100
reflection,100,939,0,0,28,27,1,128
static_team,100,939,1,1,1,1,0,203
corpus_mesh,100,939,1,1,1,1,0,210
single,100,940,0,2,0,0,1,100
reflection,100,940,0,3,24,24,1,124
static_team,100,940,1,2,2,2,0,202
corpus_mesh,100,940,1,2,2,2,0,218
single,100,941,1,0,0,0,0,100
reflection,100,941,0,2,29,28,1,129
static_team,100,941,1,3,3,3,0,203
corpus_mesh,100,941,1,1,1,1,0,214
single,100,942,0,1,0,0,1,100
reflection,100,942,0,0,23,22,1,123
static_team,100,942,1,2,2,2,0,202
corpus_mesh,100,942,1,0,0,0,0,210
single,100,943,0,2,0,0,1,100
reflection,100,943,0,2,36,34,1,136
static_team,100,943,1,0,0,0,0,201
corpus_mesh,100,943,1,3,3,3,0,211
single,100,944,0,2,0,0,1,100
reflection,100,944,1,0,23,23,0,123
static_team,100,944,1,2,2,2,0,203
corpus_mesh,100,944,1,0,0,0,0,212
single,100,945,0,1,0,0,1,100
reflection,100,945,0,3,29,29,1,129
static_team,100,945,1,1,1,1,0,201
corpus_mesh,100,945,1,1,1,1,0,214
single,100,946,1,0,0,0,0,100
reflection,100,946,1,1,38,38,0,138
static_team,100,946,1,4,4,4,0,204
corpus_mesh,100,946,1,0,0,0,0,208
single,100,947,0,2,0,0,1,100
reflection,100,947,1,0,30,30,0,130
static_team,100,947,1,0,0,0,0,201
corpus_mesh,100,947,1,5,5,5,0,216
single,100,948,0,4,0,0,1,100
reflection,100,948,1,1,37,37,0,137
static_team,100,948,1,2,2,2,0,202
corpus_mesh,100,948,1,0,0,0,0,211
single,100,949,0,1,0,0,1,100
reflection,100,949,0,0,27,26,1,127
static_team,100,949,1,0,0,0,0,200
corpus_mesh,100,949,0,1,0,0,1,207
single,100,950,1,0,0,0,0,100
reflection,100,950,0,3,24,24,1,124
static_team,100,950,1,2,2,2,0,203
corpus_mesh,100,950,1,4,4,4,0,221
single,100,951,0,1,0,0,1,100
reflection,100,951,0,4,26,25,1,126
static_team,100,951,1,0,0,0,0,201
corpus_mesh,100,951,1,1,1,1,0,209
single,100,952,0,1,0,0,1,100
reflection,100,952,1,0,25,25,0,125
static_team,100,952,1,1,1,1,0,201
corpus_mesh,100,952,1,2,2,2,0,219
single,100,953,0,1,0,0,1,100
reflection,100,953,0,3,32,31,1,132
static_team,100,953,1,2,2,2,0,202
corpus_mesh,100,953,1,1,1,1,0,216
single,100,954,0,1,0,0,1,100
reflection,100,954,0,1,30,30,1,130
static_team,100,954,1,0,0,0,0,200
corpus_mesh,100,954,1,1,1,1,0,213
single,100,955,0,2,0,0,1,100
reflection,100,955,0,2,33,33,1,133
static_team,100,955,1,2,2,2,0,202
corpus_mesh,100,955,1,1,1,1,0,213
single,100,956,0,1,0,0,1,100
reflection,100,956,0,4,20,19,1,120
static_team,100,956,1,2,2,2,0,204
corpus_mesh,100,956,1,1,1,1,0,215
single,100,957,0,1,0,0,1,100
reflection,100,957,0,1,23,23,1,123
static_team,100,957,1,2,2,2,0,203
corpus_mesh,100,957,1,1,1,1,0,210
single,100,958,1,0,0,0,0,100
reflection,100,958,0,4,20,20,1,120
static_team,100,958,0,2,2,1,1,202
corpus_mesh,100,958,1,1,1,1,0,216
single,100,959,0,2,0,0,1,100
reflection,100,959,0,3,28,28,1,128
static_team,100,959,1,3,3,3,0,203
corpus_mesh,100,959,1,2,2,2,0,213
single,100,960,1,0,0,0,0,100
reflection,100,960,0,0,29,27,1,129
static_team,100,960,1,0,0,0,0,201
corpus_mesh,100,960,1,4,4,4,0,215
single,100,961,0,1,0,0,1,100
reflection,100,961,0,0,28,27,1,128
static_team,100,961,1,0,0,0,0,202
corpus_mesh,100,961,1,2,2,2,0,220
single,100,962,0,1,0,0,1,100
reflection,100,962,0,2,27,27,1,127
static_team,100,962,1,1,1,1,0,201
corpus_mesh,100,962,1,1,1,1,0,224
single,100,963,1,0,0,0,0,100
reflection,100,963,1,1,32,32,0,132
static_team,100,963,1,5,5,5,0,206
corpus_mesh,100,963,1,0,0,0,0,213
single,100,964,0,3,0,0,1,100
reflection,100,964,0,3,25,25,1,125
static_team,100,964,1,1,1,1,0,202
corpus_mesh,100,964,1,1,1,1,0,209
single,100,965,0,1,0,0,1,100
reflection,100,965,1,0,36,36,0,136
static_team,100,965,1,1,1,1,0,201
corpus_mesh,100,965,1,2,2,2,0,215
single,100,966,0,2,0,0,1,100
reflection,100,966,0,5,29,28,1,129
static_team,100,966,1,1,1,1,0,202
corpus_mesh,100,966,0,2,2,1,1,218
single,100,967,0,2,0,0,1,100
reflection,100,967,0,1,24,24,1,124
static_team,100,967,1,1,1,1,0,201
corpus_mesh,100,967,1,3,3,3,0,215
single,100,968,1,0,0,0,0,100
reflection,100,968,1,0,25,25,0,125
static_team,100,968,1,0,0,0,0,200
corpus_mesh,100,968,1,0,0,0,0,215
single,100,969,0,3,0,0,1,100
reflection,100,969,0,2,31,29,1,131
static_team,100,969,1,3,3,3,0,203
corpus_mesh,100,969,1,1,1,1,0,212
single,100,970,1,0,0,0,0,100
reflection,100,970,0,2,34,34,1,134
static_team,100,970,1,4,4,4,0,204
corpus_mesh,100,970,1,1,1,1,0,216
single,100,971,0,1,0,0,1,100
reflection,100,971,0,4,26,25,1,126
static_team,100,971,1,2,2,2,0,203
corpus_mesh,100,971,1,3,3,3,0,212
single,100,972,1,0,0,0,0,100
reflection,100,972,0,0,33,31,1,133
static_team,100,972,1,0,0,0,0,200
corpus_mesh,100,972,0,0,0,0,1,223
single,100,973,0,3,0,0,1,100
reflection,100,973,0,2,36,36,1,136
static_team,100,973,1,0,0,0,0,200
corpus_mesh,100,973,1,2,2,2,0,218
single,100,974,0,1,0,0,1,100
reflection,100,974,1,0,31,31,0,131
static_team,100,974,1,2,2,2,0,203
corpus_mesh,100,974,1,1,1,1,0,207
single,100,975,0,1,0,0,1,100
reflection,100,975,0,1,30,29,1,130
static_team,100,975,1,3,3,3,0,203
corpus_mesh,100,975,1,3,3,3,0,211
single,100,976,0,4,0,0,1,100
reflection,100,976,0,1,28,28,1,128
static_team,100,976,1,1,1,1,0,201
corpus_mesh,100,976,1,3,3,3,0,211
single,100,977,0,3,0,0,1,100
reflection,100,977,0,1,31,28,1,131
static_team,100,977,1,2,2,2,0,203
corpus_mesh,100,977,1,2,2,2,0,212
single,100,978,0,2,0,0,1,100
reflection,100,978,0,3,29,29,1,129
static_team,100,978,1,1,1,1,0,201
corpus_mesh,100,978,1,2,2,2,0,214
single,100,979,0,1,0,0,1,100
reflection,100,979,0,2,28,26,1,128
static_team,100,979,1,1,1,1,0,204
corpus_mesh,100,979,1,0,0,0,0,213
single,100,980,0,4,0,0,1,100
reflection,100,980,0,1,35,32,1,135
static_team,100,980,1,0,0,0,0,201
corpus_mesh,100,980,1,3,3,3,0,219
single,100,981,0,5,0,0,1,100
reflection,100,981,0,2,28,28,1,128
static_team,100,981,1,1,1,1,0,201
corpus_mesh,100,981,1,0,0,0,0,209
single,100,982,1,0,0,0,0,100
reflection,100,982,0,4,31,31,1,131
static_team,100,982,1,2,2,2,0,202
corpus_mesh,100,982,1,0,0,0,0,210
single,100,983,0,2,0,0,1,100
reflection,100,983,0,3,26,26,1,126
static_team,100,983,1,2,2,2,0,203
corpus_mesh,100,983,1,2,2,2,0,212
single,100,984,0,2,0,0,1,100
reflection,100,984,1,1,27,27,0,127
static_team,100,984,1,0,0,0,0,200
corpus_mesh,100,984,1,2,2,2,0,214
single,100,985,0,1,0,0,1,100
reflection,100,985,1,0,31,31,0,131
static_team,100,985,1,1,1,1,0,202
corpus_mesh,100,985,1,2,2,2,0,214
single,100,986,0,1,0,0,1,100
reflection,100,986,0,2,32,32,1,132
static_team,100,986,1,1,1,1,0,202
corpus_mesh,100,986,1,1,1,1,0,207
single,100,987,0,1,0,0,1,100
reflection,100,987,0,5,26,26,1,126
static_team,100,987,1,2,2,2,0,202
corpus_mesh,100,987,1,1,1,1,0,214
single,100,988,0,2,0,0,1,100
reflection,100,988,1,0,30,30,0,130
static_team,100,988,1,3,3,3,0,203
corpus_mesh,100,988,1,1,1,1,0,215
single,100,989,0,3,0,0,1,100
reflection,100,989,0,1,29,29,1,129
static_team,100,989,1,1,1,1,0,201
corpus_mesh,100,989,1,1,1,1,0,217
single,100,990,0,6,0,0,1,100
reflection,100,990,0,0,34,32,1,134
static_team,100,990,1,2,2,2,0,202
corpus_mesh,100,990,1,3,3,3,0,213
single,100,991,0,2,0,0,1,100
reflection,100,991,0,5,30,30,1,130
static_team,100,991,1,1,1,1,0,201
corpus_mesh,100,991,1,1,1,1,0,212
single,100,992,0,2,0,0,1,100
reflection,100,992,0,2,20,20,1,120
static_team,100,992,1,0,0,0,0,201
corpus_mesh,100,992,1,2,2,2,0,216
single,100,993,0,1,0,0,1,100
reflection,100,993,1,0,21,21,0,121
static_team,100,993,1,3,3,3,0,203
corpus_mesh,100,993,1,0,0,0,0,213
single,100,994,1,0,0,0,0,100
reflection,100,994,0,1,26,25,1,126
static_team,100,994,1,0,0,0,0,201
corpus_mesh,100,994,1,2,2,2,0,212
single,100,995,1,0,0,0,0,100
reflection,100,995,0,3,32,32,1,132
static_team,100,995,1,1,1,1,0,202
corpus_mesh,100,995,1,1,1,1,0,208
single,100,996,0,1,0,0,1,100
reflection,100,996,0,3,37,36,1,137
static_team,100,996,1,0,0,0,0,200
corpus_mesh,100,996,1,1,1,1,0,221
single,100,997,0,2,0,0,1,100
reflection,100,997,1,0,27,27,0,127
static_team,100,997,1,2,2,2,0,203
corpus_mesh,100,997,1,2,2,2,0,216
single,100,998,1,0,0,0,0,100
reflection,100,998,0,1,26,24,1,126
static_team,100,998,1,0,0,0,0,200
corpus_mesh,100,998,1,1,1,1,0,210
single,100,999,0,1,0,0,1,100
reflection,100,999,1,0,25,25,0,125
static_team,100,999,1,1,1,1,0,201
corpus_mesh,100,999,1,1,1,1,0,216
single,250,0,0,3,0,0,1,250
reflection,250,0,0,9,75,74,1,325
static_team,250,0,1,3,3,3,0,504
corpus_mesh,250,0,1,6,6,6,0,539
single,250,1,0,4,0,0,1,250
reflection,250,1,0,3,73,73,1,323
static_team,250,1,1,5,5,5,0,507
corpus_mesh,250,1,1,2,2,2,0,528
single,250,2,0,3,0,0,1,250
reflection,250,2,0,5,70,69,1,320
static_team,250,2,0,3,2,2,1,502
corpus_mesh,250,2,1,3,3,3,0,533
single,250,3,0,3,0,0,1,250
reflection,250,3,0,4,62,61,1,312
static_team,250,3,1,7,7,7,0,508
corpus_mesh,250,3,0,2,2,2,1,536
single,250,4,0,6,0,0,1,250
reflection,250,4,0,5,81,80,1,331
static_team,250,4,1,3,3,3,0,504
corpus_mesh,250,4,1,6,6,6,0,540
single,250,5,0,5,0,0,1,250
reflection,250,5,0,3,66,65,1,316
static_team,250,5,0,5,5,4,1,506
corpus_mesh,250,5,1,2,2,2,0,528
single,250,6,0,3,0,0,1,250
reflection,250,6,0,3,66,65,1,316
static_team,250,6,1,6,6,6,0,508
corpus_mesh,250,6,1,1,1,1,0,541
single,250,7,0,5,0,0,1,250
reflection,250,7,0,4,73,73,1,323
static_team,250,7,1,6,6,6,0,507
corpus_mesh,250,7,1,3,3,3,0,526
single,250,8,0,1,0,0,1,250
reflection,250,8,0,2,64,64,1,314
static_team,250,8,1,2,2,2,0,504
corpus_mesh,250,8,1,7,7,7,0,542
single,250,9,0,6,0,0,1,250
reflection,250,9,0,6,65,65,1,315
static_team,250,9,1,1,1,1,0,501
corpus_mesh,250,9,1,3,3,3,0,527
single,250,10,0,4,0,0,1,250
reflection,250,10,0,6,78,77,1,328
static_team,250,10,0,6,6,5,1,506
corpus_mesh,250,10,1,3,3,3,0,527
single,250,11,0,2,0,0,1,250
reflection,250,11,0,3,71,71,1,321
static_team,250,11,1,3,3,3,0,503
corpus_mesh,250,11,1,4,4,4,0,540
single,250,12,0,3,0,0,1,250
reflection,250,12,0,5,64,61,1,314
static_team,250,12,1,6,6,6,0,506
corpus_mesh,250,12,1,5,5,5,0,528
single,250,13,0,3,0,0,1,250
reflection,250,13,0,3,59,59,1,309
static_team,250,13,1,0,0,0,0,502
corpus_mesh,250,13,1,7,7,7,0,536
single,250,14,0,7,0,0,1,250
reflection,250,14,0,9,70,69,1,320
static_team,250,14,1,2,2,2,0,503
corpus_mesh,250,14,1,4,4,4,0,535
single,250,15,0,4,0,0,1,250
reflection,250,15,0,3,75,75,1,325
static_team,250,15,0,4,4,3,1,504
corpus_mesh,250,15,0,3,3,2,1,533
single,250,16,0,5,0,0,1,250
reflection,250,16,0,5,82,82,1,332
static_team,250,16,1,8,8,8,0,510
corpus_mesh,250,16,1,6,6,6,0,541
single,250,17,0,6,0,0,1,250
reflection,250,17,0,5,65,64,1,315
static_team,250,17,1,2,2,2,0,503
corpus_mesh,250,17,0,3,3,2,1,533
single,250,18,0,6,0,0,1,250
reflection,250,18,0,2,68,67,1,318
static_team,250,18,0,4,4,3,1,504
corpus_mesh,250,18,1,5,5,5,0,538
single,250,19,0,3,0,0,1,250
reflection,250,19,0,3,69,69,1,319
static_team,250,19,1,6,6,6,0,507
corpus_mesh,250,19,1,3,3,3,0,537
single,250,20,0,7,0,0,1,250
reflection,250,20,0,5,69,68,1,319
static_team,250,20,1,4,4,4,0,507
corpus_mesh,250,20,1,5,5,5,0,535
single,250,21,0,3,0,0,1,250
reflection,250,21,0,2,72,71,1,322
static_team,250,21,1,3,3,3,0,503
corpus_mesh,250,21,1,6,6,6,0,529
single,250,22,0,4,0,0,1,250
reflection,250,22,0,4,69,68,1,319
static_team,250,22,1,6,6,6,0,506
corpus_mesh,250,22,1,4,4,4,0,526
single,250,23,0,5,0,0,1,250
reflection,250,23,0,4,73,72,1,323
static_team,250,23,1,1,1,1,0,502
corpus_mesh,250,23,1,5,5,5,0,539
single,250,24,0,5,0,0,1,250
reflection,250,24,0,3,77,77,1,327
static_team,250,24,1,8,8,8,0,511
corpus_mesh,250,24,1,3,3,3,0,528
single,250,25,0,2,0,0,1,250
reflection,250,25,0,6,66,66,1,316
static_team,250,25,1,3,3,3,0,505
corpus_mesh,250,25,1,1,1,1,0,530
single,250,26,0,4,0,0,1,250
reflection,250,26,0,6,58,58,1,308
static_team,250,26,0,4,4,3,1,504
corpus_mesh,250,26,1,2,2,2,0,530
single,250,27,0,3,0,0,1,250
reflection,250,27,0,4,71,69,1,321
static_team,250,27,1,3,3,3,0,505
corpus_mesh,250,27,1,3,3,3,0,540
single,250,28,0,2,0,0,1,250
reflection,250,28,0,6,66,64,1,316
static_team,250,28,1,4,4,4,0,504
corpus_mesh,250,28,1,4,4,4,0,528
single,250,29,0,6,0,0,1,250
reflection,250,29,0,4,63,62,1,313
static_team,250,29,1,6,6,6,0,509
corpus_mesh,250,29,1,2,2,2,0,533
single,250,30,0,1,0,0,1,250
reflection,250,30,0,4,58,57,1,308
static_team,250,30,1,5,5,5,0,505
corpus_mesh,250,30,1,5,5,5,0,543
single,250,31,0,3,0,0,1,250
reflection,250,31,0,8,69,69,1,319
static_team,250,31,1,4,4,4,0,505
corpus_mesh,250,31,1,2,2,2,0,532
single,250,32,0,6,0,0,1,250
reflection,250,32,0,4,71,70,1,321
static_team,250,32,1,1,1,1,0,503
corpus_mesh,250,32,1,5,5,5,0,546
single,250,33,0,3,0,0,1,250
reflection,250,33,0,3,51,51,1,301
static_team,250,33,1,5,5,5,0,507
corpus_mesh,250,33,1,0,0,0,0,528
single,250,34,0,5,0,0,1,250
reflection,250,34,0,3,76,75,1,326
static_team,250,34,0,3,3,2,1,508
corpus_mesh,250,34,1,4,4,4,0,529
single,250,35,0,4,0,0,1,250
reflection,250,35,0,6,61,59,1,311
static_team,250,35,1,2,2,2,0,503
corpus_mesh,250,35,1,4,4,4,0,538
single,250,36,0,5,0,0,1,250
reflection,250,36,0,5,83,83,1,333
static_team,250,36,1,3,3,3,0,503
corpus_mesh,250,36,1,0,0,0,0,531
single,250,37,0,2,0,0,1,250
reflection,250,37,0,6,65,65,1,315
static_team,250,37,1,2,2,2,0,503
corpus_mesh,250,37,1,1,1,1,0,528
single,250,38,0,6,0,0,1,250
reflection,250,38,0,4,81,80,1,331
static_team,250,38,0,2,2,1,1,504
corpus_mesh,250,38,1,3,3,3,0,538
single,250,39,0,1,0,0,1,250
reflection,250,39,0,4,65,64,1,315
static_team,250,39,1,4,4,4,0,505
corpus_mesh,250,39,1,3,3,3,0,532
single,250,40,0,1,0,0,1,250
reflection,250,40,0,4,62,61,1,312
static_team,250,40,1,4,4,4,0,504
corpus_mesh,250,40,1,4,4,4,0,528
single,250,41,0,8,0,0,1,250
reflection,250,41,0,4,68,68,1,318
static_team,250,41,1,2,2,2,0,504
corpus_mesh,250,41,1,1,1,1,0,532
single,250,42,0,4,0,0,1,250
reflection,250,42,0,7,72,72,1,322
static_team,250,42,1,1,1,1,0,501
corpus_mesh,250,42,1,4,4,4,0,531
single,250,43,0,3,0,0,1,250
reflection,250,43,1,1,83,83,0,333
static_team,250,43,1,4,4,4,0,507
corpus_mesh,250,43,1,7,7,7,0,544
single,250,44,0,7,0,0,1,250
reflection,250,44,0,4,63,61,1,313
static_team,250,44,1,2,2,2,0,503
corpus_mesh,250,44,1,4,4,4,0,539
single,250,45,0,2,0,0,1,250
reflection,250,45,0,7,77,75,1,327
static_team,250,45,1,6,6,6,0,506
corpus_mesh,250,45,1,3,3,3,0,535
single,250,46,0,6,0,0,1,250
reflection,250,46,0,4,76,76,1,326
static_team,250,46,1,2,2,2,0,502
corpus_mesh,250,46,1,7,7,7,0,539
single,250,47,0,5,0,0,1,250
reflection,250,47,0,4,74,74,1,324
static_team,250,47,1,1,1,1,0,502
corpus_mesh,250,47,1,3,3,3,0,545
single,250,48,0,1,0,0,1,250
reflection,250,48,0,1,59,57,1,309
static_team,250,48,1,6,6,6,0,508
corpus_mesh,250,48,1,4,4,4,0,535
single,250,49,0,3,0,0,1,250
reflection,250,49,0,3,67,65,1,317
static_team,250,49,1,3,3,3,0,503
corpus_mesh,250,49,1,7,7,7,0,553
single,250,50,0,2,0,0,1,250
reflection,250,50,0,3,67,67,1,317
static_team,250,50,1,6,6,6,0,507
corpus_mesh,250,50,1,5,5,5,0,535
single,250,51,0,6,0,0,1,250
reflection,250,51,0,5,65,64,1,315
static_team,250,51,1,2,2,2,0,502
corpus_mesh,250,51,1,6,6,6,0,544
single,250,52,0,4,0,0,1,250
reflection,250,52,0,2,71,69,1,321
static_team,250,52,1,3,3,3,0,504
corpus_mesh,250,52,0,5,5,4,1,539
single,250,53,0,1,0,0,1,250
reflection,250,53,0,8,73,73,1,323
static_team,250,53,1,2,2,2,0,502
corpus_mesh,250,53,1,2,2,2,0,538
single,250,54,0,4,0,0,1,250
reflection,250,54,0,4,83,81,1,333
static_team,250,54,1,6,6,6,0,507
corpus_mesh,250,54,1,1,1,1,0,531
single,250,55,0,4,0,0,1,250
reflection,250,55,0,5,71,70,1,321
static_team,250,55,1,2,2,2,0,505
corpus_mesh,250,55,1,2,2,2,0,545
single,250,56,0,1,0,0,1,250
reflection,250,56,0,6,67,66,1,317
static_team,250,56,1,1,1,1,0,504
corpus_mesh,250,56,1,4,4,4,0,528
single,250,57,0,2,0,0,1,250
reflection,250,57,0,8,83,83,1,333
static_team,250,57,1,3,3,3,0,505
corpus_mesh,250,57,0,5,5,4,1,531
single,250,58,0,3,0,0,1,250
reflection,250,58,0,2,65,64,1,315
static_team,250,58,1,7,7,7,0,507
corpus_mesh,250,58,1,4,4,4,0,530
single,250,59,0,3,0,0,1,250
reflection,250,59,0,1,80,78,1,330
static_team,250,59,1,3,3,3,0,505
corpus_mesh,250,59,1,8,8,8,0,549
single,250,60,0,4,0,0,1,250
reflection,250,60,0,7,70,68,1,320
static_team,250,60,1,3,3,3,0,503
corpus_mesh,250,60,1,6,6,6,0,540
single,250,61,0,4,0,0,1,250
reflection,250,61,0,4,69,67,1,319
static_team,250,61,1,4,4,4,0,507
corpus_mesh,250,61,1,4,4,4,0,540
single,250,62,0,5,0,0,1,250
reflection,250,62,0,6,78,78,1,328
static_team,250,62,1,5,5,5,0,505
corpus_mesh,250,62,1,2,2,2,0,520
single,250,63,0,5,0,0,1,250
reflection,250,63,1,0,66,66,0,316
static_team,250,63,1,7,7,7,0,508
corpus_mesh,250,63,1,7,7,7,0,546
single,250,64,0,2,0,0,1,250
reflection,250,64,0,2,70,70,1,320
static_team,250,64,0,4,4,3,2,506
corpus_mesh,250,64,1,4,4,4,0,527
single,250,65,0,6,0,0,1,250
reflection,250,65,0,3,63,62,1,313
static_team,250,65,1,6,6,6,0,506
corpus_mesh,250,65,1,5,5,5,0,538
single,250,66,0,8,0,0,1,250
reflection,250,66,0,7,75,73,1,325
static_team,250,66,1,6,6,6,0,506
corpus_mesh,250,66,1,4,4,4,0,530
single,250,67,0,3,0,0,1,250
reflection,250,67,0,2,69,68,1,319
static_team,250,67,1,3,3,3,0,505
corpus_mesh,250,67,1,2,2,2,0,526
single,250,68,0,1,0,0,1,250
reflection,250,68,0,4,77,75,1,327
static_team,250,68,1,5,5,5,0,506
corpus_mesh,250,68,1,4,4,4,0,533
single,250,69,0,4,0,0,1,250
reflection,250,69,0,4,72,69,1,322
static_team,250,69,1,3,3,3,0,503
corpus_mesh,250,69,1,3,3,3,0,537
single,250,70,0,4,0,0,1,250
reflection,250,70,0,3,69,68,1,319
static_team,250,70,1,5,5,5,0,506
corpus_mesh,250,70,1,1,1,1,0,530
single,250,71,0,4,0,0,1,250
reflection,250,71,0,4,60,59,1,310
static_team,250,71,1,6,6,6,0,507
corpus_mesh,250,71,1,1,1,1,0,522
single,250,72,0,3,0,0,1,250
reflection,250,72,0,8,65,62,1,315
static_team,250,72,1,4,4,4,0,505
corpus_mesh,250,72,1,5,5,5,0,538
single,250,73,0,1,0,0,1,250
reflection,250,73,0,1,73,72,1,323
static_team,250,73,1,5,5,5,0,505
corpus_mesh,250,73,1,6,6,6,0,539
single,250,74,0,8,0,0,1,250
reflection,250,74,0,7,76,75,1,326
static_team,250,74,1,3,3,3,0,506
corpus_mesh,250,74,1,4,4,4,0,527
single,250,75,0,3,0,0,1,250
reflection,250,75,0,4,67,67,1,317
static_team,250,75,1,1,1,1,0,505
corpus_mesh,250,75,1,3,3,3,0,525
single,250,76,0,4,0,0,1,250
reflection,250,76,0,6,71,71,1,321
static_team,250,76,1,2,2,2,0,505
corpus_mesh,250,76,1,5,5,4,0,539
single,250,77,0,2,0,0,1,250
reflection,250,77,0,3,71,70,1,321
static_team,250,77,1,3,3,3,0,504
corpus_mesh,250,77,1,5,5,5,0,535
single,250,78,0,2,0,0,1,250
reflection,250,78,0,3,68,67,1,318
static_team,250,78,1,4,4,4,0,506
corpus_mesh,250,78,1,6,6,6,0,536
single,250,79,0,3,0,0,1,250
reflection,250,79,0,4,75,71,1,325
static_team,250,79,1,2,2,2,0,502
corpus_mesh,250,79,0,6,5,5,1,537
single,250,80,0,4,0,0,1,250
reflection,250,80,0,6,67,66,1,317
static_team,250,80,1,5,5,5,0,506
corpus_mesh,250,80,1,0,0,0,0,527
single,250,81,0,3,0,0,1,250
reflection,250,81,0,2,77,75,1,327
static_team,250,81,1,2,2,2,0,503
corpus_mesh,250,81,1,2,2,2,0,539
single,250,82,0,4,0,0,1,250
reflection,250,82,0,3,64,64,1,314
static_team,250,82,1,5,5,5,0,505
corpus_mesh,250,82,1,3,3,3,0,535
single,250,83,0,4,0,0,1,250
reflection,250,83,0,2,72,68,1,322
static_team,250,83,1,0,0,0,0,501
corpus_mesh,250,83,1,2,2,2,0,525
single,250,84,0,2,0,0,1,250
reflection,250,84,0,1,68,66,1,318
static_team,250,84,0,8,8,7,1,509
corpus_mesh,250,84,1,6,6,6,0,538
single,250,85,0,3,0,0,1,250
reflection,250,85,1,2,76,76,0,326
static_team,250,85,1,4,4,4,0,505
corpus_mesh,250,85,1,4,4,4,0,529
single,250,86,0,5,0,0,1,250
reflection,250,86,0,4,71,70,1,321
static_team,250,86,1,0,0,0,0,503
corpus_mesh,250,86,1,4,4,4,0,542
single,250,87,0,6,0,0,1,250
reflection,250,87,0,2,72,70,1,322
static_team,250,87,1,1,1,1,0,502
corpus_mesh,250,87,1,4,4,4,0,528
single,250,88,0,7,0,0,1,250
reflection,250,88,0,1,63,61,1,313
static_team,250,88,1,3,3,3,0,504
corpus_mesh,250,88,0,7,6,6,1,539
single,250,89,0,3,0,0,1,250
reflection,250,89,0,3,69,68,1,319
static_team,250,89,1,3,3,3,0,503
corpus_mesh,250,89,1,4,4,4,0,536
single,250,90,0,5,0,0,1,250
reflection,250,90,0,4,60,58,1,310
static_team,250,90,1,4,4,4,0,504
corpus_mesh,250,90,1,7,7,7,0,541
single,250,91,0,5,0,0,1,250
reflection,250,91,0,3,76,75,1,326
static_team,250,91,1,1,1,1,0,506
corpus_mesh,250,91,1,5,5,5,0,532
single,250,92,0,4,0,0,1,250
reflection,250,92,0,0,78,76,1,328
static_team,250,92,1,4,4,4,0,504
corpus_mesh,250,92,0,3,2,2,1,540
single,250,93,0,5,0,0,1,250
reflection,250,93,0,4,75,73,1,325
static_team,250,93,1,7,7,7,0,507
corpus_mesh,250,93,1,2,2,2,0,533
single,250,94,0,4,0,0,1,250
reflection,250,94,1,3,67,67,0,317
static_team,250,94,1,4,4,4,0,507
corpus_mesh,250,94,1,1,1,1,0,533
single,250,95,0,1,0,0,1,250
reflection,250,95,0,5,54,53,1,304
static_team,250,95,1,3,3,3,0,505
corpus_mesh,250,95,1,1,1,1,0,538
single,250,96,0,4,0,0,1,250
reflection,250,96,1,2,59,59,0,309
static_team,250,96,1,7,7,7,0,509
corpus_mesh,250,96,1,2,2,2,0,533
single,250,97,0,2,0,0,1,250
reflection,250,97,0,3,87,87,1,337
static_team,250,97,1,3,3,3,0,503
corpus_mesh,250,97,1,4,4,4,0,538
single,250,98,0,2,0,0,1,250
reflection,250,98,0,6,62,62,1,312
static_team,250,98,1,4,4,4,0,504
corpus_mesh,250,98,1,3,3,3,0,542
single,250,99,1,2,0,0,0,250
reflection,250,99,0,5,74,73,1,324
static_team,250,99,1,7,7,7,0,509
corpus_mesh,250,99,1,5,5,5,0,537
single,250,100,0,9,0,0,1,250
reflection,250,100,0,4,96,94,1,346
static_team,250,100,1,5,5,5,0,506
corpus_mesh,250,100,1,9,9,9,0,540
single,250,101,0,3,0,0,1,250
reflection,250,101,0,2,69,67,1,319
static_team,250,101,1,6,6,6,0,508
corpus_mesh,250,101,1,3,3,3,0,530
single,250,102,0,2,0,0,1,250
reflection,250,102,0,3,71,71,1,321
static_team,250,102,1,5,5,5,0,505
corpus_mesh,250,102,1,2,2,2,0,549
single,250,103,0,4,0,0,1,250
reflection,250,103,0,1,68,67,1,318
static_team,250,103,1,2,2,2,0,504
corpus_mesh,250,103,1,5,5,5,0,531
single,250,104,0,6,0,0,1,250
reflection,250,104,0,4,70,68,1,320
static_team,250,104,1,1,1,1,0,501
corpus_mesh,250,104,1,7,7,7,0,539
single,250,105,0,4,0,0,1,250
reflection,250,105,0,2,76,75,1,326
static_team,250,105,1,2,2,2,0,502
corpus_mesh,250,105,1,4,4,4,0,546
single,250,106,0,3,0,0,1,250
reflection,250,106,1,1,62,62,0,312
static_team,250,106,1,4,4,4,0,505
corpus_mesh,250,106,1,2,2,2,0,536
single,250,107,0,3,0,0,1,250
reflection,250,107,0,1,76,73,1,326
static_team,250,107,1,5,5,5,0,508
corpus_mesh,250,107,1,4,4,4,0,531
single,250,108,0,1,0,0,1,250
reflection,250,108,0,8,69,69,1,319
static_team,250,108,1,4,4,4,0,505
corpus_mesh,250,108,1,3,3,3,0,545
single,250,109,0,4,0,0,1,250
reflection,250,109,0,3,66,66,1,316
static_team,250,109,0,8,8,7,1,508
corpus_mesh,250,109,1,3,3,3,0,538
single,250,110,0,6,0,0,1,250
reflection,250,110,0,4,78,77,1,328
static_team,250,110,1,2,2,2,0,503
corpus_mesh,250,110,1,3,3,3,0,520
single,250,111,0,3,0,0,1,250
reflection,250,111,0,4,60,60,1,310
static_team,250,111,1,4,4,4,0,507
corpus_mesh,250,111,1,3,3,3,0,528
single,250,112,0,6,0,0,1,250
reflection,250,112,0,6,56,55,1,306
static_team,250,112,0,2,2,2,1,507
corpus_mesh,250,112,1,4,4,4,0,542
single,250,113,0,2,0,0,1,250
reflection,250,113,0,7,64,62,1,314
static_team,250,113,1,6,6,6,0,509
corpus_mesh,250,113,1,2,2,2,0,526
single,250,114,0,8,0,0,1,250
reflection,250,114,0,4,64,64,1,314
static_team,250,114,1,4,4,4,0,505
corpus_mesh,250,114,1,3,3,3,0,542
single,250,115,0,3,0,0,1,250
reflection,250,115,0,7,80,78,1,330
static_team,250,115,1,5,5,5,0,505
corpus_mesh,250,115,1,2,2,2,0,528
single,250,116,0,4,0,0,1,250
reflection,250,116,0,7,61,61,1,311
static_team,250,116,1,4,4,4,0,506
corpus_mesh,250,116,1,0,0,0,0,533
single,250,117,0,5,0,0,1,250
reflection,250,117,0,3,68,67,1,318
static_team,250,117,1,2,2,2,0,504
corpus_mesh,250,117,1,2,2,2,0,522
single,250,118,0,3,0,0,1,250
reflection,250,118,1,5,65,65,0,315
static_team,250,118,1,4,4,4,0,504
corpus_mesh,250,118,1,2,2,2,0,534
single,250,119,0,2,0,0,1,250
reflection,250,119,0,3,91,90,1,341
static_team,250,119,1,3,3,3,0,503
corpus_mesh,250,119,1,6,6,6,0,533
single,250,120,0,4,0,0,1,250
reflection,250,120,0,7,65,64,1,315
static_team,250,120,1,1,1,1,0,504
corpus_mesh,250,120,1,4,4,4,0,546
single,250,121,0,2,0,0,1,250
reflection,250,121,0,6,65,64,1,315
static_team,250,121,1,1,1,1,0,501
corpus_mesh,250,121,1,4,4,4,0,528
single,250,122,0,4,0,0,1,250
reflection,250,122,0,3,74,73,1,324
static_team,250,122,1,5,5,5,0,506
corpus_mesh,250,122,1,4,4,4,0,534
single,250,123,0,4,0,0,1,250
reflection,250,123,0,4,82,80,1,332
static_team,250,123,1,6,6,6,0,509
corpus_mesh,250,123,1,5,5,5,0,533
single,250,124,0,3,0,0,1,250
reflection,250,124,0,2,65,64,1,315
static_team,250,124,1,4,4,4,0,506
corpus_mesh,250,124,1,3,3,3,0,523
single,250,125,0,5,0,0,1,250
reflection,250,125,0,2,70,69,1,320
static_team,250,125,1,3,3,3,0,506
corpus_mesh,250,125,1,1,1,1,0,522
single,250,126,0,5,0,0,1,250
reflection,250,126,0,2,59,59,1,309
static_team,250,126,1,5,5,5,0,506
corpus_mesh,250,126,1,6,6,6,0,541
single,250,127,0,5,0,0,1,250
reflection,250,127,0,2,69,68,1,319
static_team,250,127,0,5,5,4,1,505
corpus_mesh,250,127,0,4,4,3,1,528
single,250,128,0,4,0,0,1,250
reflection,250,128,0,5,70,70,1,320
static_team,250,128,1,6,6,6,0,507
corpus_mesh,250,128,1,2,2,2,0,536
single,250,129,0,4,0,0,1,250
reflection,250,129,0,2,62,60,1,312
static_team,250,129,1,6,6,6,0,508
corpus_mesh,250,129,1,2,2,2,0,540
single,250,130,0,4,0,0,1,250
reflection,250,130,0,6,72,71,1,322
static_team,250,130,1,0,0,0,0,500
corpus_mesh,250,130,1,7,7,7,0,539
single,250,131,0,6,0,0,1,250
reflection,250,131,0,3,73,73,1,323
static_team,250,131,1,2,2,2,0,503
corpus_mesh,250,131,1,2,2,2,0,537
single,250,132,0,4,0,0,1,250
reflection,250,132,0,5,73,72,1,323
static_team,250,132,0,3,2,2,1,503
corpus_mesh,250,132,1,3,3,3,0,545
single,250,133,0,3,0,0,1,250
reflection,250,133,1,1,63,63,0,313
static_team,250,133,1,2,2,2,0,504
corpus_mesh,250,133,1,3,3,3,0,524
single,250,134,0,3,0,0,1,250
reflection,250,134,0,7,77,74,1,327
static_team,250,134,0,6,6,5,1,507
corpus_mesh,250,134,1,2,2,2,0,537
single,250,135,0,6,0,0,1,250
reflection,250,135,0,5,63,62,1,313
static_team,250,135,1,4,4,4,0,505
corpus_mesh,250,135,1,3,3,3,0,530
single,250,136,0,2,0,0,1,250
reflection,250,136,0,1,61,59,1,311
static_team,250,136,1,4,4,4,0,505
corpus_mesh,250,136,1,2,2,2,0,532
single,250,137,0,5,0,0,1,250
reflection,250,137,0,0,72,71,1,322
static_team,250,137,1,4,4,4,0,505
corpus_mesh,250,137,1,1,1,1,0,538
single,250,138,0,4,0,0,1,250
reflection,250,138,0,2,72,69,1,322
static_team,250,138,0,7,7,6,1,509
corpus_mesh,250,138,1,1,1,1,0,528
single,250,139,0,5,0,0,1,250
reflection,250,139,0,3,63,62,1,313
static_team,250,139,1,4,4,4,0,506
corpus_mesh,250,139,1,4,4,4,0,531
single,250,140,0,3,0,0,1,250
reflection,250,140,0,4,74,73,1,324
static_team,250,140,1,7,7,7,0,508
corpus_mesh,250,140,1,7,7,7,0,535
single,250,141,0,4,0,0,1,250
reflection,250,141,0,1,71,69,1,321
static_team,250,141,1,5,5,5,0,506
corpus_mesh,250,141,1,3,3,3,0,532
single,250,142,0,2,0,0,1,250
reflection,250,142,0,6,65,65,1,315
static_team,250,142,0,3,3,2,1,504
corpus_mesh,250,142,1,2,2,2,0,532
single,250,143,1,0,0,0,0,250
reflection,250,143,0,4,80,75,1,330
static_team,250,143,1,5,5,5,0,505
corpus_mesh,250,143,1,3,3,3,0,530
single,250,144,0,5,0,0,1,250
reflection,250,144,0,4,83,82,1,333
static_team,250,144,1,1,1,1,0,502
corpus_mesh,250,144,1,3,3,3,0,532
single,250,145,0,7,0,0,1,250
reflection,250,145,0,3,58,58,1,308
static_team,250,145,1,1,1,1,0,502
corpus_mesh,250,145,1,3,3,3,0,546
single,250,146,0,4,0,0,1,250
reflection,250,146,0,7,47,46,1,297
static_team,250,146,1,2,2,2,0,503
corpus_mesh,250,146,1,5,5,5,0,539
single,250,147,0,3,0,0,1,250
reflection,250,147,0,4,75,73,1,325
static_team,250,147,1,4,4,4,0,505
corpus_mesh,250,147,0,8,8,7,1,539
single,250,148,0,3,0,0,1,250
reflection,250,148,0,5,51,51,1,301
static_team,250,148,1,3,3,3,0,503
corpus_mesh,250,148,1,5,5,5,0,533
single,250,149,0,4,0,0,1,250
reflection,250,149,0,6,61,60,1,311
static_team,250,149,1,5,5,5,0,505
corpus_mesh,250,149,1,4,4,4,0,542
single,250,150,0,3,0,0,1,250
reflection,250,150,0,5,60,60,1,310
static_team,250,150,1,9,9,9,0,509
corpus_mesh,250,150,1,3,3,3,0,535
single,250,151,0,5,0,0,1,250
reflection,250,151,0,7,72,71,1,322
static_team,250,151,1,3,3,3,0,504
corpus_mesh,250,151,1,3,3,3,0,529
single,250,152,0,3,0,0,1,250
reflection,250,152,0,3,67,65,1,317
static_team,250,152,0,2,2,1,1,503
corpus_mesh,250,152,1,4,4,4,0,545
single,250,153,0,7,0,0,1,250
reflection,250,153,0,2,75,75,1,325
static_team,250,153,1,10,10,10,0,513
corpus_mesh,250,153,1,3,3,3,0,538
single,250,154,0,3,0,0,1,250
reflection,250,154,0,3,62,60,1,312
static_team,250,154,1,7,7,7,0,508
corpus_mesh,250,154,1,3,3,3,0,528
single,250,155,0,5,0,0,1,250
reflection,250,155,0,2,58,58,1,308
static_team,250,155,1,4,4,4,0,506
corpus_mesh,250,155,1,3,3,3,0,538
single,250,156,0,6,0,0,1,250
reflection,250,156,0,4,66,65,1,316
static_team,250,156,1,2,2,2,0,504
corpus_mesh,250,156,1,6,6,6,0,531
single,250,157,0,6,0,0,1,250
reflection,250,157,0,4,68,66,1,318
static_team,250,157,1,4,4,4,0,505
corpus_mesh,250,157,1,3,3,3,0,550
single,250,158,0,2,0,0,1,250
reflection,250,158,0,6,73,73,1,323
static_team,250,158,1,3,3,3,0,503
corpus_mesh,250,158,1,1,1,1,0,531
single,250,159,0,1,0,0,1,250
reflection,250,159,0,5,66,63,1,316
static_team,250,159,1,3,3,3,0,504
corpus_mesh,250,159,1,2,2,2,0,527
single,250,160,0,6,0,0,1,250
reflection,250,160,0,4,55,55,1,305
static_team,250,160,1,3,3,3,0,503
corpus_mesh,250,160,0,5,5,4,1,538
single,250,161,0,3,0,0,1,250
reflection,250,161,0,5,68,68,1,318
static_team,250,161,1,3,3,3,0,503
corpus_mesh,250,161,0,4,4,3,1,537
single,250,162,0,6,0,0,1,250
reflection,250,162,0,2,69,69,1,319
static_team,250,162,1,4,4,4,0,504
corpus_mesh,250,162,1,5,5,4,0,538
single,250,163,1,0,0,0,0,250
reflection,250,163,0,6,70,70,1,320
static_team,250,163,1,2,2,2,0,503
corpus_mesh,250,163,1,9,9,9,0,539
single,250,164,0,2,0,0,1,250
reflection,250,164,0,3,74,72,1,324
static_team,250,164,1,3,3,3,0,503
corpus_mesh,250,164,1,1,1,1,0,528
single,250,165,0,4,0,0,1,250
reflection,250,165,0,5,62,61,1,312
static_team,250,165,1,2,2,2,0,503
corpus_mesh,250,165,1,4,4,4,0,544
single,250,166,0,8,0,0,1,250
reflection,250,166,0,2,77,75,1,327
static_team,250,166,1,0,0,0,0,501
corpus_mesh,250,166,0,5,5,4,1,532
single,250,167,0,2,0,0,1,250
reflection,250,167,0,2,78,78,1,328
static_team,250,167,1,4,4,4,0,505
corpus_mesh,250,167,1,3,3,3,0,532
single,250,168,0,4,0,0,1,250
reflection,250,168,0,5,72,72,1,322
static_team,250,168,1,2,2,2,0,505
corpus_mesh,250,168,1,2,2,2,0,528
single,250,169,0,6,0,0,1,250
reflection,250,169,0,3,70,68,1,320
static_team,250,169,1,6,6,6,0,506
corpus_mesh,250,169,1,3,3,3,0,529
single,250,170,0,4,0,0,1,250
reflection,250,170,0,0,69,68,1,319
static_team,250,170,1,4,4,4,0,505
corpus_mesh,250,170,1,4,4,4,0,538
single,250,171,0,3,0,0,1,250
reflection,250,171,0,1,68,67,1,318
static_team,250,171,1,4,4,4,0,506
corpus_mesh,250,171,0,6,6,5,1,536
single,250,172,0,6,0,0,1,250
reflection,250,172,0,5,66,64,1,316
static_team,250,172,1,4,4,4,0,504
corpus_mesh,250,172,1,3,3,3,0,529
single,250,173,0,1,0,0,1,250
reflection,250,173,0,4,76,74,1,326
static_team,250,173,1,5,5,5,0,505
corpus_mesh,250,173,1,4,4,4,0,528
single,250,174,0,8,0,0,1,250
reflection,250,174,0,3,68,66,1,318
static_team,250,174,1,3,3,3,0,503
corpus_mesh,250,174,1,3,3,3,0,531
single,250,175,0,3,0,0,1,250
reflection,250,175,0,1,59,57,1,309
static_team,250,175,1,1,1,1,0,502
corpus_mesh,250,175,1,4,4,4,0,547
single,250,176,0,4,0,0,1,250
reflection,250,176,0,6,71,71,1,321
static_team,250,176,1,6,6,6,0,508
corpus_mesh,250,176,1,0,0,0,0,521
single,250,177,0,3,0,0,1,250
reflection,250,177,0,5,65,65,1,315
static_team,250,177,1,4,4,4,0,504
corpus_mesh,250,177,1,1,1,1,0,534
single,250,178,0,4,0,0,1,250
reflection,250,178,0,5,65,63,1,315
static_team,250,178,1,2,2,2,0,503
corpus_mesh,250,178,1,5,5,5,0,536
single,250,179,0,6,0,0,1,250
reflection,250,179,0,6,83,82,1,333
static_team,250,179,1,2,2,2,0,503
corpus_mesh,250,179,1,5,5,5,0,531
single,250,180,0,5,0,0,1,250
reflection,250,180,0,0,62,61,1,312
static_team,250,180,1,7,7,7,0,508
corpus_mesh,250,180,1,4,4,4,0,533
single,250,181,0,4,0,0,1,250
reflection,250,181,0,3,71,71,1,321
static_team,250,181,1,2,2,2,0,503
corpus_mesh,250,181,1,1,1,1,0,534
single,250,182,0,1,0,0,1,250
reflection,250,182,0,2,77,72,1,327
static_team,250,182,1,3,3,3,0,503
corpus_mesh,250,182,1,1,1,1,0,537
single,250,183,0,5,0,0,1,250
reflection,250,183,0,3,68,67,1,318
static_team,250,183,1,3,3,3,0,503
corpus_mesh,250,183,1,1,1,1,0,534
single,250,184,0,3,0,0,1,250
reflection,250,184,0,6,63,63,1,313
static_team,250,184,1,2,2,2,0,502
corpus_mesh,250,184,1,3,3,3,0,531
single,250,185,0,2,0,0,1,250
reflection,250,185,0,6,75,75,1,325
static_team,250,185,1,3,3,3,0,503
corpus_mesh,250,185,1,3,3,3,0,535
single,250,186,0,3,0,0,1,250
reflection,250,186,0,3,76,73,1,326
static_team,250,186,1,2,2,2,0,502
corpus_mesh,250,186,1,3,3,3,0,524
single,250,187,0,2,0,0,1,250
reflection,250,187,0,5,67,67,1,317
static_team,250,187,1,1,1,1,0,505
corpus_mesh,250,187,1,5,5,5,0,542
single,250,188,0,2,0,0,1,250
reflection,250,188,0,6,70,69,1,320
static_team,250,188,1,1,1,1,0,501
corpus_mesh,250,188,1,4,4,4,0,529
single,250,189,0,4,0,0,1,250
reflection,250,189,0,5,80,77,1,330
static_team,250,189,1,4,4,4,0,505
corpus_mesh,250,189,1,4,4,4,0,536
single,250,190,0,4,0,0,1,250
reflection,250,190,0,5,80,77,1,330
static_team,250,190,1,7,7,7,0,507
corpus_mesh,250,190,1,1,1,1,0,528
single,250,191,1,2,0,0,0,250
reflection,250,191,0,4,65,63,1,315
static_team,250,191,1,3,3,3,0,503
corpus_mesh,250,191,1,6,6,6,0,545
single,250,192,0,1,0,0,1,250
reflection,250,192,0,5,67,67,1,317
static_team,250,192,1,2,2,2,0,502
corpus_mesh,250,192,0,5,4,4,1,545
single,250,193,0,4,0,0,1,250
reflection,250,193,0,5,66,66,1,316
static_team,250,193,1,3,3,3,0,503
corpus_mesh,250,193,1,1,1,1,0,530
single,250,194,0,2,0,0,1,250
reflection,250,194,0,0,60,59,1,310
static_team,250,194,1,3,3,3,0,506
corpus_mesh,250,194,1,4,4,4,0,528
single,250,195,0,6,0,0,1,250
reflection,250,195,0,1,68,67,1,318
static_team,250,195,1,3,3,3,0,506
corpus_mesh,250,195,1,4,4,4,0,530
single,250,196,0,2,0,0,1,250
reflection,250,196,1,2,68,68,0,318
static_team,250,196,1,5,5,5,0,508
corpus_mesh,250,196,1,3,3,3,0,539
single,250,197,0,1,0,0,1,250
reflection,250,197,0,4,66,65,1,316
static_team,250,197,1,8,8,8,0,510
corpus_mesh,250,197,1,4,4,4,0,530
single,250,198,0,6,0,0,1,250
reflection,250,198,0,2,71,69,1,321
static_team,250,198,1,5,5,5,0,506
corpus_mesh,250,198,1,3,3,3,0,537
single,250,199,0,3,0,0,1,250
reflection,250,199,0,5,54,52,1,304
static_team,250,199,1,4,4,4,0,505
corpus_mesh,250,199,1,7,7,7,0,534
single,250,200,0,6,0,0,1,250
reflection,250,200,0,9,65,64,1,315
static_team,250,200,1,3,3,3,0,504
corpus_mesh,250,200,1,5,5,5,0,539
single,250,201,0,2,0,0,1,250
reflection,250,201,0,3,74,74,1,324
static_team,250,201,0,3,3,2,1,505
corpus_mesh,250,201,1,6,6,6,0,541
single,250,202,0,3,0,0,1,250
reflection,250,202,0,2,67,67,1,317
static_team,250,202,1,6,6,6,0,506
corpus_mesh,250,202,1,3,3,3,0,533
single,250,203,0,2,0,0,1,250
reflection,250,203,0,9,77,75,1,327
static_team,250,203,1,3,3,3,0,503
corpus_mesh,250,203,1,4,4,4,0,538
single,250,204,0,6,0,0,1,250
reflection,250,204,0,7,60,59,1,310
static_team,250,204,1,3,3,3,0,506
corpus_mesh,250,204,1,2,2,2,0,528
single,250,205,0,2,0,0,1,250
reflection,250,205,0,5,75,75,1,325
static_team,250,205,1,3,3,3,0,505
corpus_mesh,250,205,1,3,3,3,0,533
single,250,206,0,1,0,0,1,250
reflection,250,206,0,3,63,63,1,313
static_team,250,206,0,6,6,5,1,506
corpus_mesh,250,206,1,7,7,7,0,548
single,250,207,0,3,0,0,1,250
reflection,250,207,0,4,71,70,1,321
static_team,250,207,1,2,2,2,0,504
corpus_mesh,250,207,0,3,2,2,1,531
single,250,208,0,7,0,0,1,250
reflection,250,208,0,2,69,68,1,319
static_team,250,208,1,1,1,1,0,503
corpus_mesh,250,208,1,7,7,7,0,538
single,250,209,0,3,0,0,1,250
reflection,250,209,0,4,70,70,1,320
static_team,250,209,1,2,2,2,0,503
corpus_mesh,250,209,1,3,3,3,0,534
single,250,210,0,3,0,0,1,250
reflection,250,210,0,2,59,58,1,309
static_team,250,210,1,5,5,5,0,507
corpus_mesh,250,210,1,0,0,0,0,527
single,250,211,0,4,0,0,1,250
reflection,250,211,0,2,67,64,1,317
static_team,250,211,1,4,4,4,0,506
corpus_mesh,250,211,1,3,3,3,0,528
single,250,212,0,5,0,0,1,250
reflection,250,212,0,5,72,72,1,322
static_team,250,212,0,5,5,4,1,506
corpus_mesh,250,212,1,3,3,3,0,537
single,250,213,0,7,0,0,1,250
reflection,250,213,0,2,77,76,1,327
static_team,250,213,1,2,2,2,0,502
corpus_mesh,250,213,1,2,2,2,0,530
single,250,214,0,4,0,0,1,250
reflection,250,214,0,6,78,77,1,328
static_team,250,214,1,1,1,1,0,503
corpus_mesh,250,214,1,1,1,1,0,531
single,250,215,0,6,0,0,1,250
reflection,250,215,0,3,82,82,1,332
static_team,250,215,1,4,4,4,0,507
corpus_mesh,250,215,1,3,3,3,0,536
single,250,216,0,6,0,0,1,250
reflection,250,216,0,1,48,48,1,298
static_team,250,216,1,5,5,5,0,505
corpus_mesh,250,216,1,3,3,3,0,529
single,250,217,0,3,0,0,1,250
reflection,250,217,0,3,78,76,1,328
static_team,250,217,1,3,3,3,0,504
corpus_mesh,250,217,1,1,1,1,0,534
single,250,218,0,5,0,0,1,250
reflection,250,218,0,3,84,83,1,334
static_team,250,218,1,2,2,2,0,502
corpus_mesh,250,218,1,3,3,3,0,533
single,250,219,0,3,0,0,1,250
reflection,250,219,0,7,76,74,1,326
static_team,250,219,1,3,3,3,0,509
corpus_mesh,250,219,1,4,4,4,0,532
single,250,220,0,5,0,0,1,250
reflection,250,220,0,5,65,64,1,315
static_team,250,220,1,4,4,4,0,505
corpus_mesh,250,220,1,4,4,4,0,533
single,250,221,0,6,0,0,1,250
reflection,250,221,0,2,63,61,1,313
static_team,250,221,1,6,6,6,0,509
corpus_mesh,250,221,1,0,0,0,0,530
single,250,222,0,4,0,0,1,250
reflection,250,222,1,5,71,71,0,321
static_team,250,222,1,3,3,3,0,503
corpus_mesh,250,222,1,2,2,2,0,527
single,250,223,0,5,0,0,1,250
reflection,250,223,0,5,73,73,1,323
static_team,250,223,1,4,4,4,0,505
corpus_mesh,250,223,1,4,4,4,0,539
single,250,224,0,3,0,0,1,250
reflection,250,224,0,3,58,58,1,308
static_team,250,224,1,3,3,3,0,504
corpus_mesh,250,224,1,2,2,2,0,530
single,250,225,0,1,0,0,1,250
reflection,250,225,0,2,75,73,1,325
static_team,250,225,1,4,4,4,0,505
corpus_mesh,250,225,1,5,5,5,0,532
single,250,226,0,2,0,0,1,250
reflection,250,226,0,6,73,72,1,323
static_team,250,226,1,0,0,0,0,502
corpus_mesh,250,226,1,3,3,3,0,529
single,250,227,0,3,0,0,1,250
reflection,250,227,0,2,74,72,1,324
static_team,250,227,1,1,1,1,0,503
corpus_mesh,250,227,1,2,2,2,0,534
single,250,228,0,4,0,0,1,250
reflection,250,228,0,3,65,65,1,315
static_team,250,228,1,5,5,5,0,506
corpus_mesh,250,228,1,0,0,0,0,520
single,250,229,0,2,0,0,1,250
reflection,250,229,0,3,64,64,1,314
static_team,250,229,1,5,5,5,0,505
corpus_mesh,250,229,1,2,2,2,0,528
single,250,230,0,5,0,0,1,250
reflection,250,230,0,7,60,59,1,310
static_team,250,230,1,4,4,4,0,507
corpus_mesh,250,230,1,4,4,4,0,544
single,250,231,0,2,0,0,1,250
reflection,250,231,1,2,67,67,0,317
static_team,250,231,1,1,1,1,0,502
corpus_mesh,250,231,1,5,5,5,0,543
single,250,232,0,5,0,0,1,250
reflection,250,232,0,4,62,62,1,312
static_team,250,232,1,1,1,1,0,501
corpus_mesh,250,232,1,2,2,2,0,531
single,250,233,1,0,0,0,0,250
reflection,250,233,0,3,67,65,1,317
static_team,250,233,1,1,1,1,0,503
corpus_mesh,250,233,1,2,2,2,0,536
single,250,234,0,8,0,0,1,250
reflection,250,234,0,5,85,85,1,335
static_team,250,234,1,3,3,3,0,503
corpus_mesh,250,234,1,2,2,2,0,529
single,250,235,0,4,0,0,1,250
reflection,250,235,0,2,67,66,1,317
static_team,250,235,0,3,2,2,1,503
corpus_mesh,250,235,1,5,5,5,0,528
single,250,236,1,0,0,0,0,250
reflection,250,236,0,2,75,75,1,325
static_team,250,236,1,3,3,3,0,503
corpus_mesh,250,236,0,3,3,2,1,522
single,250,237,0,1,0,0,1,250
reflection,250,237,0,3,71,71,1,321
static_team,250,237,1,5,5,5,0,506
corpus_mesh,250,237,1,1,1,1,0,524
single,250,238,0,3,0,0,1,250
reflection,250,238,0,0,67,65,1,317
static_team,250,238,1,4,4,4,0,505
corpus_mesh,250,238,1,3,3,3,0,543
single,250,239,0,3,0,0,1,250
reflection,250,239,0,3,84,81,1,334
static_team,250,239,1,4,4,4,0,508
corpus_mesh,250,239,1,3,3,3,0,537
single,250,240,0,4,0,0,1,250
reflection,250,240,0,6,63,61,1,313
static_team,250,240,1,1,1,1,0,501
corpus_mesh,250,240,1,11,11,11,0,546
single,250,241,0,1,0,0,1,250
reflection,250,241,1,3,79,78,0,329
static_team,250,241,1,6,6,6,0,509
corpus_mesh,250,241,1,4,4,4,0,538
single,250,242,0,4,0,0,1,250
reflection,250,242,0,2,74,74,1,324
static_team,250,242,1,5,5,5,0,508
corpus_mesh,250,242,1,2,2,2,0,534
single,250,243,0,7,0,0,1,250
reflection,250,243,0,5,59,59,1,309
static_team,250,243,1,1,1,1,0,505
corpus_mesh,250,243,1,4,4,4,0,531
single,250,244,0,4,0,0,1,250
reflection,250,244,0,2,59,57,1,309
static_team,250,244,1,4,4,4,0,505
corpus_mesh,250,244,1,2,2,2,0,530
single,250,245,0,3,0,0,1,250
reflection,250,245,0,3,81,81,1,331
static_team,250,245,1,4,4,4,0,506
corpus_mesh,250,245,1,4,4,4,0,525
single,250,246,0,7,0,0,1,250
reflection,250,246,0,6,69,68,1,319
static_team,250,246,1,3,3,3,0,504
corpus_mesh,250,246,1,1,1,1,0,520
single,250,247,0,3,0,0,1,250
reflection,250,247,0,9,64,64,1,314
static_team,250,247,1,4,4,4,0,507
corpus_mesh,250,247,1,4,4,4,0,536
single,250,248,0,4,0,0,1,250
reflection,250,248,0,4,68,67,1,318
static_team,250,248,1,3,3,3,0,504
corpus_mesh,250,248,1,2,2,2,0,534
single,250,249,0,7,0,0,1,250
reflection,250,249,0,4,75,75,1,325
static_team,250,249,1,7,7,7,0,508
corpus_mesh,250,249,0,7,7,6,1,540
single,250,250,0,5,0,0,1,250
reflection,250,250,0,4,66,66,1,316
static_team,250,250,1,5,5,5,0,506
corpus_mesh,250,250,1,4,4,4,0,535
single,250,251,0,6,0,0,1,250
reflection,250,251,0,2,69,68,1,319
static_team,250,251,1,6,6,6,0,508
corpus_mesh,250,251,1,4,4,4,0,536
single,250,252,0,5,0,0,1,250
reflection,250,252,0,6,66,65,1,316
static_team,250,252,1,3,3,3,0,504
corpus_mesh,250,252,1,3,3,3,0,545
single,250,253,0,2,0,0,1,250
reflection,250,253,0,5,75,74,1,325
static_team,250,253,1,4,4,4,0,507
corpus_mesh,250,253,1,7,7,6,0,532
single,250,254,0,1,0,0,1,250
reflection,250,254,0,4,66,65,1,316
static_team,250,254,1,2,2,2,0,504
corpus_mesh,250,254,1,5,5,5,0,541
single,250,255,0,2,0,0,1,250
reflection,250,255,0,3,67,67,1,317
static_team,250,255,1,3,3,3,0,503
corpus_mesh,250,255,1,2,2,2,0,531
single,250,256,0,4,0,0,1,250
reflection,250,256,0,7,76,76,1,326
static_team,250,256,1,7,7,7,0,507
corpus_mesh,250,256,1,6,6,6,0,538
single,250,257,0,5,0,0,1,250
reflection,250,257,0,4,63,63,1,313
static_team,250,257,1,3,3,3,0,503
corpus_mesh,250,257,1,2,2,2,0,535
single,250,258,0,4,0,0,1,250
reflection,250,258,0,4,54,54,1,304
static_team,250,258,1,7,7,7,0,507
corpus_mesh,250,258,1,5,5,5,0,536
single,250,259,0,8,0,0,1,250
reflection,250,259,0,3,64,64,1,314
static_team,250,259,1,3,3,3,0,505
corpus_mesh,250,259,1,3,3,3,0,531
single,250,260,0,2,0,0,1,250
reflection,250,260,0,6,62,62,1,312
static_team,250,260,1,0,0,0,0,500
corpus_mesh,250,260,1,6,6,6,0,537
single,250,261,0,4,0,0,1,250
reflection,250,261,0,2,67,65,1,317
static_team,250,261,1,3,3,3,0,503
corpus_mesh,250,261,1,4,4,4,0,531
single,250,262,0,2,0,0,1,250
reflection,250,262,0,6,71,71,1,321
static_team,250,262,1,3,3,3,0,504
corpus_mesh,250,262,1,3,3,3,0,534
single,250,263,0,6,0,0,1,250
reflection,250,263,0,4,68,68,1,318
static_team,250,263,1,2,2,2,0,504
corpus_mesh,250,263,1,8,8,8,0,542
single,250,264,0,4,0,0,1,250
reflection,250,264,0,2,60,59,1,310
static_team,250,264,1,1,1,1,0,502
corpus_mesh,250,264,1,6,6,6,0,535
single,250,265,0,5,0,0,1,250
reflection,250,265,0,4,62,62,1,312
static_team,250,265,1,3,3,3,0,504
corpus_mesh,250,265,1,6,6,6,0,534
single,250,266,0,4,0,0,1,250
reflection,250,266,0,5,74,74,1,324
static_team,250,266,1,3,3,3,0,503
corpus_mesh,250,266,1,8,8,8,0,546
single,250,267,0,2,0,0,1,250
reflection,250,267,0,4,75,75,1,325
static_team,250,267,1,1,1,1,0,501
corpus_mesh,250,267,1,1,1,1,0,527
single,250,268,0,4,0,0,1,250
reflection,250,268,0,3,73,73,1,323
static_team,250,268,1,3,3,3,0,505
corpus_mesh,250,268,1,4,4,4,0,538
single,250,269,0,3,0,0,1,250
reflection,250,269,0,2,68,67,1,318
static_team,250,269,1,4,4,4,0,505
corpus_mesh,250,269,1,4,4,4,0,532
single,250,270,0,1,0,0,1,250
reflection,250,270,0,2,57,54,1,307
static_team,250,270,1,4,4,4,0,504
corpus_mesh,250,270,1,3,3,3,0,536
single,250,271,0,1,0,0,1,250
reflection,250,271,0,6,73,73,1,323
static_team,250,271,1,0,0,0,0,500
corpus_mesh,250,271,1,3,3,3,0,536
single,250,272,0,5,0,0,1,250
reflection,250,272,0,5,70,70,1,320
static_team,250,272,1,2,2,2,0,502
corpus_mesh,250,272,1,2,2,2,0,527
single,250,273,0,6,0,0,1,250
reflection,250,273,0,3,76,75,1,326
static_team,250,273,1,4,4,4,0,505
corpus_mesh,250,273,1,2,2,2,0,522
single,250,274,0,4,0,0,1,250
reflection,250,274,0,3,57,57,1,307
static_team,250,274,1,2,2,2,0,503
corpus_mesh,250,274,1,3,3,3,0,541
single,250,275,0,3,0,0,1,250
reflection,250,275,0,2,74,71,1,324
static_team,250,275,1,5,5,5,0,510
corpus_mesh,250,275,1,2,2,2,0,534
single,250,276,0,5,0,0,1,250
reflection,250,276,0,2,67,67,1,317
static_team,250,276,0,3,3,2,1,504
corpus_mesh,250,276,1,5,5,5,0,531
single,250,277,0,5,0,0,1,250
reflection,250,277,0,1,61,61,1,311
static_team,250,277,1,5,5,5,0,505
corpus_mesh,250,277,0,4,4,3,1,542
single,250,278,0,6,0,0,1,250
reflection,250,278,0,4,64,62,1,314
static_team,250,278,1,0,0,0,0,503
corpus_mesh,250,278,1,4,4,4,0,532
single,250,279,0,6,0,0,1,250
reflection,250,279,0,5,68,67,1,318
static_team,250,279,1,2,2,2,0,504
corpus_mesh,250,279,1,5,5,5,0,538
single,250,280,1,0,0,0,0,250
reflection,250,280,0,3,60,58,1,310
static_team,250,280,0,4,4,3,1,506
corpus_mesh,250,280,1,7,7,7,0,539
single,250,281,0,2,0,0,1,250
reflection,250,281,1,1,67,67,0,317
static_team,250,281,1,5,5,5,0,505
corpus_mesh,250,281,1,3,3,3,0,533
single,250,282,0,3,0,0,1,250
reflection,250,282,0,1,79,78,1,329
static_team,250,282,1,2,2,2,0,504
corpus_mesh,250,282,1,4,4,4,0,531
single,250,283,0,2,0,0,1,250
reflection,250,283,1,1,67,67,0,317
static_team,250,283,1,2,2,2,0,505
corpus_mesh,250,283,1,1,1,1,0,524
single,250,284,0,6,0,0,1,250
reflection,250,284,0,3,87,83,1,337
static_team,250,284,1,2,2,2,0,503
corpus_mesh,250,284,1,4,4,4,0,542
single,250,285,0,4,0,0,1,250
reflection,250,285,0,5,69,69,1,319
static_team,250,285,1,5,5,5,0,506
corpus_mesh,250,285,1,7,7,7,0,540
single,250,286,0,4,0,0,1,250
reflection,250,286,0,3,66,65,1,316
static_team,250,286,1,3,3,3,0,504
corpus_mesh,250,286,1,4,4,4,0,539
single,250,287,0,4,0,0,1,250
reflection,250,287,0,5,65,64,1,315
static_team,250,287,1,1,1,1,0,504
corpus_mesh,250,287,1,2,2,2,0,532
single,250,288,0,7,0,0,1,250
reflection,250,288,0,3,69,66,1,319
static_team,250,288,1,3,3,3,0,505
corpus_mesh,250,288,1,4,4,4,0,542
single,250,289,0,4,0,0,1,250
reflection,250,289,0,2,76,74,1,326
static_team,250,289,1,3,3,3,0,504
corpus_mesh,250,289,1,5,5,5,0,543
single,250,290,0,7,0,0,1,250
reflection,250,290,0,1,64,63,1,314
static_team,250,290,0,11,11,10,1,511
corpus_mesh,250,290,1,4,4,4,0,534
single,250,291,0,5,0,0,1,250
reflection,250,291,0,8,76,74,1,326
static_team,250,291,1,4,4,4,0,504
corpus_mesh,250,291,1,4,4,4,0,532
single,250,292,0,3,0,0,1,250
reflection,250,292,0,5,78,76,1,328
static_team,250,292,1,2,2,2,0,507
corpus_mesh,250,292,1,4,4,4,0,528
single,250,293,0,5,0,0,1,250
reflection,250,293,0,2,69,69,1,319
static_team,250,293,0,4,4,3,1,506
corpus_mesh,250,293,1,0,0,0,0,525
single,250,294,0,1,0,0,1,250
reflection,250,294,0,4,74,73,1,324
static_team,250,294,1,2,2,2,0,503
corpus_mesh,250,294,1,4,4,4,0,531
single,250,295,0,1,0,0,1,250
reflection,250,295,0,4,75,74,1,325
static_team,250,295,1,4,4,4,0,505
corpus_mesh,250,295,1,8,8,8,0,545
single,250,296,1,2,0,0,0,250
reflection,250,296,0,4,68,68,1,318
static_team,250,296,1,1,1,1,0,501
corpus_mesh,250,296,0,6,6,6,1,542
single,250,297,0,4,0,0,1,250
reflection,250,297,0,3,63,61,1,313
static_team,250,297,1,4,4,4,0,508
corpus_mesh,250,297,1,4,4,4,0,541
single,250,298,0,3,0,0,1,250
reflection,250,298,0,2,72,71,1,322
static_team,250,298,1,2,2,2,0,504
corpus_mesh,250,298,0,1,1,1,1,525
single,250,299,1,5,0,0,0,250
reflection,250,299,0,7,77,76,1,327
static_team,250,299,1,7,7,7,0,507
corpus_mesh,250,299,1,4,4,4,0,530
single,250,300,0,9,0,0,1,250
reflection,250,300,0,4,61,60,1,311
static_team,250,300,1,4,4,4,0,507
corpus_mesh,250,300,1,4,4,4,0,533
single,250,301,0,3,0,0,1,250
reflection,250,301,0,7,84,84,1,334
static_team,250,301,1,4,4,4,0,504
corpus_mesh,250,301,1,3,3,3,0,526
single,250,302,0,2,0,0,1,250
reflection,250,302,0,6,68,66,1,318
static_team,250,302,1,3,3,3,0,504
corpus_mesh,250,302,1,6,6,6,0,529
single,250,303,0,10,0,0,1,250
reflection,250,303,0,4,74,73,1,324
static_team,250,303,1,7,7,7,0,509
corpus_mesh,250,303,1,4,4,4,0,532
single,250,304,0,7,0,0,1,250
reflection,250,304,0,2,73,73,1,323
static_team,250,304,1,5,5,5,0,507
corpus_mesh,250,304,0,6,6,4,2,538
single,250,305,0,4,0,0,1,250
reflection,250,305,0,1,71,68,1,321
static_team,250,305,1,2,2,2,0,502
corpus_mesh,250,305,1,2,2,2,0,531
single,250,306,0,2,0,0,1,250
reflection,250,306,0,4,68,65,1,318
static_team,250,306,1,6,6,6,0,507
corpus_mesh,250,306,1,7,7,7,0,542
single,250,307,0,4,0,0,1,250
reflection,250,307,0,3,60,60,1,310
static_team,250,307,1,2,2,2,0,503
corpus_mesh,250,307,1,1,1,1,0,526
single,250,308,0,3,0,0,1,250
reflection,250,308,0,4,78,74,1,328
static_team,250,308,1,5,5,5,0,506
corpus_mesh,250,308,1,6,6,6,0,538
single,250,309,0,3,0,0,1,250
reflection,250,309,0,2,81,80,1,331
static_team,250,309,0,3,3,2,1,506
corpus_mesh,250,309,1,2,2,2,0,531
single,250,310,0,3,0,0,1,250
reflection,250,310,0,1,64,63,1,314
static_team,250,310,0,6,6,5,1,506
corpus_mesh,250,310,1,4,4,4,0,537
single,250,311,0,3,0,0,1,250
reflection,250,311,0,5,66,66,1,316
static_team,250,311,1,3,3,3,0,508
corpus_mesh,250,311,1,2,2,2,0,529
single,250,312,0,4,0,0,1,250
reflection,250,312,0,3,74,72,1,324
static_team,250,312,1,3,3,3,0,503
corpus_mesh,250,312,1,8,8,8,0,539
single,250,313,0,2,0,0,1,250
reflection,250,313,0,2,76,76,1,326
static_team,250,313,0,8,8,7,1,508
corpus_mesh,250,313,1,10,10,10,0,545
single,250,314,0,3,0,0,1,250
reflection,250,314,0,0,75,74,1,325
static_team,250,314,1,6,6,6,0,507
corpus_mesh,250,314,0,3,2,2,1,536
single,250,315,0,2,0,0,1,250
reflection,250,315,0,3,74,73,1,324
static_team,250,315,0,6,6,4,2,507
corpus_mesh,250,315,1,4,4,4,0,535
single,250,316,1,0,0,0,0,250
reflection,250,316,0,4,76,75,1,326
static_team,250,316,1,7,7,7,0,508
corpus_mesh,250,316,1,2,2,2,0,545
single,250,317,0,4,0,0,1,250
reflection,250,317,0,1,84,84,1,334
static_team,250,317,1,1,1,1,0,502
corpus_mesh,250,317,1,6,6,6,0,535
single,250,318,0,2,0,0,1,250
reflection,250,318,1,4,70,70,0,320
static_team,250,318,1,4,4,4,0,506
corpus_mesh,250,318,1,5,5,5,0,537
single,250,319,0,6,0,0,1,250
reflection,250,319,0,4,64,63,1,314
static_team,250,319,1,4,4,4,0,505
corpus_mesh,250,319,1,4,4,4,0,526
single,250,320,0,4,0,0,1,250
reflection,250,320,0,4,75,75,1,325
static_team,250,320,0,3,3,3,1,505
corpus_mesh,250,320,0,3,2,2,1,519
single,250,321,0,4,0,0,1,250
reflection,250,321,1,0,76,76,0,326
static_team,250,321,1,3,3,3,0,504
corpus_mesh,250,321,1,1,1,1,0,527
single,250,322,0,4,0,0,1,250
reflection,250,322,0,2,71,69,1,321
static_team,250,322,1,2,2,2,0,502
corpus_mesh,250,322,1,3,3,3,0,547
single,250,323,0,5,0,0,1,250
reflection,250,323,0,4,71,71,1,321
static_team,250,323,1,2,2,2,0,502
corpus_mesh,250,323,1,6,6,6,0,540
single,250,324,0,3,0,0,1,250
reflection,250,324,0,3,68,68,1,318
static_team,250,324,1,3,3,3,0,505
corpus_mesh,250,324,1,1,1,1,0,528
single,250,325,0,1,0,0,1,250
reflection,250,325,0,6,62,61,1,312
static_team,250,325,1,2,2,2,0,502
corpus_mesh,250,325,1,1,1,1,0,529
single,250,326,0,6,0,0,1,250
reflection,250,326,0,1,70,68,1,320
static_team,250,326,1,5,5,5,0,507
corpus_mesh,250,326,1,6,6,6,0,543
single,250,327,0,4,0,0,1,250
reflection,250,327,0,7,69,69,1,319
static_team,250,327,1,4,4,4,0,506
corpus_mesh,250,327,1,1,1,1,0,530
single,250,328,0,2,0,0,1,250
reflection,250,328,0,1,67,67,1,317
static_team,250,328,1,4,4,4,0,506
corpus_mesh,250,328,1,3,3,3,0,535
single,250,329,0,2,0,0,1,250
reflection,250,329,0,1,72,70,1,322
static_team,250,329,1,5,5,5,0,506
corpus_mesh,250,329,1,4,4,4,0,538
single,250,330,0,7,0,0,1,250
reflection,250,330,0,4,70,70,1,320
static_team,250,330,1,7,7,7,0,509
corpus_mesh,250,330,1,3,3,3,0,537
single,250,331,0,2,0,0,1,250
reflection,250,331,0,5,76,76,1,326
static_team,250,331,1,3,3,3,0,503
corpus_mesh,250,331,1,4,4,3,0,534
single,250,332,0,3,0,0,1,250
reflection,250,332,0,3,75,74,1,325
static_team,250,332,1,4,4,4,0,504
corpus_mesh,250,332,1,7,7,7,0,532
single,250,333,0,3,0,0,1,250
reflection,250,333,0,4,65,65,1,315
static_team,250,333,1,1,1,1,0,503
corpus_mesh,250,333,1,0,0,0,0,528
single,250,334,0,2,0,0,1,250
reflection,250,334,0,3,78,78,1,328
static_team,250,334,1,4,4,4,0,506
corpus_mesh,250,334,1,4,4,4,0,530
single,250,335,0,3,0,0,1,250
reflection,250,335,0,4,66,64,1,316
static_team,250,335,0,7,7,6,1,508
corpus_mesh,250,335,1,3,3,3,0,532
single,250,336,0,2,0,0,1,250
reflection,250,336,0,5,57,57,1,307
static_team,250,336,1,4,4,4,0,507
corpus_mesh,250,336,1,6,6,6,0,547
single,250,337,0,1,0,0,1,250
reflection,250,337,1,1,60,60,0,310
static_team,250,337,1,2,2,2,0,505
corpus_mesh,250,337,1,4,4,4,0,538
single,250,338,0,1,0,0,1,250
reflection,250,338,0,3,72,71,1,322
static_team,250,338,1,4,4,4,0,505
corpus_mesh,250,338,1,1,1,1,0,532
single,250,339,0,4,0,0,1,250
reflection,250,339,0,2,68,67,1,318
static_team,250,339,1,5,5,5,0,505
corpus_mesh,250,339,1,0,0,0,0,522
single,250,340,0,7,0,0,1,250
reflection,250,340,0,10,77,75,1,327
static_team,250,340,1,4,4,4,0,509
corpus_mesh,250,340,1,3,3,3,0,534
single,250,341,0,3,0,0,1,250
reflection,250,341,0,4,68,67,1,318
static_team,250,341,1,4,4,4,0,505
corpus_mesh,250,341,1,2,2,2,0,530
single,250,342,0,2,0,0,1,250
reflection,250,342,0,2,53,51,1,303
static_team,250,342,1,4,4,4,0,505
corpus_mesh,250,342,1,1,1,1,0,528
single,250,343,0,3,0,0,1,250
reflection,250,343,0,2,62,59,1,312
static_team,250,343,1,0,0,0,0,504
corpus_mesh,250,343,1,3,3,3,0,534
single,250,344,0,3,0,0,1,250
reflection,250,344,0,3,70,70,1,320
static_team,250,344,1,4,4,4,0,504
corpus_mesh,250,344,1,4,4,4,0,536
single,250,345,0,3,0,0,1,250
reflection,250,345,0,4,77,77,1,327
static_team,250,345,0,8,7,7,1,507
corpus_mesh,250,345,1,3,3,3,0,535
single,250,346,0,5,0,0,1,250
reflection,250,346,0,2,76,74,1,326
static_team,250,346,1,6,6,6,0,509
corpus_mesh,250,346,1,4,4,4,0,538
single,250,347,0,8,0,0,1,250
reflection,250,347,0,7,73,73,1,323
static_team,250,347,1,4,4,4,0,505
corpus_mesh,250,347,1,4,4,4,0,529
single,250,348,0,5,0,0,1,250
reflection,250,348,0,5,76,76,1,326
static_team,250,348,1,1,1,1,0,501
corpus_mesh,250,348,1,4,4,4,0,537
single,250,349,0,4,0,0,1,250
reflection,250,349,0,7,62,61,1,312
static_team,250,349,1,4,4,4,0,504
corpus_mesh,250,349,1,5,5,4,0,538
single,250,350,0,3,0,0,1,250
reflection,250,350,0,5,77,76,1,327
static_team,250,350,1,4,4,4,0,508
corpus_mesh,250,350,1,6,6,6,0,531
single,250,351,0,3,0,0,1,250
reflection,250,351,0,1,75,72,1,325
static_team,250,351,1,3,3,3,0,503
corpus_mesh,250,351,1,0,0,0,0,525
single,250,352,0,6,0,0,1,250
reflection,250,352,0,4,73,73,1,323
static_team,250,352,1,6,6,6,0,506
corpus_mesh,250,352,1,4,4,4,0,530
single,250,353,0,3,0,0,1,250
reflection,250,353,0,6,60,59,1,310
static_team,250,353,1,4,4,4,0,507
corpus_mesh,250,353,1,8,8,8,0,540
single,250,354,0,3,0,0,1,250
reflection,250,354,0,5,63,61,1,313
static_team,250,354,1,6,6,6,0,507
corpus_mesh,250,354,1,5,5,5,0,538
single,250,355,0,3,0,0,1,250
reflection,250,355,0,2,71,70,1,321
static_team,250,355,1,2,2,2,0,503
corpus_mesh,250,355,1,4,4,4,0,544
single,250,356,0,6,0,0,1,250
reflection,250,356,0,5,74,72,1,324
static_team,250,356,1,7,7,7,0,507
corpus_mesh,250,356,1,1,1,1,0,532
single,250,357,0,2,0,0,1,250
reflection,250,357,0,3,58,57,1,308
static_team,250,357,1,1,1,1,0,502
corpus_mesh,250,357,1,3,3,3,0,544
single,250,358,0,1,0,0,1,250
reflection,250,358,0,5,62,60,1,312
static_team,250,358,1,6,6,6,0,506
corpus_mesh,250,358,0,3,3,2,1,532
single,250,359,0,2,0,0,1,250
reflection,250,359,0,4,78,78,1,328
static_team,250,359,1,2,2,2,0,503
corpus_mesh,250,359,1,4,4,4,0,531
single,250,360,0,5,0,0,1,250
reflection,250,360,0,7,73,73,1,323
static_team,250,360,1,4,4,4,0,507
corpus_mesh,250,360,1,6,6,6,0,545
single,250,361,0,4,0,0,1,250
reflection,250,361,0,4,80,79,1,330
static_team,250,361,1,2,2,2,0,504
corpus_mesh,250,361,1,3,3,3,0,537
single,250,362,0,5,0,0,1,250
reflection,250,362,0,3,62,61,1,312
static_team,250,362,0,8,8,8,1,511
corpus_mesh,250,362,1,4,4,4,0,537
single,250,363,0,2,0,0,1,250
reflection,250,363,1,4,66,61,0,316
static_team,250,363,0,10,10,9,1,510
corpus_mesh,250,363,1,5,5,5,0,544
single,250,364,0,1,0,0,1,250
reflection,250,364,0,6,73,73,1,323
static_team,250,364,1,3,3,3,0,504
corpus_mesh,250,364,1,5,5,5,0,541
single,250,365,0,4,0,0,1,250
reflection,250,365,0,6,71,70,1,321
static_team,250,365,1,4,4,4,0,504
corpus_mesh,250,365,1,5,5,5,0,542
single,250,366,0,5,0,0,1,250
reflection,250,366,0,4,64,61,1,314
static_team,250,366,1,2,2,2,0,505
corpus_mesh,250,366,1,6,6,6,0,536
single,250,367,0,3,0,0,1,250
reflection,250,367,0,2,71,71,1,321
static_team,250,367,1,6,6,6,0,506
corpus_mesh,250,367,1,2,2,2,0,538
single,250,368,0,2,0,0,1,250
reflection,250,368,0,2,74,72,1,324
static_team,250,368,1,5,5,5,0,506
corpus_mesh,250,368,1,2,2,2,0,530
single,250,369,0,3,0,0,1,250
reflection,250,369,0,4,76,74,1,326
static_team,250,369,1,4,4,4,0,504
corpus_mesh,250,369,1,5,5,5,0,536
single,250,370,0,4,0,0,1,250
reflection,250,370,0,2,82,81,1,332
static_team,250,370,1,3,3,3,0,505
corpus_mesh,250,370,1,1,1,1,0,532
single,250,371,0,6,0,0,1,250
reflection,250,371,0,5,69,69,1,319
static_team,250,371,1,1,1,1,0,502
corpus_mesh,250,371,1,2,2,2,0,532
single,250,372,0,3,0,0,1,250
reflection,250,372,0,3,63,62,1,313
static_team,250,372,1,3,3,3,0,504
corpus_mesh,250,372,1,1,1,1,0,525
single,250,373,0,4,0,0,1,250
reflection,250,373,0,3,84,83,1,334
static_team,250,373,1,6,6,6,0,507
corpus_mesh,250,373,1,4,4,4,0,537
single,250,374,0,3,0,0,1,250
reflection,250,374,0,4,69,68,1,319
static_team,250,374,1,1,1,1,0,502
corpus_mesh,250,374,0,4,4,4,1,529
single,250,375,0,4,0,0,1,250
reflection,250,375,0,2,72,71,1,322
static_team,250,375,1,1,1,1,0,501
corpus_mesh,250,375,0,7,7,6,1,545
single,250,376,1,0,0,0,0,250
reflection,250,376,0,4,76,75,1,326
static_team,250,376,1,6,6,6,0,510
corpus_mesh,250,376,1,1,1,1,0,532
single,250,377,0,1,0,0,1,250
reflection,250,377,0,4,71,71,1,321
static_team,250,377,1,1,1,1,0,503
corpus_mesh,250,377,1,3,3,3,0,541
single,250,378,0,5,0,0,1,250
reflection,250,378,0,5,73,73,1,323
static_team,250,378,1,3,3,3,0,505
corpus_mesh,250,378,1,4,4,4,0,539
single,250,379,0,5,0,0,1,250
reflection,250,379,0,6,68,68,1,318
static_team,250,379,1,4,4,4,0,505
corpus_mesh,250,379,1,0,0,0,0,520
single,250,380,0,4,0,0,1,250
reflection,250,380,0,8,76,76,1,326
static_team,250,380,1,3,3,3,0,506
corpus_mesh,250,380,1,3,3,3,0,538
single,250,381,0,1,0,0,1,250
reflection,250,381,0,2,66,64,1,316
static_team,250,381,1,4,4,4,0,504
corpus_mesh,250,381,0,2,2,1,1,537
single,250,382,0,1,0,0,1,250
reflection,250,382,0,4,68,67,1,318
static_team,250,382,1,7,7,7,0,507
corpus_mesh,250,382,1,6,6,6,0,541
single,250,383,0,1,0,0,1,250
reflection,250,383,0,2,73,73,1,323
static_team,250,383,1,0,0,0,0,500
corpus_mesh,250,383,1,1,1,1,0,537
single,250,384,0,3,0,0,1,250
reflection,250,384,0,4,69,68,1,319
static_team,250,384,1,4,4,4,0,507
corpus_mesh,250,384,1,2,2,2,0,533
single,250,385,0,3,0,0,1,250
reflection,250,385,0,6,83,80,1,333
static_team,250,385,0,3,3,2,1,504
corpus_mesh,250,385,1,1,1,1,0,537
single,250,386,0,3,0,0,1,250
reflection,250,386,0,4,68,67,1,318
static_team,250,386,1,7,7,7,0,507
corpus_mesh,250,386,1,8,8,8,0,548
single,250,387,0,5,0,0,1,250
reflection,250,387,0,2,60,59,1,310
static_team,250,387,1,4,4,4,0,505
corpus_mesh,250,387,1,3,3,3,0,542
single,250,388,0,4,0,0,1,250
reflection,250,388,0,3,75,74,1,325
static_team,250,388,1,1,1,1,0,503
corpus_mesh,250,388,1,5,5,5,0,532
single,250,389,0,4,0,0,1,250
reflection,250,389,0,4,60,58,1,310
static_team,250,389,1,0,0,0,0,500
corpus_mesh,250,389,1,6,6,6,0,533
single,250,390,0,1,0,0,1,250
reflection,250,390,0,2,63,61,1,313
static_team,250,390,1,3,3,3,0,503
corpus_mesh,250,390,1,2,2,2,0,531
single,250,391,0,6,0,0,1,250
reflection,250,391,0,2,80,78,1,330
static_team,250,391,1,2,2,2,0,502
corpus_mesh,250,391,1,2,2,2,0,533
single,250,392,0,5,0,0,1,250
reflection,250,392,0,4,73,72,1,323
static_team,250,392,1,1,1,1,0,502
corpus_mesh,250,392,1,1,1,1,0,528
single,250,393,0,1,0,0,1,250
reflection,250,393,1,0,74,74,0,324
static_team,250,393,1,3,3,3,0,507
corpus_mesh,250,393,1,5,5,5,0,529
single,250,394,0,4,0,0,1,250
reflection,250,394,0,4,82,82,1,332
static_team,250,394,1,4,4,4,0,506
corpus_mesh,250,394,1,2,2,2,0,530
single,250,395,0,4,0,0,1,250
reflection,250,395,0,8,73,72,1,323
static_team,250,395,1,3,3,3,0,504
corpus_mesh,250,395,1,5,5,5,0,537
single,250,396,0,3,0,0,1,250
reflection,250,396,0,5,65,63,1,315
static_team,250,396,1,4,4,4,0,504
corpus_mesh,250,396,1,2,2,2,0,534
single,250,397,0,4,0,0,1,250
reflection,250,397,0,4,78,78,1,328
static_team,250,397,1,4,4,4,0,508
corpus_mesh,250,397,1,6,6,6,0,535
single,250,398,0,3,0,0,1,250
reflection,250,398,1,1,65,65,0,315
static_team,250,398,1,4,4,4,0,506
corpus_mesh,250,398,1,4,4,4,0,531
single,250,399,0,7,0,0,1,250
reflection,250,399,0,2,63,61,1,313
static_team,250,399,1,5,5,5,0,506
corpus_mesh,250,399,1,2,2,2,0,530
single,250,400,0,5,0,0,1,250
reflection,250,400,0,5,67,67,1,317
static_team,250,400,1,6,6,6,0,506
corpus_mesh,250,400,1,2,2,2,0,528
single,250,401,0,6,0,0,1,250
reflection,250,401,0,2,62,61,1,312
static_team,250,401,1,0,0,0,0,502
corpus_mesh,250,401,0,6,6,5,1,535
single,250,402,0,3,0,0,1,250
reflection,250,402,0,4,88,86,1,338
static_team,250,402,1,4,4,4,0,505
corpus_mesh,250,402,1,7,7,7,0,547
single,250,403,0,4,0,0,1,250
reflection,250,403,0,5,80,80,1,330
static_team,250,403,1,8,8,8,0,510
corpus_mesh,250,403,1,4,4,4,0,536
single,250,404,0,2,0,0,1,250
reflection,250,404,0,4,85,81,1,335
static_team,250,404,1,5,5,5,0,505
corpus_mesh,250,404,0,5,5,4,1,538
single,250,405,0,3,0,0,1,250
reflection,250,405,0,1,59,58,1,309
static_team,250,405,1,4,4,4,0,507
corpus_mesh,250,405,1,6,6,6,0,531
single,250,406,0,7,0,0,1,250
reflection,250,406,0,3,69,65,1,319
static_team,250,406,1,1,1,1,0,501
corpus_mesh,250,406,0,3,3,3,1,538
single,250,407,0,3,0,0,1,250
reflection,250,407,0,4,63,62,1,313
static_team,250,407,1,3,3,3,0,505
corpus_mesh,250,407,1,2,2,2,0,545
single,250,408,0,7,0,0,1,250
reflection,250,408,0,6,67,67,1,317
static_team,250,408,1,3,3,3,0,503
corpus_mesh,250,408,0,4,4,4,1,547
single,250,409,0,3,0,0,1,250
reflection,250,409,0,5,81,81,1,331
static_team,250,409,1,4,4,4,0,507
corpus_mesh,250,409,1,3,3,3,0,531
single,250,410,1,0,0,0,0,250
reflection,250,410,0,4,78,77,1,328
static_team,250,410,1,6,6,6,0,509
corpus_mesh,250,410,1,3,3,3,0,526
single,250,411,0,3,0,0,1,250
reflection,250,411,0,3,77,77,1,327
static_team,250,411,1,3,3,3,0,505
corpus_mesh,250,411,1,1,1,1,0,523
single,250,412,0,3,0,0,1,250
reflection,250,412,0,5,65,62,1,315
static_team,250,412,1,4,4,4,0,504
corpus_mesh,250,412,1,4,4,4,0,544
single,250,413,0,2,0,0,1,250
reflection,250,413,0,11,77,75,1,327
static_team,250,413,1,5,5,5,0,507
corpus_mesh,250,413,1,2,2,2,0,532
single,250,414,0,1,0,0,1,250
reflection,250,414,0,4,72,71,1,322
static_team,250,414,1,5,5,5,0,506
corpus_mesh,250,414,1,5,5,5,0,533
single,250,415,0,3,0,0,1,250
reflection,250,415,0,3,77,76,1,327
static_team,250,415,1,5,5,5,0,506
corpus_mesh,250,415,1,4,4,4,0,540
single,250,416,0,3,0,0,1,250
reflection,250,416,0,1,63,62,1,313
static_team,250,416,1,6,6,6,0,506
corpus_mesh,250,416,1,1,1,1,0,528
single,250,417,0,1,0,0,1,250
reflection,250,417,0,2,74,70,1,324
static_team,250,417,1,2,2,2,0,502
corpus_mesh,250,417,1,7,7,7,0,540
single,250,418,0,3,0,0,1,250
reflection,250,418,0,5,77,76,1,327
static_team,250,418,1,2,2,2,0,502
corpus_mesh,250,418,1,2,2,1,0,533
single,250,419,0,4,0,0,1,250
reflection,250,419,0,4,75,74,1,325
static_team,250,419,1,5,5,5,0,505
corpus_mesh,250,419,1,7,7,7,0,549
single,250,420,0,4,0,0,1,250
reflection,250,420,0,3,67,66,1,317
static_team,250,420,1,1,1,1,0,502
corpus_mesh,250,420,1,1,1,1,0,528
single,250,421,1,0,0,0,0,250
reflection,250,421,0,2,72,71,1,322
static_team,250,421,1,2,2,2,0,503
corpus_mesh,250,421,1,4,4,4,0,532
single,250,422,0,2,0,0,1,250
reflection,250,422,0,4,76,75,1,326
static_team,250,422,1,1,1,1,0,503
corpus_mesh,250,422,1,5,5,5,0,537
single,250,423,0,4,0,0,1,250
reflection,250,423,0,6,68,67,1,318
static_team,250,423,1,4,4,4,0,506
corpus_mesh,250,423,1,4,4,3,0,531
single,250,424,0,2,0,0,1,250
reflection,250,424,0,3,72,71,1,322
static_team,250,424,1,4,4,4,0,505
corpus_mesh,250,424,1,3,3,3,0,535
single,250,425,0,5,0,0,1,250
reflection,250,425,0,4,72,72,1,322
static_team,250,425,1,7,7,7,0,509
corpus_mesh,250,425,1,3,3,3,0,525
single,250,426,0,3,0,0,1,250
reflection,250,426,0,4,57,55,1,307
static_team,250,426,1,1,1,1,0,501
corpus_mesh,250,426,1,4,4,4,0,543
single,250,427,0,5,0,0,1,250
reflection,250,427,0,2,62,62,1,312
static_team,250,427,1,3,3,3,0,503
corpus_mesh,250,427,1,2,2,2,0,529
single,250,428,1,0,0,0,0,250
reflection,250,428,0,3,73,72,1,323
static_team,250,428,1,4,4,4,0,504
corpus_mesh,250,428,1,4,4,4,0,536
single,250,429,0,2,0,0,1,250
reflection,250,429,0,4,69,68,1,319
static_team,250,429,1,0,0,0,0,500
corpus_mesh,250,429,1,4,4,4,0,541
single,250,430,0,4,0,0,1,250
reflection,250,430,0,3,66,64,1,316
static_team,250,430,1,3,3,3,0,506
corpus_mesh,250,430,1,2,2,2,0,532
single,250,431,0,5,0,0,1,250
reflection,250,431,0,3,73,70,1,323
static_team,250,431,1,2,2,2,0,502
corpus_mesh,250,431,1,3,3,3,0,527
single,250,432,0,2,0,0,1,250
reflection,250,432,0,6,78,76,1,328
static_team,250,432,1,6,6,6,0,507
corpus_mesh,250,432,1,3,3,3,0,539
single,250,433,0,2,0,0,1,250
reflection,250,433,0,1,66,64,1,316
static_team,250,433,1,1,1,1,0,502
corpus_mesh,250,433,1,3,3,3,0,543
single,250,434,0,2,0,0,1,250
reflection,250,434,0,6,75,75,1,325
static_team,250,434,1,2,2,2,0,502
corpus_mesh,250,434,1,2,2,2,0,526
single,250,435,0,5,0,0,1,250
reflection,250,435,1,3,62,62,0,312
static_team,250,435,1,1,1,1,0,502
corpus_mesh,250,435,1,1,1,1,0,535
single,250,436,0,3,0,0,1,250
reflection,250,436,0,5,69,66,1,319
static_team,250,436,1,8,8,8,0,509
corpus_mesh,250,436,1,5,5,5,0,540
single,250,437,0,1,0,0,1,250
reflection,250,437,0,3,75,73,1,325
static_team,250,437,1,3,3,3,0,506
corpus_mesh,250,437,1,4,4,4,0,540
single,250,438,0,3,0,0,1,250
reflection,250,438,0,1,67,67,1,317
static_team,250,438,1,5,5,5,0,505
corpus_mesh,250,438,1,4,4,4,0,531
single,250,439,0,3,0,0,1,250
reflection,250,439,1,1,66,66,0,316
static_team,250,439,1,6,6,6,0,506
corpus_mesh,250,439,1,4,4,3,0,529
single,250,440,0,11,0,0,1,250
reflection,250,440,0,3,71,69,1,321
static_team,250,440,1,2,2,2,0,505
corpus_mesh,250,440,1,4,4,4,0,530
single,250,441,0,4,0,0,1,250
reflection,250,441,0,2,71,70,1,321
static_team,250,441,1,2,2,2,0,503
corpus_mesh,250,441,1,2,2,2,0,529
single,250,442,0,2,0,0,1,250
reflection,250,442,0,1,83,82,1,333
static_team,250,442,1,1,1,1,0,501
corpus_mesh,250,442,1,0,0,0,0,530
single,250,443,0,4,0,0,1,250
reflection,250,443,1,2,82,81,0,332
static_team,250,443,1,5,5,5,0,505
corpus_mesh,250,443,1,1,1,1,0,522
single,250,444,0,2,0,0,1,250
reflection,250,444,0,6,74,74,1,324
static_team,250,444,1,2,2,2,0,504
corpus_mesh,250,444,1,1,1,1,0,536
single,250,445,0,4,0,0,1,250
reflection,250,445,0,3,72,72,1,322
static_team,250,445,0,5,5,4,1,505
corpus_mesh,250,445,1,3,3,3,0,528
single,250,446,0,1,0,0,1,250
reflection,250,446,0,2,75,73,1,325
static_team,250,446,1,2,2,2,0,504
corpus_mesh,250,446,1,3,3,3,0,530
single,250,447,0,4,0,0,1,250
reflection,250,447,0,3,76,75,1,326
static_team,250,447,0,6,6,5,1,506
corpus_mesh,250,447,1,2,2,2,0,541
single,250,448,0,2,0,0,1,250
reflection,250,448,0,3,69,68,1,319
static_team,250,448,1,3,3,3,0,503
corpus_mesh,250,448,1,7,7,7,0,545
single,250,449,0,7,0,0,1,250
reflection,250,449,0,5,63,63,1,313
static_team,250,449,1,2,2,2,0,504
corpus_mesh,250,449,1,2,2,2,0,538
single,250,450,0,4,0,0,1,250
reflection,250,450,0,5,75,73,1,325
static_team,250,450,1,2,2,2,0,505
corpus_mesh,250,450,1,2,2,2,0,524
single,250,451,0,4,0,0,1,250
reflection,250,451,0,2,77,77,1,327
static_team,250,451,1,6,6,6,0,507
corpus_mesh,250,451,0,6,6,5,1,540
single,250,452,0,3,0,0,1,250
reflection,250,452,0,5,78,78,1,328
static_team,250,452,1,7,7,7,0,508
corpus_mesh,250,452,1,3,3,3,0,526
single,250,453,0,7,0,0,1,250
reflection,250,453,0,6,71,68,1,321
static_team,250,453,0,4,4,3,2,507
corpus_mesh,250,453,1,2,2,2,0,529
single,250,454,0,5,0,0,1,250
reflection,250,454,0,3,64,62,1,314
static_team,250,454,1,5,5,5,0,507
corpus_mesh,250,454,1,4,4,4,0,543
single,250,455,0,2,0,0,1,250
reflection,250,455,0,3,73,72,1,323
static_team,250,455,1,6,6,6,0,507
corpus_mesh,250,455,1,4,4,4,0,540
single,250,456,0,6,0,0,1,250
reflection,250,456,0,1,73,73,1,323
static_team,250,456,1,3,3,3,0,504
corpus_mesh,250,456,1,2,2,2,0,535
single,250,457,0,2,0,0,1,250
reflection,250,457,0,4,53,52,1,303
static_team,250,457,1,2,2,2,0,503
corpus_mesh,250,457,0,6,6,5,1,533
single,250,458,0,5,0,0,1,250
reflection,250,458,0,5,72,71,1,322
static_team,250,458,1,4,4,4,0,504
corpus_mesh,250,458,1,2,2,2,0,531
single,250,459,0,3,0,0,1,250
reflection,250,459,0,3,64,62,1,314
static_team,250,459,1,3,3,3,0,504
corpus_mesh,250,459,1,4,4,4,0,545
single,250,460,0,6,0,0,1,250
reflection,250,460,0,4,57,55,1,307
static_team,250,460,1,3,3,3,0,503
corpus_mesh,250,460,0,7,7,6,1,538
single,250,461,0,3,0,0,1,250
reflection,250,461,0,2,73,72,1,323
static_team,250,461,1,1,1,1,0,502
corpus_mesh,250,461,1,3,3,3,0,541
single,250,462,0,3,0,0,1,250
reflection,250,462,0,5,69,66,1,319
static_team,250,462,1,4,4,4,0,505
corpus_mesh,250,462,1,2,2,2,0,526
single,250,463,0,8,0,0,1,250
reflection,250,463,0,4,70,68,1,320
static_team,250,463,1,2,2,2,0,502
corpus_mesh,250,463,1,5,5,5,0,534
single,250,464,0,6,0,0,1,250
reflection,250,464,0,4,87,86,1,337
static_team,250,464,1,5,5,5,0,506
corpus_mesh,250,464,1,2,2,2,0,534
single,250,465,0,6,0,0,1,250
reflection,250,465,0,5,75,74,1,325
static_team,250,465,1,4,4,4,0,506
corpus_mesh,250,465,1,5,5,5,0,544
single,250,466,0,7,0,0,1,250
reflection,250,466,0,4,76,73,1,326
static_team,250,466,1,1,1,1,0,503
corpus_mesh,250,466,1,5,5,5,0,529
single,250,467,0,1,0,0,1,250
reflection,250,467,0,2,70,70,1,320
static_team,250,467,1,7,7,7,0,509
corpus_mesh,250,467,1,1,1,1,0,540
single,250,468,0,4,0,0,1,250
reflection,250,468,0,5,56,56,1,306
static_team,250,468,1,2,2,2,0,503
corpus_mesh,250,468,1,1,1,1,0,524
single,250,469,0,4,0,0,1,250
reflection,250,469,0,5,65,63,1,315
static_team,250,469,1,7,7,7,0,508
corpus_mesh,250,469,1,6,6,6,0,536
single,250,470,0,3,0,0,1,250
reflection,250,470,0,3,71,71,1,321
static_team,250,470,1,1,1,1,0,502
corpus_mesh,250,470,1,4,4,4,0,532
single,250,471,0,3,0,0,1,250
reflection,250,471,0,2,73,73,1,323
static_team,250,471,0,4,3,3,1,505
corpus_mesh,250,471,1,3,3,3,0,536
single,250,472,0,2,0,0,1,250
reflection,250,472,1,1,77,77,0,327
static_team,250,472,1,5,5,5,0,507
corpus_mesh,250,472,1,1,1,1,0,532
single,250,473,0,2,0,0,1,250
reflection,250,473,0,3,56,55,1,306
static_team,250,473,1,4,4,4,0,505
corpus_mesh,250,473,1,3,3,3,0,529
single,250,474,0,3,0,0,1,250
reflection,250,474,0,3,72,70,1,322
static_team,250,474,1,3,3,3,0,503
corpus_mesh,250,474,0,6,5,5,1,541
single,250,475,0,2,0,0,1,250
reflection,250,475,0,2,79,74,1,329
static_team,250,475,1,3,3,3,0,504
corpus_mesh,250,475,1,3,3,3,0,529
single,250,476,0,5,0,0,1,250
reflection,250,476,0,2,74,74,1,324
static_team,250,476,1,4,4,4,0,504
corpus_mesh,250,476,1,5,5,5,0,536
single,250,477,0,4,0,0,1,250
reflection,250,477,0,3,83,82,1,333
static_team,250,477,1,2,2,2,0,506
corpus_mesh,250,477,1,3,3,3,0,537
single,250,478,0,4,0,0,1,250
reflection,250,478,0,5,67,66,1,317
static_team,250,478,1,4,4,4,0,506
corpus_mesh,250,478,1,2,2,2,0,540
single,250,479,0,5,0,0,1,250
reflection,250,479,0,2,77,77,1,327
static_team,250,479,1,4,4,4,0,506
corpus_mesh,250,479,1,2,2,2,0,522
single,250,480,0,7,0,0,1,250
reflection,250,480,0,4,76,76,1,326
static_team,250,480,1,2,2,2,0,503
corpus_mesh,250,480,1,2,2,2,0,526
single,250,481,0,3,0,0,1,250
reflection,250,481,0,1,58,57,1,308
static_team,250,481,1,3,3,3,0,505
corpus_mesh,250,481,1,1,1,1,0,532
single,250,482,0,4,0,0,1,250
reflection,250,482,0,7,67,65,1,317
static_team,250,482,1,3,3,3,0,504
corpus_mesh,250,482,1,4,4,4,0,535
single,250,483,0,1,0,0,1,250
reflection,250,483,0,1,54,54,1,304
static_team,250,483,1,3,3,3,0,503
corpus_mesh,250,483,1,4,4,4,0,538
single,250,484,0,4,0,0,1,250
reflection,250,484,0,1,58,57,1,308
static_team,250,484,1,2,2,2,0,502
corpus_mesh,250,484,1,4,4,4,0,531
single,250,485,0,7,0,0,1,250
reflection,250,485,0,1,75,75,1,325
static_team,250,485,1,1,1,1,0,502
corpus_mesh,250,485,1,2,2,2,0,540
single,250,486,0,4,0,0,1,250
reflection,250,486,0,6,69,67,1,319
static_team,250,486,1,5,5,5,0,507
corpus_mesh,250,486,1,3,3,3,0,524
single,250,487,0,2,0,0,1,250
reflection,250,487,0,4,85,82,1,335
static_team,250,487,1,4,4,4,0,505
corpus_mesh,250,487,0,4,4,4,1,532
single,250,488,0,4,0,0,1,250
reflection,250,488,0,3,85,81,1,335
static_team,250,488,1,4,4,4,0,505
corpus_mesh,250,488,1,5,5,5,0,539
single,250,489,0,5,0,0,1,250
reflection,250,489,0,5,62,61,1,312
static_team,250,489,1,4,4,4,0,505
corpus_mesh,250,489,0,3,3,2,1,528
single,250,490,0,4,0,0,1,250
reflection,250,490,0,2,69,68,1,319
static_team,250,490,1,4,4,4,0,505
corpus_mesh,250,490,1,2,2,2,0,535
single,250,491,0,4,0,0,1,250
reflection,250,491,0,1,68,67,1,318
static_team,250,491,1,2,2,2,0,502
corpus_mesh,250,491,1,5,5,5,0,543
single,250,492,0,4,0,0,1,250
reflection,250,492,0,3,65,64,1,315
static_team,250,492,1,0,0,0,0,500
corpus_mesh,250,492,1,1,1,1,0,529
single,250,493,1,0,0,0,0,250
reflection,250,493,0,3,75,73,1,325
static_team,250,493,1,1,1,1,0,501
corpus_mesh,250,493,1,3,3,3,0,530
single,250,494,0,4,0,0,1,250
reflection,250,494,0,1,71,69,1,321
static_team,250,494,1,1,1,1,0,501
corpus_mesh,250,494,1,7,7,7,0,529
single,250,495,0,8,0,0,1,250
reflection,250,495,0,4,70,68,1,320
static_team,250,495,1,3,3,3,0,504
corpus_mesh,250,495,0,5,5,4,1,533
single,250,496,0,6,0,0,1,250
reflection,250,496,0,3,71,70,1,321
static_team,250,496,1,3,3,3,0,504
corpus_mesh,250,496,1,5,5,5,0,527
single,250,497,0,4,0,0,1,250
reflection,250,497,0,3,74,71,1,324
static_team,250,497,1,2,2,2,0,502
corpus_mesh,250,497,1,3,3,3,0,525
single,250,498,0,1,0,0,1,250
reflection,250,498,0,3,72,71,1,322
static_team,250,498,1,7,7,7,0,508
corpus_mesh,250,498,1,3,3,3,0,520
single,250,499,0,4,0,0,1,250
reflection,250,499,0,2,62,61,1,312
static_team,250,499,1,2,2,2,0,505
corpus_mesh,250,499,1,2,2,2,0,532
single,250,500,0,4,0,0,1,250
reflection,250,500,0,4,56,56,1,306
static_team,250,500,1,2,2,2,0,506
corpus_mesh,250,500,1,2,2,2,0,540
single,250,501,0,3,0,0,1,250
reflection,250,501,0,7,68,67,1,318
static_team,250,501,0,6,6,6,1,508
corpus_mesh,250,501,1,4,4,4,0,527
single,250,502,0,6,0,0,1,250
reflection,250,502,0,7,74,74,1,324
static_team,250,502,1,3,3,3,0,504
corpus_mesh,250,502,1,5,5,5,0,541
single,250,503,0,4,0,0,1,250
reflection,250,503,0,4,72,71,1,322
static_team,250,503,1,2,2,2,0,502
corpus_mesh,250,503,1,6,6,6,0,541
single,250,504,0,6,0,0,1,250
reflection,250,504,0,5,76,75,1,326
static_team,250,504,1,4,4,4,0,504
corpus_mesh,250,504,0,4,4,3,1,534
single,250,505,0,2,0,0,1,250
reflection,250,505,0,5,52,50,1,302
static_team,250,505,1,4,4,4,0,506
corpus_mesh,250,505,1,2,2,2,0,533
single,250,506,0,7,0,0,1,250
reflection,250,506,0,3,63,62,1,313
static_team,250,506,1,2,2,2,0,503
corpus_mesh,250,506,1,9,9,9,0,542
single,250,507,0,1,0,0,1,250
reflection,250,507,0,3,65,65,1,315
static_team,250,507,0,6,6,5,1,507
corpus_mesh,250,507,1,1,1,1,0,525
single,250,508,0,6,0,0,1,250
reflection,250,508,0,2,73,71,1,323
static_team,250,508,1,11,11,11,0,512
corpus_mesh,250,508,1,9,9,9,0,540
single,250,509,0,2,0,0,1,250
reflection,250,509,0,2,69,68,1,319
static_team,250,509,1,4,4,4,0,504
corpus_mesh,250,509,1,3,3,3,0,536
single,250,510,0,4,0,0,1,250
reflection,250,510,0,3,76,76,1,326
static_team,250,510,1,7,7,7,0,510
corpus_mesh,250,510,1,2,2,2,0,537
single,250,511,0,2,0,0,1,250
reflection,250,511,1,1,66,66,0,316
static_team,250,511,1,3,3,3,0,503
corpus_mesh,250,511,1,3,3,3,0,535
single,250,512,0,8,0,0,1,250
reflection,250,512,0,3,80,79,1,330
static_team,250,512,1,2,2,2,0,502
corpus_mesh,250,512,1,4,4,4,0,537
single,250,513,0,10,0,0,1,250
reflection,250,513,0,1,76,74,1,326
static_team,250,513,1,5,5,5,0,506
corpus_mesh,250,513,1,2,2,2,0,534
single,250,514,0,3,0,0,1,250
reflection,250,514,0,5,74,73,1,324
static_team,250,514,1,2,2,2,0,503
corpus_mesh,250,514,1,2,2,2,0,536
single,250,515,0,4,0,0,1,250
reflection,250,515,0,4,69,68,1,319
static_team,250,515,1,5,5,5,0,507
corpus_mesh,250,515,1,5,5,5,0,530
single,250,516,0,2,0,0,1,250
reflection,250,516,1,1,60,60,0,310
static_team,250,516,1,5,5,5,0,505
corpus_mesh,250,516,1,5,5,5,0,545
single,250,517,0,6,0,0,1,250
reflection,250,517,0,8,91,90,1,341
static_team,250,517,1,1,1,1,0,504
corpus_mesh,250,517,1,3,3,3,0,532
single,250,518,0,5,0,0,1,250
reflection,250,518,1,3,76,76,0,326
static_team,250,518,1,1,1,1,0,503
corpus_mesh,250,518,1,1,1,1,0,527
single,250,519,0,4,0,0,1,250
reflection,250,519,0,7,71,70,1,321
static_team,250,519,1,6,6,6,0,508
corpus_mesh,250,519,1,3,3,3,0,526
single,250,520,0,3,0,0,1,250
reflection,250,520,0,2,72,72,1,322
static_team,250,520,1,4,4,4,0,504
corpus_mesh,250,520,1,8,8,8,0,555
single,250,521,0,1,0,0,1,250
reflection,250,521,0,5,72,71,1,322
static_team,250,521,1,3,3,3,0,503
corpus_mesh,250,521,1,3,3,3,0,540
single,250,522,0,3,0,0,1,250
reflection,250,522,0,7,70,69,1,320
static_team,250,522,1,1,1,1,0,503
corpus_mesh,250,522,1,2,2,2,0,528
single,250,523,0,6,0,0,1,250
reflection,250,523,0,6,76,76,1,326
static_team,250,523,0,3,3,3,1,504
corpus_mesh,250,523,1,5,5,5,0,535
single,250,524,0,1,0,0,1,250
reflection,250,524,0,3,51,50,1,301
static_team,250,524,1,3,3,3,0,503
corpus_mesh,250,524,0,5,5,4,2,538
single,250,525,0,1,0,0,1,250
reflection,250,525,0,3,70,69,1,320
static_team,250,525,1,3,3,3,0,504
corpus_mesh,250,525,1,5,5,4,0,537
single,250,526,0,6,0,0,1,250
reflection,250,526,0,4,86,85,1,336
static_team,250,526,1,5,5,5,0,505
corpus_mesh,250,526,1,3,3,3,0,527
single,250,527,0,1,0,0,1,250
reflection,250,527,0,2,83,83,1,333
static_team,250,527,1,3,3,3,0,504
corpus_mesh,250,527,1,4,4,4,0,529
single,250,528,0,3,0,0,1,250
reflection,250,528,0,4,73,72,1,323
static_team,250,528,1,2,2,2,0,502
corpus_mesh,250,528,1,2,2,2,0,516
single,250,529,0,4,0,0,1,250
reflection,250,529,0,3,72,69,1,322
static_team,250,529,1,2,2,2,0,504
corpus_mesh,250,529,1,2,2,2,0,523
single,250,530,0,3,0,0,1,250
reflection,250,530,0,4,72,72,1,322
static_team,250,530,1,2,2,2,0,503
corpus_mesh,250,530,1,2,2,2,0,525
single,250,531,0,4,0,0,1,250
reflection,250,531,1,4,73,73,0,323
static_team,250,531,1,1,1,1,0,501
corpus_mesh,250,531,1,7,7,7,0,550
single,250,532,0,7,0,0,1,250
reflection,250,532,0,4,64,63,1,314
static_team,250,532,1,4,4,4,0,505
corpus_mesh,250,532,1,2,2,2,0,536
single,250,533,1,0,0,0,0,250
reflection,250,533,0,3,65,64,1,315
static_team,250,533,1,4,4,4,0,505
corpus_mesh,250,533,1,6,6,6,0,546
single,250,534,0,4,0,0,1,250
reflection,250,534,0,1,62,61,1,312
static_team,250,534,0,4,3,3,1,504
corpus_mesh,250,534,1,3,3,2,0,542
single,250,535,0,3,0,0,1,250
reflection,250,535,0,2,59,59,1,309
static_team,250,535,1,2,2,2,0,503
corpus_mesh,250,535,0,5,5,3,2,542
single,250,536,0,7,0,0,1,250
reflection,250,536,0,4,63,61,1,313
static_team,250,536,1,3,3,3,0,504
corpus_mesh,250,536,1,1,1,1,0,537
single,250,537,0,4,0,0,1,250
reflection,250,537,0,5,57,57,1,307
static_team,250,537,1,4,4,4,0,504
corpus_mesh,250,537,1,5,5,5,0,535
single,250,538,0,1,0,0,1,250
reflection,250,538,0,3,75,73,1,325
static_team,250,538,1,5,5,5,0,505
corpus_mesh,250,538,1,3,3,3,0,529
single,250,539,1,0,0,0,0,250
reflection,250,539,0,3,63,61,1,313
static_team,250,539,1,3,3,3,0,504
corpus_mesh,250,539,1,1,1,1,0,530
single,250,540,0,3,0,0,1,250
reflection,250,540,0,5,62,62,1,312
static_team,250,540,1,2,2,2,0,502
corpus_mesh,250,540,1,4,4,4,0,540
single,250,541,0,2,0,0,1,250
reflection,250,541,0,2,69,69,1,319
static_team,250,541,1,5,5,5,0,506
corpus_mesh,250,541,1,3,3,3,0,542
single,250,542,0,1,0,0,1,250
reflection,250,542,0,1,67,67,1,317
static_team,250,542,1,1,1,1,0,503
corpus_mesh,250,542,1,3,3,3,0,535
single,250,543,0,3,0,0,1,250
reflection,250,543,1,1,73,73,0,323
static_team,250,543,1,3,3,3,0,505
corpus_mesh,250,543,1,1,1,1,0,522
single,250,544,0,4,0,0,1,250
reflection,250,544,0,1,70,70,1,320
static_team,250,544,1,7,7,7,0,508
corpus_mesh,250,544,1,4,4,4,0,530
single,250,545,0,3,0,0,1,250
reflection,250,545,0,3,74,74,1,324
static_team,250,545,1,5,5,5,0,509
corpus_mesh,250,545,1,2,2,2,0,532
single,250,546,0,4,0,0,1,250
reflection,250,546,0,3,72,71,1,322
static_team,250,546,1,5,5,5,0,507
corpus_mesh,250,546,1,2,2,2,0,521
single,250,547,0,4,0,0,1,250
reflection,250,547,1,2,64,64,0,314
static_team,250,547,1,3,3,3,0,503
corpus_mesh,250,547,1,3,3,3,0,536
single,250,548,0,4,0,0,1,250
reflection,250,548,0,9,70,69,1,320
static_team,250,548,1,3,3,3,0,503
corpus_mesh,250,548,1,4,4,4,0,527
single,250,549,0,5,0,0,1,250
reflection,250,549,1,1,56,55,0,306
static_team,250,549,1,2,2,2,0,502
corpus_mesh,250,549,1,5,5,5,0,540
single,250,550,0,6,0,0,1,250
reflection,250,550,0,1,71,70,1,321
static_team,250,550,1,2,2,2,0,503
corpus_mesh,250,550,1,3,3,3,0,527
single,250,551,1,0,0,0,0,250
reflection,250,551,0,6,62,62,1,312
static_team,250,551,1,4,4,4,0,505
corpus_mesh,250,551,1,3,3,3,0,525
single,250,552,0,4,0,0,1,250
reflection,250,552,0,3,72,71,1,322
static_team,250,552,1,5,5,5,0,505
corpus_mesh,250,552,1,3,3,3,0,533
single,250,553,0,8,0,0,1,250
reflection,250,553,0,2,82,82,1,332
static_team,250,553,1,6,6,6,0,508
corpus_mesh,250,553,1,7,7,7,0,548
single,250,554,0,5,0,0,1,250
reflection,250,554,0,5,62,61,1,312
static_team,250,554,1,4,4,4,0,506
corpus_mesh,250,554,1,0,0,0,0,527
single,250,555,0,4,0,0,1,250
reflection,250,555,0,6,74,74,1,324
static_team,250,555,0,2,2,1,1,503
corpus_mesh,250,555,1,7,7,6,0,542
single,250,556,0,1,0,0,1,250
reflection,250,556,0,2,67,66,1,317
static_team,250,556,1,3,3,3,0,506
corpus_mesh,250,556,1,0,0,0,0,526
single,250,557,0,3,0,0,1,250
reflection,250,557,0,6,60,59,1,310
static_team,250,557,1,1,1,1,0,504
corpus_mesh,250,557,1,3,3,3,0,526
single,250,558,0,3,0,0,1,250
reflection,250,558,0,9,67,65,1,317
static_team,250,558,1,9,9,9,0,510
corpus_mesh,250,558,1,1,1,1,0,526
single,250,559,0,4,0,0,1,250
reflection,250,559,0,4,76,75,1,326
static_team,250,559,1,3,3,3,0,503
corpus_mesh,250,559,1,7,7,7,0,529
single,250,560,0,6,0,0,1,250
reflection,250,560,0,6,68,67,1,318
static_team,250,560,1,2,2,2,0,505
corpus_mesh,250,560,1,5,5,5,0,539
single,250,561,0,3,0,0,1,250
reflection,250,561,0,3,61,59,1,311
static_team,250,561,1,3,3,3,0,503
corpus_mesh,250,561,0,5,4,4,1,533
single,250,562,0,4,0,0,1,250
reflection,250,562,0,2,56,56,1,306
static_team,250,562,1,4,4,4,0,510
corpus_mesh,250,562,1,4,4,4,0,527
single,250,563,0,5,0,0,1,250
reflection,250,563,0,3,78,76,1,328
static_team,250,563,1,2,2,2,0,504
corpus_mesh,250,563,1,1,1,1,0,523
single,250,564,0,5,0,0,1,250
reflection,250,564,0,1,68,67,1,318
static_team,250,564,1,2,2,2,0,503
corpus_mesh,250,564,1,6,6,6,0,548
single,250,565,0,5,0,0,1,250
reflection,250,565,0,7,77,77,1,327
static_team,250,565,1,5,5,5,0,506
corpus_mesh,250,565,1,5,5,5,0,550
single,250,566,0,6,0,0,1,250
reflection,250,566,0,5,76,75,1,326
static_team,250,566,1,5,5,5,0,506
corpus_mesh,250,566,1,4,4,4,0,535
single,250,567,0,2,0,0,1,250
reflection,250,567,0,5,78,78,1,328
static_team,250,567,1,3,3,3,0,503
corpus_mesh,250,567,1,4,4,4,0,539
single,250,568,0,2,0,0,1,250
reflection,250,568,0,2,67,65,1,317
static_team,250,568,1,1,1,1,0,502
corpus_mesh,250,568,1,2,2,2,0,526
single,250,569,0,5,0,0,1,250
reflection,250,569,0,6,70,69,1,320
static_team,250,569,0,3,3,2,1,503
corpus_mesh,250,569,1,4,4,4,0,528
single,250,570,0,1,0,0,1,250
reflection,250,570,0,4,65,63,1,315
static_team,250,570,1,4,4,4,0,506
corpus_mesh,250,570,1,5,5,5,0,542
single,250,571,0,2,0,0,1,250
reflection,250,571,0,2,66,64,1,316
static_team,250,571,1,3,3,3,0,503
corpus_mesh,250,571,1,5,5,5,0,527
single,250,572,0,1,0,0,1,250
reflection,250,572,0,1,77,77,1,327
static_team,250,572,1,2,2,2,0,502
corpus_mesh,250,572,1,5,5,5,0,535
single,250,573,0,4,0,0,1,250
reflection,250,573,0,2,70,69,1,320
static_team,250,573,1,5,5,5,0,507
corpus_mesh,250,573,1,7,7,7,0,543
single,250,574,0,4,0,0,1,250
reflection,250,574,0,2,72,70,1,322
static_team,250,574,1,5,5,5,0,505
corpus_mesh,250,574,1,5,5,5,0,547
single,250,575,0,7,0,0,1,250
reflection,250,575,1,4,65,64,0,315
static_team,250,575,1,5,5,5,0,505
corpus_mesh,250,575,1,4,4,4,0,530
single,250,576,0,1,0,0,1,250
reflection,250,576,0,7,73,73,1,323
static_team,250,576,1,3,3,3,0,503
corpus_mesh,250,576,1,2,2,2,0,530
single,250,577,0,3,0,0,1,250
reflection,250,577,0,2,78,77,1,328
static_team,250,577,0,4,3,3,1,504
corpus_mesh,250,577,1,2,2,2,0,542
single,250,578,0,4,0,0,1,250
reflection,250,578,0,4,72,72,1,322
static_team,250,578,1,2,2,2,0,503
corpus_mesh,250,578,0,2,2,2,1,536
single,250,579,1,0,0,0,0,250
reflection,250,579,0,2,72,72,1,322
static_team,250,579,1,2,2,2,0,503
corpus_mesh,250,579,1,2,2,2,0,530
single,250,580,0,3,0,0,1,250
reflection,250,580,0,1,67,66,1,317
static_team,250,580,1,2,2,2,0,502
corpus_mesh,250,580,1,7,7,7,0,542
single,250,581,0,2,0,0,1,250
reflection,250,581,0,1,64,64,1,314
static_team,250,581,1,7,7,7,0,509
corpus_mesh,250,581,0,8,8,7,1,531
single,250,582,0,6,0,0,1,250
reflection,250,582,0,5,71,71,1,321
static_team,250,582,1,2,2,2,0,502
corpus_mesh,250,582,1,9,9,9,0,536
single,250,583,0,1,0,0,1,250
reflection,250,583,0,3,52,51,1,302
static_team,250,583,1,6,6,6,0,507
corpus_mesh,250,583,1,4,4,4,0,535
single,250,584,0,2,0,0,1,250
reflection,250,584,0,4,62,62,1,312
static_team,250,584,1,3,3,3,0,503
corpus_mesh,250,584,1,4,4,4,0,533
single,250,585,0,1,0,0,1,250
reflection,250,585,0,2,68,68,1,318
static_team,250,585,1,5,5,5,0,509
corpus_mesh,250,585,0,6,6,5,1,545
single,250,586,0,8,0,0,1,250
reflection,250,586,0,1,79,77,1,329
static_team,250,586,1,1,1,1,0,501
corpus_mesh,250,586,1,3,3,3,0,541
single,250,587,0,3,0,0,1,250
reflection,250,587,0,5,74,73,1,324
static_team,250,587,1,5,5,5,0,505
corpus_mesh,250,587,1,7,7,7,0,549
single,250,588,0,5,0,0,1,250
reflection,250,588,0,5,61,60,1,311
static_team,250,588,1,3,3,3,0,503
corpus_mesh,250,588,1,1,1,1,0,529
single,250,589,0,6,0,0,1,250
reflection,250,589,0,0,65,62,1,315
static_team,250,589,1,1,1,1,0,502
corpus_mesh,250,589,1,3,3,3,0,524
single,250,590,0,2,0,0,1,250
reflection,250,590,0,3,70,70,1,320
static_team,250,590,1,4,4,4,0,505
corpus_mesh,250,590,1,0,0,0,0,526
single,250,591,0,2,0,0,1,250
reflection,250,591,0,6,75,75,1,325
static_team,250,591,1,3,3,3,0,504
corpus_mesh,250,591,1,2,2,2,0,522
single,250,592,0,1,0,0,1,250
reflection,250,592,0,2,74,74,1,324
static_team,250,592,1,3,3,3,0,503
corpus_mesh,250,592,1,2,2,2,0,531
single,250,593,0,5,0,0,1,250
reflection,250,593,0,3,69,69,1,319
static_team,250,593,1,1,1,1,0,501
corpus_mesh,250,593,1,2,2,2,0,516
single,250,594,0,2,0,0,1,250
reflection,250,594,0,9,71,70,1,321
static_team,250,594,1,4,4,4,0,504
corpus_mesh,250,594,1,3,3,3,0,532
single,250,595,0,5,0,0,1,250
reflection,250,595,0,6,76,76,1,326
static_team,250,595,1,2,2,2,0,502
corpus_mesh,250,595,1,4,4,4,0,535
single,250,596,0,2,0,0,1,250
reflection,250,596,0,5,68,68,1,318
static_team,250,596,1,2,2,2,0,503
corpus_mesh,250,596,1,0,0,0,0,526
single,250,597,0,6,0,0,1,250
reflection,250,597,0,2,70,68,1,320
static_team,250,597,1,3,3,3,0,507
corpus_mesh,250,597,1,4,4,4,0,530
single,250,598,0,3,0,0,1,250
reflection,250,598,0,4,74,74,1,324
static_team,250,598,1,4,4,4,0,505
corpus_mesh,250,598,1,6,6,6,0,541
single,250,599,0,2,0,0,1,250
reflection,250,599,0,3,73,72,1,323
static_team,250,599,0,5,5,5,1,507
corpus_mesh,250,599,1,1,1,1,0,533
single,250,600,0,2,0,0,1,250
reflection,250,600,0,3,66,65,1,316
static_team,250,600,0,3,3,2,1,504
corpus_mesh,250,600,1,2,2,2,0,527
single,250,601,0,6,0,0,1,250
reflection,250,601,0,6,79,79,1,329
static_team,250,601,1,2,2,2,0,503
corpus_mesh,250,601,1,3,3,3,0,529
single,250,602,0,7,0,0,1,250
reflection,250,602,0,5,58,57,1,308
static_team,250,602,1,3,3,3,0,504
corpus_mesh,250,602,1,1,1,1,0,536
single,250,603,0,4,0,0,1,250
reflection,250,603,0,4,61,58,1,311
static_team,250,603,1,7,7,7,0,509
corpus_mesh,250,603,1,4,4,4,0,535
single,250,604,0,5,0,0,1,250
reflection,250,604,0,4,69,68,1,319
static_team,250,604,1,0,0,0,0,500
corpus_mesh,250,604,1,3,3,3,0,543
single,250,605,0,6,0,0,1,250
reflection,250,605,1,2,65,65,0,315
static_team,250,605,1,7,7,7,0,509
corpus_mesh,250,605,1,2,2,2,0,531
single,250,606,0,3,0,0,1,250
reflection,250,606,0,3,63,63,1,313
static_team,250,606,1,0,0,0,0,501
corpus_mesh,250,606,1,8,8,8,0,546
single,250,607,0,2,0,0,1,250
reflection,250,607,0,1,75,74,1,325
static_team,250,607,1,7,7,7,0,507
corpus_mesh,250,607,1,4,4,4,0,534
single,250,608,0,4,0,0,1,250
reflection,250,608,0,5,82,78,1,332
static_team,250,608,1,1,1,1,0,504
corpus_mesh,250,608,1,5,5,5,0,539
single,250,609,0,3,0,0,1,250
reflection,250,609,0,6,67,67,1,317
static_team,250,609,0,7,7,6,1,510
corpus_mesh,250,609,1,4,4,4,0,541
single,250,610,0,3,0,0,1,250
reflection,250,610,0,1,59,58,1,309
static_team,250,610,1,5,5,5,0,506
corpus_mesh,250,610,1,5,5,5,0,538
single,250,611,0,1,0,0,1,250
reflection,250,611,1,3,52,51,0,302
static_team,250,611,1,5,5,5,0,506
corpus_mesh,250,611,1,0,0,0,0,528
single,250,612,0,4,0,0,1,250
reflection,250,612,0,3,76,75,1,326
static_team,250,612,1,4,4,4,0,505
corpus_mesh,250,612,1,7,7,7,0,540
single,250,613,0,2,0,0,1,250
reflection,250,613,0,2,59,59,1,309
static_team,250,613,1,1,1,1,0,503
corpus_mesh,250,613,1,3,3,3,0,536
single,250,614,0,5,0,0,1,250
reflection,250,614,0,6,70,69,1,320
static_team,250,614,1,6,6,6,0,507
corpus_mesh,250,614,1,2,2,2,0,530
single,250,615,0,4,0,0,1,250
reflection,250,615,0,5,69,69,1,319
static_team,250,615,1,5,5,5,0,507
corpus_mesh,250,615,0,11,11,8,2,555
single,250,616,0,1,0,0,1,250
reflection,250,616,0,2,73,70,1,323
static_team,250,616,1,4,4,4,0,504
corpus_mesh,250,616,1,2,2,2,0,534
single,250,617,0,7,0,0,1,250
reflection,250,617,0,3,71,70,1,321
static_team,250,617,1,4,4,4,0,504
corpus_mesh,250,617,1,0,0,0,0,526
single,250,618,0,2,0,0,1,250
reflection,250,618,0,3,64,64,1,314
static_team,250,618,1,2,2,2,0,504
corpus_mesh,250,618,1,6,6,6,0,545
single,250,619,0,7,0,0,1,250
reflection,250,619,0,4,63,63,1,313
static_team,250,619,1,4,4,4,0,506
corpus_mesh,250,619,1,3,3,3,0,526
single,250,620,0,1,0,0,1,250
reflection,250,620,0,3,74,73,1,324
static_team,250,620,1,5,5,5,0,505
corpus_mesh,250,620,1,7,7,7,0,544
single,250,621,0,4,0,0,1,250
reflection,250,621,0,4,74,74,1,324
static_team,250,621,1,5,5,5,0,507
corpus_mesh,250,621,1,4,4,4,0,538
single,250,622,0,5,0,0,1,250
reflection,250,622,0,1,79,78,1,329
static_team,250,622,1,5,5,5,0,507
corpus_mesh,250,622,1,5,5,4,0,543
single,250,623,0,4,0,0,1,250
reflection,250,623,0,5,73,71,1,323
static_team,250,623,1,7,7,7,0,509
corpus_mesh,250,623,1,7,7,7,0,542
single,250,624,0,3,0,0,1,250
reflection,250,624,0,5,63,63,1,313
static_team,250,624,1,5,5,5,0,506
corpus_mesh,250,624,1,5,5,5,0,541
single,250,625,0,3,0,0,1,250
reflection,250,625,0,4,66,64,1,316
static_team,250,625,1,4,4,4,0,508
corpus_mesh,250,625,1,0,0,0,0,519
single,250,626,0,4,0,0,1,250
reflection,250,626,0,4,75,75,1,325
static_team,250,626,1,2,2,2,0,504
corpus_mesh,250,626,1,2,2,2,0,536
single,250,627,0,2,0,0,1,250
reflection,250,627,0,5,69,69,1,319
static_team,250,627,1,2,2,2,0,503
corpus_mesh,250,627,1,3,3,3,0,540
single,250,628,0,4,0,0,1,250
reflection,250,628,0,3,60,59,1,310
static_team,250,628,1,2,2,2,0,502
corpus_mesh,250,628,1,1,1,1,0,526
single,250,629,0,4,0,0,1,250
reflection,250,629,0,3,63,63,1,313
static_team,250,629,1,2,2,2,0,504
corpus_mesh,250,629,1,4,4,4,0,536
single,250,630,0,2,0,0,1,250
reflection,250,630,0,3,67,67,1,317
static_team,250,630,1,7,7,7,0,508
corpus_mesh,250,630,1,3,3,3,0,533
single,250,631,0,3,0,0,1,250
reflection,250,631,0,7,75,72,1,325
static_team,250,631,1,8,8,8,0,510
corpus_mesh,250,631,1,5,5,5,0,537
single,250,632,0,3,0,0,1,250
reflection,250,632,0,2,80,79,1,330
static_team,250,632,1,9,9,9,0,510
corpus_mesh,250,632,0,3,3,2,1,542
single,250,633,0,3,0,0,1,250
reflection,250,633,0,4,68,65,1,318
static_team,250,633,1,4,4,4,0,504
corpus_mesh,250,633,1,4,4,4,0,536
single,250,634,0,2,0,0,1,250
reflection,250,634,0,4,76,75,1,326
static_team,250,634,1,4,4,4,0,505
corpus_mesh,250,634,1,4,4,4,0,535
single,250,635,0,1,0,0,1,250
reflection,250,635,0,4,77,76,1,327
static_team,250,635,1,6,6,6,0,507
corpus_mesh,250,635,1,3,3,3,0,534
single,250,636,0,5,0,0,1,250
reflection,250,636,0,2,75,75,1,325
static_team,250,636,0,3,3,2,1,503
corpus_mesh,250,636,1,4,4,4,0,535
single,250,637,0,4,0,0,1,250
reflection,250,637,0,6,69,69,1,319
static_team,250,637,1,7,7,7,0,507
corpus_mesh,250,637,0,1,1,1,1,533
single,250,638,0,4,0,0,1,250
reflection,250,638,0,3,74,74,1,324
static_team,250,638,1,1,1,1,0,502
corpus_mesh,250,638,1,1,1,1,0,524
single,250,639,0,4,0,0,1,250
reflection,250,639,0,0,68,67,1,318
static_team,250,639,1,3,3,3,0,505
corpus_mesh,250,639,1,8,8,8,0,539
single,250,640,0,4,0,0,1,250
reflection,250,640,0,4,76,75,1,326
static_team,250,640,1,0,0,0,0,502
corpus_mesh,250,640,1,2,2,2,0,533
single,250,641,0,2,0,0,1,250
reflection,250,641,0,3,68,67,1,318
static_team,250,641,1,2,2,2,0,502
corpus_mesh,250,641,1,6,6,6,0,543
single,250,642,1,0,0,0,0,250
reflection,250,642,0,3,70,68,1,320
static_team,250,642,1,2,2,2,0,502
corpus_mesh,250,642,1,2,2,2,0,529
single,250,643,0,1,0,0,1,250
reflection,250,643,1,1,68,68,0,318
static_team,250,643,1,2,2,2,0,503
corpus_mesh,250,643,1,4,4,4,0,528
single,250,644,0,1,0,0,1,250
reflection,250,644,0,3,70,68,1,320
static_team,250,644,0,3,3,2,1,503
corpus_mesh,250,644,1,1,1,1,0,534
single,250,645,0,3,0,0,1,250
reflection,250,645,0,2,57,57,1,307
static_team,250,645,1,4,4,4,0,505
corpus_mesh,250,645,0,3,3,2,1,537
single,250,646,0,3,0,0,1,250
reflection,250,646,0,1,76,75,1,326
static_team,250,646,1,0,0,0,0,500
corpus_mesh,250,646,1,4,4,4,0,536
single,250,647,0,2,0,0,1,250
reflection,250,647,0,3,54,54,1,304
static_team,250,647,1,4,4,4,0,504
corpus_mesh,250,647,1,4,4,4,0,539
single,250,648,0,7,0,0,1,250
reflection,250,648,0,5,73,71,1,323
static_team,250,648,1,6,6,6,0,507
corpus_mesh,250,648,1,5,5,5,0,532
single,250,649,0,2,0,0,1,250
reflection,250,649,0,7,75,75,1,325
static_team,250,649,1,1,1,1,0,501
corpus_mesh,250,649,1,4,4,4,0,533
single,250,650,0,2,0,0,1,250
reflection,250,650,0,3,66,66,1,316
static_team,250,650,1,2,2,2,0,503
corpus_mesh,250,650,1,1,1,1,0,527
single,250,651,0,6,0,0,1,250
reflection,250,651,0,2,71,71,1,321
static_team,250,651,1,3,3,3,0,505
corpus_mesh,250,651,1,2,2,2,0,524
single,250,652,0,3,0,0,1,250
reflection,250,652,0,3,68,68,1,318
static_team,250,652,1,1,1,1,0,501
corpus_mesh,250,652,1,3,3,3,0,529
single,250,653,0,2,0,0,1,250
reflection,250,653,0,6,59,56,1,309
static_team,250,653,0,4,4,3,1,504
corpus_mesh,250,653,1,1,1,1,0,535
single,250,654,0,4,0,0,1,250
reflection,250,654,1,0,59,59,0,309
static_team,250,654,1,3,3,3,0,507
corpus_mesh,250,654,1,3,3,3,0,539
single,250,655,0,4,0,0,1,250
reflection,250,655,0,7,65,64,1,315
static_team,250,655,1,2,2,2,0,507
corpus_mesh,250,655,1,3,3,3,0,528
single,250,656,0,2,0,0,1,250
reflection,250,656,0,2,61,60,1,311
static_team,250,656,1,8,8,8,0,512
corpus_mesh,250,656,1,8,8,8,0,543
single,250,657,0,6,0,0,1,250
reflection,250,657,0,8,67,67,1,317
static_team,250,657,1,4,4,4,0,506
corpus_mesh,250,657,1,2,2,2,0,537
single,250,658,0,11,0,0,1,250
reflection,250,658,0,3,73,73,1,323
static_team,250,658,1,5,5,5,0,505
corpus_mesh,250,658,1,3,3,3,0,531
single,250,659,0,4,0,0,1,250
reflection,250,659,0,7,67,67,1,317
static_team,250,659,1,4,4,4,0,504
corpus_mesh,250,659,1,4,4,4,0,546
single,250,660,0,7,0,0,1,250
reflection,250,660,0,6,66,66,1,316
static_team,250,660,1,5,5,5,0,509
corpus_mesh,250,660,1,4,4,4,0,530
single,250,661,0,3,0,0,1,250
reflection,250,661,0,5,68,66,1,318
static_team,250,661,1,0,0,0,0,502
corpus_mesh,250,661,1,3,3,3,0,539
single,250,662,0,2,0,0,1,250
reflection,250,662,0,4,69,67,1,319
static_team,250,662,0,7,7,6,1,507
corpus_mesh,250,662,1,1,1,1,0,534
single,250,663,0,5,0,0,1,250
reflection,250,663,0,3,81,81,1,331
static_team,250,663,1,3,3,3,0,505
corpus_mesh,250,663,1,4,4,4,0,536
single,250,664,0,2,0,0,1,250
reflection,250,664,0,8,75,74,1,325
static_team,250,664,1,2,2,2,0,505
corpus_mesh,250,664,1,2,2,2,0,534
single,250,665,0,5,0,0,1,250
reflection,250,665,0,5,70,68,1,320
static_team,250,665,1,11,11,11,0,512
corpus_mesh,250,665,1,2,2,2,0,518
single,250,666,0,5,0,0,1,250
reflection,250,666,0,5,65,65,1,315
static_team,250,666,1,2,2,2,0,504
corpus_mesh,250,666,1,0,0,0,0,533
single,250,667,0,1,0,0,1,250
reflection,250,667,0,4,72,71,1,322
static_team,250,667,1,0,0,0,0,501
corpus_mesh,250,667,1,2,2,2,0,542
single,250,668,0,1,0,0,1,250
reflection,250,668,0,2,57,56,1,307
static_team,250,668,1,6,6,6,0,508
corpus_mesh,250,668,1,6,6,6,0,542
single,250,669,0,6,0,0,1,250
reflection,250,669,0,3,67,66,1,317
static_team,250,669,1,3,3,3,0,503
corpus_mesh,250,669,1,8,8,8,0,543
single,250,670,0,4,0,0,1,250
reflection,250,670,1,3,78,75,0,328
static_team,250,670,1,7,7,7,0,507
corpus_mesh,250,670,1,1,1,1,0,527
single,250,671,0,3,0,0,1,250
reflection,250,671,0,7,61,60,1,311
static_team,250,671,1,4,4,4,0,506
corpus_mesh,250,671,1,4,4,4,0,542
single,250,672,0,1,0,0,1,250
reflection,250,672,0,2,61,57,1,311
static_team,250,672,1,5,5,5,0,506
corpus_mesh,250,672,1,2,2,2,0,535
single,250,673,0,3,0,0,1,250
reflection,250,673,0,7,68,67,1,318
static_team,250,673,0,7,7,5,2,507
corpus_mesh,250,673,1,1,1,1,0,535
single,250,674,0,3,0,0,1,250
reflection,250,674,0,3,70,67,1,320
static_team,250,674,1,5,5,5,0,507
corpus_mesh,250,674,1,7,7,7,0,539
single,250,675,0,3,0,0,1,250
reflection,250,675,0,4,68,67,1,318
static_team,250,675,1,0,0,0,0,500
corpus_mesh,250,675,1,2,2,2,0,528
single,250,676,0,5,0,0,1,250
reflection,250,676,0,2,67,66,1,317
static_team,250,676,1,2,2,2,0,504
corpus_mesh,250,676,1,3,3,3,0,535
single,250,677,0,3,0,0,1,250
reflection,250,677,0,3,75,75,1,325
static_team,250,677,1,3,3,3,0,505
corpus_mesh,250,677,1,4,4,4,0,531
single,250,678,0,2,0,0,1,250
reflection,250,678,0,2,67,66,1,317
static_team,250,678,1,1,1,1,0,501
corpus_mesh,250,678,1,5,5,5,0,526
single,250,679,0,2,0,0,1,250
reflection,250,679,0,2,69,69,1,319
static_team,250,679,1,4,4,4,0,505
corpus_mesh,250,679,1,4,4,4,0,534
single,250,680,0,2,0,0,1,250
reflection,250,680,0,8,59,57,1,309
static_team,250,680,1,3,3,3,0,503
corpus_mesh,250,680,1,3,3,3,0,537
single,250,681,0,1,0,0,1,250
reflection,250,681,0,8,56,56,1,306
static_team,250,681,1,5,5,5,0,506
corpus_mesh,250,681,1,6,6,6,0,537
single,250,682,0,4,0,0,1,250
reflection,250,682,0,7,64,60,1,314
static_team,250,682,1,3,3,3,0,504
corpus_mesh,250,682,1,3,3,3,0,538
single,250,683,0,4,0,0,1,250
reflection,250,683,0,5,68,67,1,318
static_team,250,683,1,4,4,4,0,506
corpus_mesh,250,683,0,4,4,3,1,532
single,250,684,0,4,0,0,1,250
reflection,250,684,0,3,59,58,1,309
static_team,250,684,0,4,4,4,1,506
corpus_mesh,250,684,1,5,5,5,0,535
single,250,685,0,2,0,0,1,250
reflection,250,685,0,3,69,66,1,319
static_team,250,685,1,6,6,6,0,509
corpus_mesh,250,685,1,6,6,6,0,548
single,250,686,0,3,0,0,1,250
reflection,250,686,0,3,68,67,1,318
static_team,250,686,1,4,4,4,0,505
corpus_mesh,250,686,1,2,2,2,0,527
single,250,687,0,4,0,0,1,250
reflection,250,687,0,7,72,71,1,322
static_team,250,687,1,1,1,1,0,503
corpus_mesh,250,687,0,6,6,5,1,552
single,250,688,0,5,0,0,1,250
reflection,250,688,0,2,58,56,1,308
static_team,250,688,1,1,1,1,0,502
corpus_mesh,250,688,1,6,6,6,0,529
single,250,689,0,3,0,0,1,250
reflection,250,689,0,3,51,51,1,301
static_team,250,689,1,8,8,8,0,510
corpus_mesh,250,689,1,2,2,2,0,533
single,250,690,0,2,0,0,1,250
reflection,250,690,1,1,69,69,0,319
static_team,250,690,1,2,2,2,0,503
corpus_mesh,250,690,1,5,5,5,0,544
single,250,691,0,5,0,0,1,250
reflection,250,691,0,2,61,61,1,311
static_team,250,691,1,6,6,6,0,506
corpus_mesh,250,691,1,5,5,5,0,537
single,250,692,0,1,0,0,1,250
reflection,250,692,0,4,72,71,1,322
static_team,250,692,1,2,2,2,0,504
corpus_mesh,250,692,1,3,3,3,0,540
single,250,693,0,3,0,0,1,250
reflection,250,693,0,3,86,86,1,336
static_team,250,693,1,4,4,4,0,505
corpus_mesh,250,693,1,3,3,3,0,533
single,250,694,0,7,0,0,1,250
reflection,250,694,0,2,70,69,1,320
static_team,250,694,1,1,1,1,0,502
corpus_mesh,250,694,1,4,4,4,0,525
single,250,695,0,5,0,0,1,250
reflection,250,695,0,4,79,79,1,329
static_team,250,695,1,3,3,3,0,508
corpus_mesh,250,695,1,3,3,3,0,529
single,250,696,0,5,0,0,1,250
reflection,250,696,0,2,66,66,1,316
static_team,250,696,1,4,4,4,0,506
corpus_mesh,250,696,1,3,3,3,0,537
single,250,697,0,3,0,0,1,250
reflection,250,697,0,4,70,69,1,320
static_team,250,697,1,4,4,4,0,506
corpus_mesh,250,697,1,4,4,4,0,531
single,250,698,0,3,0,0,1,250
reflection,250,698,0,5,69,65,1,319
static_team,250,698,1,5,5,5,0,505
corpus_mesh,250,698,1,2,2,2,0,535
single,250,699,0,2,0,0,1,250
reflection,250,699,0,0,76,74,1,326
static_team,250,699,1,4,4,4,0,506
corpus_mesh,250,699,1,2,2,2,0,530
single,250,700,0,2,0,0,1,250
reflection,250,700,0,2,83,83,1,333
static_team,250,700,1,1,1,1,0,502
corpus_mesh,250,700,1,3,3,3,0,536
single,250,701,0,4,0,0,1,250
reflection,250,701,0,3,82,82,1,332
static_team,250,701,1,2,2,2,0,503
corpus_mesh,250,701,1,5,5,5,0,541
single,250,702,0,5,0,0,1,250
reflection,250,702,0,2,63,63,1,313
static_team,250,702,1,3,3,3,0,505
corpus_mesh,250,702,1,5,5,5,0,547
single,250,703,0,6,0,0,1,250
reflection,250,703,0,3,69,68,1,319
static_team,250,703,1,1,1,1,0,502
corpus_mesh,250,703,1,3,3,3,0,533
single,250,704,0,4,0,0,1,250
reflection,250,704,0,4,66,64,1,316
static_team,250,704,1,3,3,3,0,506
corpus_mesh,250,704,1,5,5,5,0,543
single,250,705,0,2,0,0,1,250
reflection,250,705,0,2,72,71,1,322
static_team,250,705,1,3,3,3,0,503
corpus_mesh,250,705,1,1,1,0,0,531
single,250,706,0,3,0,0,1,250
reflection,250,706,0,7,67,66,1,317
static_team,250,706,1,8,8,8,0,510
corpus_mesh,250,706,1,2,2,2,0,533
single,250,707,0,1,0,0,1,250
reflection,250,707,0,4,68,67,1,318
static_team,250,707,1,2,2,2,0,503
corpus_mesh,250,707,1,2,2,2,0,529
single,250,708,0,9,0,0,1,250
reflection,250,708,0,2,72,69,1,322
static_team,250,708,1,3,3,3,0,504
corpus_mesh,250,708,1,5,5,5,0,539
single,250,709,1,3,0,0,0,250
reflection,250,709,0,5,71,71,1,321
static_team,250,709,0,4,3,3,1,503
corpus_mesh,250,709,1,4,4,4,0,528
single,250,710,0,2,0,0,1,250
reflection,250,710,0,3,67,64,1,317
static_team,250,710,1,4,4,4,0,504
corpus_mesh,250,710,1,3,3,3,0,534
single,250,711,0,3,0,0,1,250
reflection,250,711,0,2,63,63,1,313
static_team,250,711,1,3,3,3,0,504
corpus_mesh,250,711,1,5,5,5,0,538
single,250,712,0,4,0,0,1,250
reflection,250,712,0,5,73,69,1,323
static_team,250,712,1,1,1,1,0,502
corpus_mesh,250,712,1,5,5,5,0,536
single,250,713,0,2,0,0,1,250
reflection,250,713,1,4,59,57,0,309
static_team,250,713,1,4,4,4,0,504
corpus_mesh,250,713,1,7,7,7,0,544
single,250,714,0,2,0,0,1,250
reflection,250,714,0,3,84,84,1,334
static_team,250,714,1,2,2,2,0,503
corpus_mesh,250,714,1,4,4,4,0,532
single,250,715,0,5,0,0,1,250
reflection,250,715,1,11,68,65,0,318
static_team,250,715,1,2,2,2,0,503
corpus_mesh,250,715,1,5,5,5,0,540
single,250,716,0,5,0,0,1,250
reflection,250,716,0,3,67,65,1,317
static_team,250,716,1,0,0,0,0,502
corpus_mesh,250,716,1,6,6,6,0,543
single,250,717,0,3,0,0,1,250
reflection,250,717,0,3,72,72,1,322
static_team,250,717,1,2,2,2,0,502
corpus_mesh,250,717,1,3,3,3,0,536
single,250,718,0,1,0,0,1,250
reflection,250,718,0,8,63,63,1,313
static_team,250,718,1,6,6,6,0,508
corpus_mesh,250,718,1,6,6,6,0,549
single,250,719,0,3,0,0,1,250
reflection,250,719,0,3,73,72,1,323
static_team,250,719,1,8,8,8,0,510
corpus_mesh,250,719,1,5,5,5,0,549
single,250,720,0,4,0,0,1,250
reflection,250,720,0,7,73,73,1,323
static_team,250,720,1,1,1,1,0,503
corpus_mesh,250,720,0,4,4,4,1,545
single,250,721,0,3,0,0,1,250
reflection,250,721,0,3,78,76,1,328
static_team,250,721,1,4,4,4,0,505
corpus_mesh,250,721,1,0,0,0,0,536
single,250,722,0,2,0,0,1,250
reflection,250,722,0,5,72,70,1,322
static_team,250,722,1,2,2,2,0,505
corpus_mesh,250,722,0,5,5,5,1,547
single,250,723,0,5,0,0,1,250
reflection,250,723,0,7,60,60,1,310
static_team,250,723,1,1,1,1,0,502
corpus_mesh,250,723,1,3,3,3,0,538
single,250,724,0,5,0,0,1,250
reflection,250,724,0,5,67,65,1,317
static_team,250,724,1,7,7,7,0,510
corpus_mesh,250,724,1,3,3,3,0,526
single,250,725,0,5,0,0,1,250
reflection,250,725,0,1,66,66,1,316
static_team,250,725,1,2,2,2,0,502
corpus_mesh,250,725,0,4,3,3,1,530
single,250,726,0,3,0,0,1,250
reflection,250,726,0,2,73,72,1,323
static_team,250,726,1,3,3,3,0,507
corpus_mesh,250,726,1,5,5,5,0,536
single,250,727,0,4,0,0,1,250
reflection,250,727,0,3,65,65,1,315
static_team,250,727,0,4,4,3,1,505
corpus_mesh,250,727,1,7,7,7,0,538
single,250,728,0,2,0,0,1,250
reflection,250,728,0,3,63,63,1,313
static_team,250,728,1,5,5,5,0,505
corpus_mesh,250,728,1,4,4,4,0,543
single,250,729,0,2,0,0,1,250
reflection,250,729,0,4,67,67,1,317
static_team,250,729,1,4,4,4,0,505
corpus_mesh,250,729,1,2,2,2,0,535
single,250,730,0,2,0,0,1,250
reflection,250,730,0,3,78,77,1,328
static_team,250,730,1,3,3,3,0,503
corpus_mesh,250,730,1,6,6,6,0,536
single,250,731,0,7,0,0,1,250
reflection,250,731,0,5,80,79,1,330
static_team,250,731,1,6,6,6,0,508
corpus_mesh,250,731,1,4,4,4,0,529
single,250,732,0,2,0,0,1,250
reflection,250,732,0,5,65,65,1,315
static_team,250,732,1,3,3,3,0,504
corpus_mesh,250,732,1,7,7,7,0,540
single,250,733,0,6,0,0,1,250
reflection,250,733,0,3,75,71,1,325
static_team,250,733,1,4,4,4,0,507
corpus_mesh,250,733,1,5,5,5,0,532
single,250,734,0,3,0,0,1,250
reflection,250,734,0,5,83,83,1,333
static_team,250,734,0,5,5,4,1,506
corpus_mesh,250,734,1,3,3,3,0,528
single,250,735,0,5,0,0,1,250
reflection,250,735,0,4,79,77,1,329
static_team,250,735,1,3,3,3,0,505
corpus_mesh,250,735,1,1,1,1,0,535
single,250,736,0,1,0,0,1,250
reflection,250,736,0,3,71,70,1,321
static_team,250,736,1,2,2,2,0,503
corpus_mesh,250,736,1,5,5,5,0,538
single,250,737,0,5,0,0,1,250
reflection,250,737,0,1,61,61,1,311
static_team,250,737,1,6,6,6,0,507
corpus_mesh,250,737,1,3,3,3,0,532
single,250,738,0,3,0,0,1,250
reflection,250,738,0,3,77,76,1,327
static_team,250,738,1,6,6,6,0,508
corpus_mesh,250,738,1,3,3,3,0,529
single,250,739,0,1,0,0,1,250
reflection,250,739,0,7,83,81,1,333
static_team,250,739,0,2,2,1,1,504
corpus_mesh,250,739,1,4,4,4,0,529
single,250,740,0,4,0,0,1,250
reflection,250,740,0,1,63,61,1,313
static_team,250,740,1,6,6,6,0,506
corpus_mesh,250,740,1,2,2,2,0,522
single,250,741,0,3,0,0,1,250
reflection,250,741,0,3,73,70,1,323
static_team,250,741,1,5,5,5,0,506
corpus_mesh,250,741,1,4,4,4,0,541
single,250,742,0,3,0,0,1,250
reflection,250,742,0,2,65,65,1,315
static_team,250,742,1,3,3,3,0,503
corpus_mesh,250,742,1,1,1,1,0,526
single,250,743,0,1,0,0,1,250
reflection,250,743,0,2,62,60,1,312
static_team,250,743,1,3,3,3,0,503
corpus_mesh,250,743,1,5,5,5,0,537
single,250,744,0,4,0,0,1,250
reflection,250,744,0,1,86,85,1,336
static_team,250,744,1,4,4,4,0,504
corpus_mesh,250,744,0,4,4,3,1,535
single,250,745,0,2,0,0,1,250
reflection,250,745,0,2,70,69,1,320
static_team,250,745,1,3,3,3,0,504
corpus_mesh,250,745,1,5,5,5,0,533
single,250,746,0,2,0,0,1,250
reflection,250,746,0,6,71,71,1,321
static_team,250,746,1,3,3,3,0,504
corpus_mesh,250,746,1,3,3,3,0,530
single,250,747,0,3,0,0,1,250
reflection,250,747,0,3,71,70,1,321
static_team,250,747,1,4,4,4,0,506
corpus_mesh,250,747,1,5,5,5,0,532
single,250,748,0,4,0,0,1,250
reflection,250,748,0,5,58,58,1,308
static_team,250,748,1,2,2,2,0,502
corpus_mesh,250,748,1,2,2,2,0,526
single,250,749,1,5,0,0,0,250
reflection,250,749,0,3,72,71,1,322
static_team,250,749,1,2,2,2,0,503
corpus_mesh,250,749,1,4,4,4,0,537
single,250,750,0,3,0,0,1,250
reflection,250,750,0,2,65,65,1,315
static_team,250,750,1,3,3,3,0,504
corpus_mesh,250,750,1,4,4,4,0,533
single,250,751,0,2,0,0,1,250
reflection,250,751,0,2,73,71,1,323
static_team,250,751,1,5,5,5,0,506
corpus_mesh,250,751,1,3,3,3,0,524
single,250,752,0,3,0,0,1,250
reflection,250,752,0,3,79,79,1,329
static_team,250,752,1,5,5,5,0,507
corpus_mesh,250,752,1,2,2,2,0,539
single,250,753,0,7,0,0,1,250
reflection,250,753,0,1,69,69,1,319
static_team,250,753,1,3,3,3,0,503
corpus_mesh,250,753,1,4,4,4,0,549
single,250,754,1,0,0,0,0,250
reflection,250,754,0,3,60,60,1,310
static_team,250,754,1,5,5,5,0,505
corpus_mesh,250,754,1,6,6,6,0,540
single,250,755,0,7,0,0,1,250
reflection,250,755,0,3,75,74,1,325
static_team,250,755,1,1,1,1,0,501
corpus_mesh,250,755,1,5,5,5,0,535
single,250,756,1,0,0,0,0,250
reflection,250,756,0,4,55,50,1,305
static_team,250,756,1,2,2,2,0,502
corpus_mesh,250,756,1,4,4,4,0,526
single,250,757,0,7,0,0,1,250
reflection,250,757,0,3,65,64,1,315
static_team,250,757,1,2,2,2,0,505
corpus_mesh,250,757,1,1,1,1,0,523
single,250,758,0,1,0,0,1,250
reflection,250,758,0,3,66,66,1,316
static_team,250,758,1,5,5,5,0,507
corpus_mesh,250,758,1,2,2,2,0,531
single,250,759,0,7,0,0,1,250
reflection,250,759,0,5,74,73,1,324
static_team,250,759,1,4,4,4,0,506
corpus_mesh,250,759,1,3,3,3,0,542
single,250,760,0,5,0,0,1,250
reflection,250,760,0,3,65,64,1,315
static_team,250,760,1,3,3,3,0,505
corpus_mesh,250,760,1,2,2,2,0,526
single,250,761,0,5,0,0,1,250
reflection,250,761,0,5,70,69,1,320
static_team,250,761,1,5,5,5,0,506
corpus_mesh,250,761,1,5,5,5,0,531
single,250,762,0,4,0,0,1,250
reflection,250,762,0,2,69,69,1,319
static_team,250,762,0,5,5,4,1,507
corpus_mesh,250,762,1,3,3,3,0,530
single,250,763,0,1,0,0,1,250
reflection,250,763,0,4,65,65,1,315
static_team,250,763,1,7,7,7,0,508
corpus_mesh,250,763,1,5,5,4,0,546
single,250,764,0,6,0,0,1,250
reflection,250,764,0,2,59,58,1,309
static_team,250,764,0,4,4,3,1,507
corpus_mesh,250,764,1,1,1,1,0,537
single,250,765,0,5,0,0,1,250
reflection,250,765,0,2,86,85,1,336
static_team,250,765,1,5,5,5,0,505
corpus_mesh,250,765,0,8,8,7,1,544
single,250,766,0,4,0,0,1,250
reflection,250,766,1,1,71,70,0,321
static_team,250,766,1,6,6,6,0,506
corpus_mesh,250,766,1,4,4,4,0,533
single,250,767,0,4,0,0,1,250
reflection,250,767,0,2,62,62,1,312
static_team,250,767,1,3,3,3,0,504
corpus_mesh,250,767,0,2,2,1,1,527
single,250,768,0,2,0,0,1,250
reflection,250,768,0,5,69,67,1,319
static_team,250,768,1,6,6,6,0,510
corpus_mesh,250,768,1,4,4,4,0,528
single,250,769,0,4,0,0,1,250
reflection,250,769,0,10,67,67,1,317
static_team,250,769,1,5,5,5,0,505
corpus_mesh,250,769,1,2,2,2,0,530
single,250,770,0,5,0,0,1,250
reflection,250,770,0,2,64,63,1,314
static_team,250,770,1,4,4,4,0,507
corpus_mesh,250,770,0,2,2,1,1,530
single,250,771,0,5,0,0,1,250
reflection,250,771,0,2,72,70,1,322
static_team,250,771,1,0,0,0,0,501
corpus_mesh,250,771,1,3,3,3,0,537
single,250,772,0,5,0,0,1,250
reflection,250,772,0,4,60,60,1,310
static_team,250,772,1,5,5,5,0,509
corpus_mesh,250,772,1,2,2,2,0,531
single,250,773,0,7,0,0,1,250
reflection,250,773,1,1,76,76,0,326
static_team,250,773,1,3,3,3,0,505
corpus_mesh,250,773,0,3,3,3,1,538
single,250,774,0,5,0,0,1,250
reflection,250,774,0,5,65,63,1,315
static_team,250,774,1,3,3,3,0,504
corpus_mesh,250,774,0,2,2,1,1,535
single,250,775,0,4,0,0,1,250
reflection,250,775,0,2,68,68,1,318
static_team,250,775,1,4,4,4,0,505
corpus_mesh,250,775,1,7,7,7,0,541
single,250,776,0,2,0,0,1,250
reflection,250,776,0,4,71,71,1,321
static_team,250,776,0,5,5,4,1,507
corpus_mesh,250,776,1,4,4,4,0,532
single,250,777,0,2,0,0,1,250
reflection,250,777,0,3,69,67,1,319
static_team,250,777,1,5,5,5,0,505
corpus_mesh,250,777,1,4,4,4,0,537
single,250,778,0,2,0,0,1,250
reflection,250,778,0,8,74,74,1,324
static_team,250,778,1,4,4,4,0,509
corpus_mesh,250,778,1,3,3,3,0,534
single,250,779,0,2,0,0,1,250
reflection,250,779,0,2,67,65,1,317
static_team,250,779,1,2,2,2,0,503
corpus_mesh,250,779,1,6,6,6,0,537
single,250,780,0,7,0,0,1,250
reflection,250,780,0,4,69,69,1,319
static_team,250,780,1,6,6,6,0,508
corpus_mesh,250,780,1,5,5,5,0,538
single,250,781,0,8,0,0,1,250
reflection,250,781,0,6,68,68,1,318
static_team,250,781,0,4,4,3,1,504
corpus_mesh,250,781,1,2,2,2,0,533
single,250,782,0,9,0,0,1,250
reflection,250,782,0,6,66,66,1,316
static_team,250,782,1,7,7,7,0,510
corpus_mesh,250,782,1,2,2,2,0,539
single,250,783,0,4,0,0,1,250
reflection,250,783,0,5,71,70,1,321
static_team,250,783,1,5,5,5,0,505
corpus_mesh,250,783,0,8,8,7,1,542
single,250,784,0,4,0,0,1,250
reflection,250,784,0,6,77,77,1,327
static_team,250,784,1,3,3,3,0,507
corpus_mesh,250,784,1,2,2,2,0,536
single,250,785,0,6,0,0,1,250
reflection,250,785,0,3,75,75,1,325
static_team,250,785,1,1,1,1,0,504
corpus_mesh,250,785,0,5,5,3,2,534
single,250,786,0,3,0,0,1,250
reflection,250,786,0,3,74,73,1,324
static_team,250,786,0,5,5,4,1,506
corpus_mesh,250,786,1,5,5,5,0,530
single,250,787,0,7,0,0,1,250
reflection,250,787,0,6,72,71,1,322
static_team,250,787,1,4,4,4,0,507
corpus_mesh,250,787,1,5,5,5,0,532
single,250,788,0,1,0,0,1,250
reflection,250,788,0,6,81,80,1,331
static_team,250,788,1,3,3,3,0,503
corpus_mesh,250,788,0,4,4,3,1,536
single,250,789,0,3,0,0,1,250
reflection,250,789,0,1,71,69,1,321
static_team,250,789,1,4,4,4,0,505
corpus_mesh,250,789,1,2,2,2,0,525
single,250,790,1,0,0,0,0,250
reflection,250,790,0,6,63,62,1,313
static_team,250,790,1,2,2,2,0,504
corpus_mesh,250,790,1,4,4,4,0,532
single,250,791,0,2,0,0,1,250
reflection,250,791,0,5,66,65,1,316
static_team,250,791,1,4,4,4,0,504
corpus_mesh,250,791,1,5,5,5,0,534
single,250,792,0,2,0,0,1,250
reflection,250,792,0,2,57,55,1,307
static_team,250,792,1,1,1,1,0,502
corpus_mesh,250,792,0,5,5,4,1,535
single,250,793,0,2,0,0,1,250
reflection,250,793,0,2,67,66,1,317
static_team,250,793,1,5,5,5,0,505
corpus_mesh,250,793,1,2,2,2,0,528
single,250,794,0,3,0,0,1,250
reflection,250,794,0,4,70,68,1,320
static_team,250,794,0,4,4,4,1,506
corpus_mesh,250,794,1,6,6,6,0,549
single,250,795,0,4,0,0,1,250
reflection,250,795,0,4,71,71,1,321
static_team,250,795,1,5,5,5,0,507
corpus_mesh,250,795,1,2,2,2,0,527
single,250,796,1,0,0,0,0,250
reflection,250,796,0,4,77,75,1,327
static_team,250,796,1,3,3,3,0,503
corpus_mesh,250,796,1,5,5,5,0,537
single,250,797,0,4,0,0,1,250
reflection,250,797,0,6,77,77,1,327
static_team,250,797,1,5,5,5,0,506
corpus_mesh,250,797,1,2,2,2,0,525
single,250,798,0,6,0,0,1,250
reflection,250,798,0,4,72,71,1,322
static_team,250,798,1,2,2,2,0,502
corpus_mesh,250,798,1,4,4,4,0,532
single,250,799,0,1,0,0,1,250
reflection,250,799,0,2,70,70,1,320
static_team,250,799,1,4,4,4,0,505
corpus_mesh,250,799,1,3,3,3,0,536
single,250,800,0,2,0,0,1,250
reflection,250,800,0,4,70,69,1,320
static_team,250,800,1,4,4,4,0,505
corpus_mesh,250,800,1,5,5,5,0,543
single,250,801,0,3,0,0,1,250
reflection,250,801,0,5,61,61,1,311
static_team,250,801,1,3,3,3,0,506
corpus_mesh,250,801,1,2,2,2,0,537
single,250,802,0,1,0,0,1,250
reflection,250,802,0,4,72,70,1,322
static_team,250,802,1,2,2,2,0,506
corpus_mesh,250,802,1,3,3,3,0,537
single,250,803,0,4,0,0,1,250
reflection,250,803,0,4,75,74,1,325
static_team,250,803,1,4,4,4,0,506
corpus_mesh,250,803,1,2,2,2,0,532
single,250,804,0,3,0,0,1,250
reflection,250,804,0,6,66,65,1,316
static_team,250,804,1,6,6,6,0,507
corpus_mesh,250,804,1,4,4,4,0,539
single,250,805,0,2,0,0,1,250
reflection,250,805,0,2,72,72,1,322
static_team,250,805,1,5,5,5,0,507
corpus_mesh,250,805,1,0,0,0,0,534
single,250,806,0,8,0,0,1,250
reflection,250,806,0,2,69,69,1,319
static_team,250,806,1,4,4,4,0,504
corpus_mesh,250,806,1,2,2,2,0,534
single,250,807,0,4,0,0,1,250
reflection,250,807,0,2,57,56,1,307
static_team,250,807,1,1,1,1,0,502
corpus_mesh,250,807,1,4,4,4,0,534
single,250,808,0,5,0,0,1,250
reflection,250,808,0,6,77,75,1,327
static_team,250,808,1,2,2,2,0,502
corpus_mesh,250,808,1,6,6,6,0,534
single,250,809,0,4,0,0,1,250
reflection,250,809,0,2,60,58,1,310
static_team,250,809,1,3,3,3,0,506
corpus_mesh,250,809,1,4,4,4,0,540
single,250,810,0,5,0,0,1,250
reflection,250,810,0,2,79,78,1,329
static_team,250,810,1,2,2,2,0,502
corpus_mesh,250,810,1,13,13,13,0,555
single,250,811,1,0,0,0,0,250
reflection,250,811,0,5,62,62,1,312
static_team,250,811,1,5,5,5,0,505
corpus_mesh,250,811,1,6,6,6,0,541
single,250,812,0,7,0,0,1,250
reflection,250,812,0,3,68,65,1,318
static_team,250,812,1,3,3,3,0,505
corpus_mesh,250,812,1,3,3,3,0,536
single,250,813,0,3,0,0,1,250
reflection,250,813,0,6,82,79,1,332
static_team,250,813,1,5,5,5,0,509
corpus_mesh,250,813,1,5,5,5,0,535
single,250,814,0,2,0,0,1,250
reflection,250,814,0,6,60,59,1,310
static_team,250,814,1,1,1,1,0,501
corpus_mesh,250,814,1,2,2,2,0,523
single,250,815,0,11,0,0,1,250
reflection,250,815,0,6,77,75,1,327
static_team,250,815,1,8,8,8,0,510
corpus_mesh,250,815,1,4,4,4,0,535
single,250,816,0,2,0,0,1,250
reflection,250,816,0,7,68,68,1,318
static_team,250,816,1,4,4,4,0,506
corpus_mesh,250,816,1,7,7,7,0,541
single,250,817,1,0,0,0,0,250
reflection,250,817,0,4,78,78,1,328
static_team,250,817,1,2,2,2,0,502
corpus_mesh,250,817,0,3,3,2,1,534
single,250,818,0,6,0,0,1,250
reflection,250,818,0,7,74,73,1,324
static_team,250,818,1,4,4,4,0,506
corpus_mesh,250,818,1,2,2,2,0,530
single,250,819,0,3,0,0,1,250
reflection,250,819,0,5,57,56,1,307
static_team,250,819,1,2,2,2,0,503
corpus_mesh,250,819,1,3,3,3,0,538
single,250,820,0,7,0,0,1,250
reflection,250,820,0,3,70,69,1,320
static_team,250,820,1,2,2,2,0,502
corpus_mesh,250,820,1,6,6,6,0,538
single,250,821,0,4,0,0,1,250
reflection,250,821,0,3,71,71,1,321
static_team,250,821,1,3,3,3,0,505
corpus_mesh,250,821,1,1,1,1,0,528
single,250,822,0,5,0,0,1,250
reflection,250,822,0,6,56,56,1,306
static_team,250,822,1,2,2,2,0,503
corpus_mesh,250,822,1,3,3,3,0,524
single,250,823,0,7,0,0,1,250
reflection,250,823,0,2,71,70,1,321
static_team,250,823,1,3,3,3,0,504
corpus_mesh,250,823,1,6,6,6,0,548
single,250,824,0,5,0,0,1,250
reflection,250,824,0,3,73,72,1,323
static_team,250,824,0,2,1,1,1,501
corpus_mesh,250,824,1,5,5,5,0,533
single,250,825,1,0,0,0,0,250
reflection,250,825,0,4,59,59,1,309
static_team,250,825,1,7,7,7,0,509
corpus_mesh,250,825,0,4,4,3,1,533
single,250,826,0,2,0,0,1,250
reflection,250,826,0,3,68,65,1,318
static_team,250,826,1,4,4,4,0,505
corpus_mesh,250,826,1,3,3,3,0,528
single,250,827,0,3,0,0,1,250
reflection,250,827,0,5,73,73,1,323
static_team,250,827,1,4,4,4,0,505
corpus_mesh,250,827,1,6,6,6,0,538
single,250,828,0,1,0,0,1,250
reflection,250,828,0,4,60,59,1,310
static_team,250,828,1,3,3,3,0,503
corpus_mesh,250,828,1,4,4,4,0,525
single,250,829,0,4,0,0,1,250
reflection,250,829,0,2,69,69,1,319
static_team,250,829,1,6,6,6,0,506
corpus_mesh,250,829,1,5,5,5,0,544
single,250,830,0,3,0,0,1,250
reflection,250,830,0,7,74,74,1,324
static_team,250,830,1,5,5,5,0,505
corpus_mesh,250,830,1,6,6,6,0,542
single,250,831,0,5,0,0,1,250
reflection,250,831,0,5,80,80,1,330
static_team,250,831,1,2,2,2,0,503
corpus_mesh,250,831,1,2,2,2,0,528
single,250,832,0,3,0,0,1,250
reflection,250,832,0,6,65,62,1,315
static_team,250,832,0,2,2,1,1,502
corpus_mesh,250,832,1,2,2,2,0,539
single,250,833,0,4,0,0,1,250
reflection,250,833,0,4,72,71,1,322
static_team,250,833,1,6,6,6,0,507
corpus_mesh,250,833,1,0,0,0,0,532
single,250,834,0,4,0,0,1,250
reflection,250,834,0,4,68,68,1,318
static_team,250,834,1,2,2,2,0,506
corpus_mesh,250,834,1,1,1,1,0,534
single,250,835,0,6,0,0,1,250
reflection,250,835,0,2,69,68,1,319
static_team,250,835,1,5,5,5,0,507
corpus_mesh,250,835,1,6,6,5,0,534
single,250,836,0,4,0,0,1,250
reflection,250,836,0,6,75,75,1,325
static_team,250,836,0,5,5,5,1,507
corpus_mesh,250,836,1,3,3,3,0,539
single,250,837,0,1,0,0,1,250
reflection,250,837,0,4,48,48,1,298
static_team,250,837,1,5,5,5,0,505
corpus_mesh,250,837,1,2,2,2,0,532
single,250,838,0,1,0,0,1,250
reflection,250,838,0,3,75,74,1,325
static_team,250,838,1,4,4,4,0,505
corpus_mesh,250,838,1,4,4,4,0,529
single,250,839,0,8,0,0,1,250
reflection,250,839,0,7,71,71,1,321
static_team,250,839,1,2,2,2,0,503
corpus_mesh,250,839,1,5,5,5,0,538
single,250,840,0,2,0,0,1,250
reflection,250,840,0,1,53,52,1,303
static_team,250,840,1,4,4,4,0,505
corpus_mesh,250,840,1,0,0,0,0,530
single,250,841,0,6,0,0,1,250
reflection,250,841,0,4,69,68,1,319
static_team,250,841,1,5,5,5,0,505
corpus_mesh,250,841,1,4,4,4,0,536
single,250,842,0,2,0,0,1,250
reflection,250,842,0,3,74,74,1,324
static_team,250,842,1,5,5,5,0,506
corpus_mesh,250,842,1,3,3,3,0,535
single,250,843,0,4,0,0,1,250
reflection,250,843,0,4,78,76,1,328
static_team,250,843,1,2,2,2,0,504
corpus_mesh,250,843,1,3,3,3,0,531
single,250,844,0,1,0,0,1,250
reflection,250,844,0,2,70,68,1,320
static_team,250,844,1,6,6,6,0,507
corpus_mesh,250,844,0,5,5,4,1,538
single,250,845,0,3,0,0,1,250
reflection,250,845,0,5,55,53,1,305
static_team,250,845,1,2,2,2,0,503
corpus_mesh,250,845,1,5,5,5,0,535
single,250,846,0,4,0,0,1,250
reflection,250,846,0,2,73,71,1,323
static_team,250,846,1,5,5,5,0,506
corpus_mesh,250,846,1,1,1,1,0,532
single,250,847,0,4,0,0,1,250
reflection,250,847,0,3,60,58,1,310
static_team,250,847,1,2,2,2,0,503
corpus_mesh,250,847,1,3,3,3,0,532
single,250,848,0,5,0,0,1,250
reflection,250,848,0,2,71,70,1,321
static_team,250,848,1,4,4,4,0,504
corpus_mesh,250,848,1,5,5,5,0,526
single,250,849,0,4,0,0,1,250
reflection,250,849,0,3,80,79,1,330
static_team,250,849,1,3,3,3,0,503
corpus_mesh,250,849,1,4,4,4,0,536
single,250,850,0,1,0,0,1,250
reflection,250,850,0,2,69,67,1,319
static_team,250,850,1,5,5,5,0,506
corpus_mesh,250,850,0,7,7,6,1,542
single,250,851,0,2,0,0,1,250
reflection,250,851,0,2,60,59,1,310
static_team,250,851,1,2,2,2,0,503
corpus_mesh,250,851,1,4,4,4,0,532
single,250,852,0,3,0,0,1,250
reflection,250,852,0,3,64,64,1,314
static_team,250,852,1,3,3,3,0,507
corpus_mesh,250,852,1,5,5,5,0,531
single,250,853,0,1,0,0,1,250
reflection,250,853,0,4,71,70,1,321
static_team,250,853,1,2,2,2,0,502
corpus_mesh,250,853,1,7,7,7,0,538
single,250,854,0,3,0,0,1,250
reflection,250,854,0,6,61,60,1,311
static_team,250,854,1,4,4,4,0,504
corpus_mesh,250,854,1,4,4,4,0,538
single,250,855,0,3,0,0,1,250
reflection,250,855,0,3,76,74,1,326
static_team,250,855,1,0,0,0,0,500
corpus_mesh,250,855,1,4,4,4,0,529
single,250,856,0,8,0,0,1,250
reflection,250,856,0,4,78,76,1,328
static_team,250,856,1,2,2,2,0,504
corpus_mesh,250,856,1,2,2,2,0,533
single,250,857,0,2,0,0,1,250
reflection,250,857,1,1,62,62,0,312
static_team,250,857,1,4,4,4,0,505
corpus_mesh,250,857,1,5,5,5,0,533
single,250,858,0,3,0,0,1,250
reflection,250,858,0,3,68,67,1,318
static_team,250,858,1,6,6,6,0,507
corpus_mesh,250,858,1,3,3,3,0,524
single,250,859,0,4,0,0,1,250
reflection,250,859,0,4,70,70,1,320
static_team,250,859,1,4,4,4,0,505
corpus_mesh,250,859,1,1,1,1,0,526
single,250,860,0,4,0,0,1,250
reflection,250,860,0,2,74,73,1,324
static_team,250,860,1,13,13,13,0,516
corpus_mesh,250,860,1,6,6,6,0,545
single,250,861,0,3,0,0,1,250
reflection,250,861,0,3,65,63,1,315
static_team,250,861,1,6,6,6,0,507
corpus_mesh,250,861,1,4,4,4,0,540
single,250,862,0,1,0,0,1,250
reflection,250,862,0,4,73,73,1,323
static_team,250,862,1,3,3,3,0,504
corpus_mesh,250,862,1,3,3,3,0,544
single,250,863,0,4,0,0,1,250
reflection,250,863,0,6,89,88,1,339
static_team,250,863,1,5,5,5,0,506
corpus_mesh,250,863,1,3,3,3,0,535
single,250,864,0,2,0,0,1,250
reflection,250,864,0,2,64,64,1,314
static_team,250,864,0,2,1,1,1,501
corpus_mesh,250,864,1,1,1,1,0,528
single,250,865,0,2,0,0,1,250
reflection,250,865,0,8,61,60,1,311
static_team,250,865,1,4,4,4,0,504
corpus_mesh,250,865,1,5,5,5,0,535
single,250,866,1,0,0,0,0,250
reflection,250,866,0,4,65,64,1,315
static_team,250,866,1,7,7,7,0,509
corpus_mesh,250,866,1,5,5,5,0,533
single,250,867,0,2,0,0,1,250
reflection,250,867,0,2,76,76,1,326
static_team,250,867,1,3,3,3,0,504
corpus_mesh,250,867,1,4,4,4,0,538
single,250,868,0,6,0,0,1,250
reflection,250,868,0,4,64,64,1,314
static_team,250,868,1,2,2,2,0,504
corpus_mesh,250,868,1,2,2,2,0,525
single,250,869,0,8,0,0,1,250
reflection,250,869,0,4,53,53,1,303
static_team,250,869,0,3,3,2,1,504
corpus_mesh,250,869,0,6,6,5,1,534
single,250,870,0,1,0,0,1,250
reflection,250,870,0,2,68,68,1,318
static_team,250,870,1,6,6,6,0,508
corpus_mesh,250,870,1,4,4,4,0,534
single,250,871,0,4,0,0,1,250
reflection,250,871,0,3,79,78,1,329
static_team,250,871,1,1,1,1,0,501
corpus_mesh,250,871,1,3,3,3,0,542
single,250,872,0,2,0,0,1,250
reflection,250,872,0,4,68,68,1,318
static_team,250,872,1,3,3,3,0,503
corpus_mesh,250,872,1,4,4,4,0,537
single,250,873,0,1,0,0,1,250
reflection,250,873,0,5,70,70,1,320
static_team,250,873,1,6,6,6,0,507
corpus_mesh,250,873,1,6,6,6,0,542
single,250,874,0,7,0,0,1,250
reflection,250,874,0,2,69,68,1,319
static_team,250,874,1,5,5,5,0,507
corpus_mesh,250,874,1,6,6,6,0,538
single,250,875,0,2,0,0,1,250
reflection,250,875,0,6,67,66,1,317
static_team,250,875,1,4,4,4,0,506
corpus_mesh,250,875,1,3,3,3,0,524
single,250,876,0,3,0,0,1,250
reflection,250,876,0,4,71,71,1,321
static_team,250,876,1,3,3,3,0,503
corpus_mesh,250,876,1,4,4,4,0,536
single,250,877,0,4,0,0,1,250
reflection,250,877,0,3,67,65,1,317
static_team,250,877,1,6,6,6,0,507
corpus_mesh,250,877,1,5,5,5,0,525
single,250,878,0,5,0,0,1,250
reflection,250,878,0,5,83,82,1,333
static_team,250,878,1,4,4,4,0,507
corpus_mesh,250,878,1,5,5,5,0,535
single,250,879,0,4,0,0,1,250
reflection,250,879,0,7,61,60,1,311
static_team,250,879,1,5,5,5,0,506
corpus_mesh,250,879,1,2,2,2,0,526
single,250,880,0,3,0,0,1,250
reflection,250,880,0,4,79,77,1,329
static_team,250,880,1,6,6,6,0,508
corpus_mesh,250,880,1,0,0,0,0,525
single,250,881,0,6,0,0,1,250
reflection,250,881,0,2,63,63,1,313
static_team,250,881,1,2,2,2,0,503
corpus_mesh,250,881,1,2,2,2,0,524
single,250,882,0,3,0,0,1,250
reflection,250,882,0,4,85,82,1,335
static_team,250,882,1,2,2,2,0,503
corpus_mesh,250,882,1,1,1,1,0,519
single,250,883,0,4,0,0,1,250
reflection,250,883,0,7,79,77,1,329
static_team,250,883,1,0,0,0,0,502
corpus_mesh,250,883,1,7,7,7,0,550
single,250,884,0,5,0,0,1,250
reflection,250,884,0,5,75,74,1,325
static_team,250,884,1,1,1,1,0,502
corpus_mesh,250,884,1,3,3,3,0,532
single,250,885,0,3,0,0,1,250
reflection,250,885,0,3,60,58,1,310
static_team,250,885,1,6,6,6,0,509
corpus_mesh,250,885,0,1,1,1,1,529
single,250,886,0,2,0,0,1,250
reflection,250,886,0,6,72,71,1,322
static_team,250,886,1,3,3,3,0,503
corpus_mesh,250,886,1,0,0,0,0,523
single,250,887,0,6,0,0,1,250
reflection,250,887,0,4,81,80,1,331
static_team,250,887,1,2,2,2,0,503
corpus_mesh,250,887,1,1,1,1,0,530
single,250,888,0,6,0,0,1,250
reflection,250,888,0,2,76,74,1,326
static_team,250,888,1,4,4,4,0,504
corpus_mesh,250,888,1,6,6,6,0,543
single,250,889,1,2,0,0,0,250
reflection,250,889,0,3,63,63,1,313
static_team,250,889,1,5,5,5,0,505
corpus_mesh,250,889,1,3,3,3,0,540
single,250,890,0,6,0,0,1,250
reflection,250,890,0,4,76,75,1,326
static_team,250,890,1,0,0,0,0,501
corpus_mesh,250,890,1,5,5,5,0,533
single,250,891,0,5,0,0,1,250
reflection,250,891,0,5,75,73,1,325
static_team,250,891,1,4,4,4,0,504
corpus_mesh,250,891,1,5,5,5,0,541
single,250,892,0,3,0,0,1,250
reflection,250,892,0,3,73,71,1,323
static_team,250,892,1,3,3,3,0,507
corpus_mesh,250,892,1,7,7,7,0,541
single,250,893,0,3,0,0,1,250
reflection,250,893,0,1,56,55,1,306
static_team,250,893,1,3,3,3,0,503
corpus_mesh,250,893,1,5,5,5,0,536
single,250,894,0,4,0,0,1,250
reflection,250,894,0,5,65,63,1,315
static_team,250,894,1,5,5,5,0,505
corpus_mesh,250,894,1,4,4,4,0,531
single,250,895,0,3,0,0,1,250
reflection,250,895,0,4,61,61,1,311
static_team,250,895,1,5,5,5,0,505
corpus_mesh,250,895,1,5,5,5,0,533
single,250,896,0,3,0,0,1,250
reflection,250,896,1,5,79,79,0,329
static_team,250,896,1,1,1,1,0,502
corpus_mesh,250,896,1,3,3,3,0,529
single,250,897,0,4,0,0,1,250
reflection,250,897,0,2,65,65,1,315
static_team,250,897,1,3,3,3,0,505
corpus_mesh,250,897,1,7,7,7,0,541
single,250,898,0,2,0,0,1,250
reflection,250,898,0,4,75,75,1,325
static_team,250,898,1,5,5,5,0,506
corpus_mesh,250,898,1,3,3,3,0,529
single,250,899,0,2,0,0,1,250
reflection,250,899,0,3,73,71,1,323
static_team,250,899,1,4,4,4,0,504
corpus_mesh,250,899,1,5,5,5,0,536
single,250,900,0,3,0,0,1,250
reflection,250,900,0,4,73,71,1,323
static_team,250,900,1,7,7,7,0,507
corpus_mesh,250,900,1,5,5,5,0,534
single,250,901,0,5,0,0,1,250
reflection,250,901,0,1,67,66,1,317
static_team,250,901,1,4,4,4,0,505
corpus_mesh,250,901,1,2,2,2,0,522
single,250,902,0,5,0,0,1,250
reflection,250,902,0,4,71,71,1,321
static_team,250,902,1,5,5,5,0,508
corpus_mesh,250,902,1,6,6,6,0,537
single,250,903,0,3,0,0,1,250
reflection,250,903,0,3,59,59,1,309
static_team,250,903,1,7,7,7,0,508
corpus_mesh,250,903,0,6,6,6,1,542
single,250,904,0,5,0,0,1,250
reflection,250,904,0,3,71,70,1,321
static_team,250,904,1,4,4,4,0,505
corpus_mesh,250,904,1,2,2,2,0,530
single,250,905,0,1,0,0,1,250
reflection,250,905,1,1,81,81,0,331
static_team,250,905,1,4,4,4,0,506
corpus_mesh,250,905,1,5,5,5,0,539
single,250,906,0,2,0,0,1,250
reflection,250,906,0,3,63,62,1,313
static_team,250,906,1,2,2,2,0,503
corpus_mesh,250,906,1,4,4,4,0,535
single,250,907,0,2,0,0,1,250
reflection,250,907,0,5,70,69,1,320
static_team,250,907,1,5,5,5,0,507
corpus_mesh,250,907,1,3,3,3,0,542
single,250,908,0,5,0,0,1,250
reflection,250,908,0,6,61,60,1,311
static_team,250,908,1,3,3,3,0,504
corpus_mesh,250,908,1,5,5,4,0,534
single,250,909,0,4,0,0,1,250
reflection,250,909,0,3,72,71,1,322
static_team,250,909,1,1,1,1,0,503
corpus_mesh,250,909,1,2,2,2,0,528
single,250,910,0,3,0,0,1,250
reflection,250,910,0,15,74,72,1,324
static_team,250,910,1,6,6,6,0,507
corpus_mesh,250,910,1,5,5,5,0,539
single,250,911,0,5,0,0,1,250
reflection,250,911,0,6,72,70,1,322
static_team,250,911,1,4,4,4,0,504
corpus_mesh,250,911,1,3,3,3,0,530
single,250,912,0,5,0,0,1,250
reflection,250,912,0,3,75,74,1,325
static_team,250,912,1,3,3,3,0,505
corpus_mesh,250,912,1,1,1,1,0,526
single,250,913,0,7,0,0,1,250
reflection,250,913,0,5,70,70,1,320
static_team,250,913,1,3,3,3,0,504
corpus_mesh,250,913,1,4,4,4,0,529
single,250,914,0,4,0,0,1,250
reflection,250,914,0,1,67,65,1,317
static_team,250,914,1,1,1,1,0,502
corpus_mesh,250,914,1,5,5,5,0,538
single,250,915,0,5,0,0,1,250
reflection,250,915,0,5,82,81,1,332
static_team,250,915,1,2,2,2,0,506
corpus_mesh,250,915,1,2,2,2,0,534
single,250,916,0,6,0,0,1,250
reflection,250,916,0,4,60,56,1,310
static_team,250,916,0,5,5,4,1,505
corpus_mesh,250,916,1,6,6,6,0,538
single,250,917,0,3,0,0,1,250
reflection,250,917,0,4,64,64,1,314
static_team,250,917,1,4,4,4,0,506
corpus_mesh,250,917,1,5,5,5,0,529
single,250,918,0,6,0,0,1,250
reflection,250,918,0,2,78,78,1,328
static_team,250,918,1,2,2,2,0,504
corpus_mesh,250,918,0,7,6,6,1,533
single,250,919,0,5,0,0,1,250
reflection,250,919,0,4,74,73,1,324
static_team,250,919,0,6,6,4,2,508
corpus_mesh,250,919,1,2,2,2,0,530
single,250,920,0,4,0,0,1,250
reflection,250,920,0,5,67,64,1,317
static_team,250,920,1,8,8,8,0,508
corpus_mesh,250,920,0,5,5,5,1,539
single,250,921,1,0,0,0,0,250
reflection,250,921,0,2,62,62,1,312
static_team,250,921,1,3,3,3,0,503
corpus_mesh,250,921,1,7,7,7,0,539
single,250,922,0,5,0,0,1,250
reflection,250,922,0,5,70,69,1,320
static_team,250,922,0,4,4,3,1,504
corpus_mesh,250,922,1,4,4,4,0,528
single,250,923,0,3,0,0,1,250
reflection,250,923,0,4,58,56,1,308
static_team,250,923,0,6,6,5,1,507
corpus_mesh,250,923,1,5,5,5,0,538
single,250,924,0,3,0,0,1,250
reflection,250,924,0,5,65,64,1,315
static_team,250,924,1,6,6,6,0,507
corpus_mesh,250,924,1,2,2,2,0,525
single,250,925,0,4,0,0,1,250
reflection,250,925,0,4,67,66,1,317
static_team,250,925,1,3,3,3,0,505
corpus_mesh,250,925,1,4,4,4,0,532
single,250,926,0,5,0,0,1,250
reflection,250,926,0,4,71,70,1,321
static_team,250,926,1,4,4,4,0,505
corpus_mesh,250,926,1,6,6,6,0,531
single,250,927,0,5,0,0,1,250
reflection,250,927,0,5,66,65,1,316
static_team,250,927,0,5,4,4,1,505
corpus_mesh,250,927,1,4,4,4,0,534
single,250,928,0,4,0,0,1,250
reflection,250,928,0,6,67,66,1,317
static_team,250,928,1,5,5,5,0,505
corpus_mesh,250,928,1,2,2,2,0,536
single,250,929,1,2,0,0,0,250
reflection,250,929,0,4,70,68,1,320
static_team,250,929,1,2,2,2,0,504
corpus_mesh,250,929,1,5,5,5,0,531
single,250,930,0,6,0,0,1,250
reflection,250,930,0,6,59,59,1,309
static_team,250,930,1,0,0,0,0,502
corpus_mesh,250,930,1,2,2,2,0,531
single,250,931,0,4,0,0,1,250
reflection,250,931,0,4,58,58,1,308
static_team,250,931,1,2,2,2,0,502
corpus_mesh,250,931,1,1,1,1,0,544
single,250,932,0,7,0,0,1,250
reflection,250,932,0,3,74,74,1,324
static_team,250,932,1,1,1,1,0,503
corpus_mesh,250,932,1,3,3,3,0,531
single,250,933,0,5,0,0,1,250
reflection,250,933,1,0,84,84,0,334
static_team,250,933,0,7,6,6,1,506
corpus_mesh,250,933,1,4,4,4,0,530
single,250,934,0,3,0,0,1,250
reflection,250,934,1,2,61,61,0,311
static_team,250,934,0,3,3,1,2,503
corpus_mesh,250,934,1,3,3,3,0,534
single,250,935,0,1,0,0,1,250
reflection,250,935,0,6,62,61,1,312
static_team,250,935,1,8,8,8,0,510
corpus_mesh,250,935,1,1,1,1,0,524
single,250,936,0,5,0,0,1,250
reflection,250,936,0,5,78,77,1,328
static_team,250,936,1,0,0,0,0,500
corpus_mesh,250,936,1,5,5,5,0,542
single,250,937,0,4,0,0,1,250
reflection,250,937,1,3,66,66,0,316
static_team,250,937,0,1,1,0,1,503
corpus_mesh,250,937,1,2,2,2,0,539
single,250,938,0,3,0,0,1,250
reflection,250,938,0,4,75,74,1,325
static_team,250,938,1,5,5,5,0,506
corpus_mesh,250,938,1,3,3,3,0,535
single,250,939,0,4,0,0,1,250
reflection,250,939,0,4,67,66,1,317
static_team,250,939,1,3,3,3,0,507
corpus_mesh,250,939,1,3,3,3,0,530
single,250,940,0,2,0,0,1,250
reflection,250,940,0,1,54,54,1,304
static_team,250,940,1,5,5,5,0,506
corpus_mesh,250,940,1,6,6,6,0,535
single,250,941,0,4,0,0,1,250
reflection,250,941,0,5,72,71,1,322
static_team,250,941,0,5,5,5,1,507
corpus_mesh,250,941,0,8,8,7,1,547
single,250,942,0,1,0,0,1,250
reflection,250,942,0,3,64,63,1,314
static_team,250,942,1,7,7,7,0,508
corpus_mesh,250,942,1,2,2,2,0,525
single,250,943,0,5,0,0,1,250
reflection,250,943,0,2,59,57,1,309
static_team,250,943,1,5,5,5,0,508
corpus_mesh,250,943,1,2,2,2,0,535
single,250,944,0,4,0,0,1,250
reflection,250,944,0,5,60,58,1,310
static_team,250,944,1,4,4,4,0,504
corpus_mesh,250,944,1,7,7,7,0,541
single,250,945,0,5,0,0,1,250
reflection,250,945,0,1,62,58,1,312
static_team,250,945,1,5,5,5,0,507
corpus_mesh,250,945,1,6,6,6,0,543
single,250,946,0,3,0,0,1,250
reflection,250,946,0,2,61,60,1,311
static_team,250,946,1,3,3,3,0,503
corpus_mesh,250,946,1,1,1,1,0,527
single,250,947,0,5,0,0,1,250
reflection,250,947,0,5,51,51,1,301
static_team,250,947,1,7,7,7,0,508
corpus_mesh,250,947,1,0,0,0,0,528
single,250,948,1,2,0,0,0,250
reflection,250,948,0,4,71,70,1,321
static_team,250,948,1,3,3,3,0,506
corpus_mesh,250,948,1,0,0,0,0,536
single,250,949,0,4,0,0,1,250
reflection,250,949,0,3,88,87,1,338
static_team,250,949,0,5,5,5,1,508
corpus_mesh,250,949,1,6,6,6,0,547
single,250,950,0,4,0,0,1,250
reflection,250,950,0,7,76,74,1,326
static_team,250,950,1,5,5,5,0,506
corpus_mesh,250,950,0,4,4,4,1,536
single,250,951,0,3,0,0,1,250
reflection,250,951,0,4,68,67,1,318
static_team,250,951,1,2,2,2,0,502
corpus_mesh,250,951,1,1,1,1,0,526
single,250,952,0,2,0,0,1,250
reflection,250,952,0,3,81,79,1,331
static_team,250,952,1,6,6,6,0,506
corpus_mesh,250,952,1,4,4,4,0,534
single,250,953,0,4,0,0,1,250
reflection,250,953,0,5,82,80,1,332
static_team,250,953,1,6,6,6,0,509
corpus_mesh,250,953,1,2,2,2,0,529
single,250,954,0,6,0,0,1,250
reflection,250,954,0,5,66,66,1,316
static_team,250,954,1,2,2,2,0,504
corpus_mesh,250,954,1,3,3,3,0,532
single,250,955,0,5,0,0,1,250
reflection,250,955,0,3,72,71,1,322
static_team,250,955,1,5,5,5,0,506
corpus_mesh,250,955,1,4,4,4,0,540
single,250,956,0,4,0,0,1,250
reflection,250,956,0,2,70,69,1,320
static_team,250,956,0,4,3,3,1,505
corpus_mesh,250,956,1,2,2,2,0,535
single,250,957,0,1,0,0,1,250
reflection,250,957,0,3,56,54,1,306
static_team,250,957,1,3,3,3,0,504
corpus_mesh,250,957,1,4,4,4,0,532
single,250,958,1,2,0,0,0,250
reflection,250,958,0,1,68,66,1,318
static_team,250,958,1,5,5,5,0,508
corpus_mesh,250,958,1,6,6,6,0,540
single,250,959,0,3,0,0,1,250
reflection,250,959,0,2,81,81,1,331
static_team,250,959,1,2,2,2,0,504
corpus_mesh,250,959,1,3,3,3,0,538
single,250,960,0,2,0,0,1,250
reflection,250,960,0,7,64,63,1,314
static_team,250,960,1,5,5,5,0,506
corpus_mesh,250,960,1,2,2,2,0,528
single,250,961,0,5,0,0,1,250
reflection,250,961,0,4,74,73,1,324
static_team,250,961,1,3,3,3,0,504
corpus_mesh,250,961,1,6,6,6,0,539
single,250,962,0,3,0,0,1,250
reflection,250,962,0,2,72,71,1,322
static_team,250,962,1,1,1,1,0,502
corpus_mesh,250,962,1,4,4,4,0,527
single,250,963,0,5,0,0,1,250
reflection,250,963,0,3,66,63,1,316
static_team,250,963,1,4,4,4,0,505
corpus_mesh,250,963,0,8,8,7,1,540
single,250,964,0,1,0,0,1,250
reflection,250,964,0,2,74,73,1,324
static_team,250,964,1,5,5,5,0,506
corpus_mesh,250,964,1,6,6,6,0,533
single,250,965,0,8,0,0,1,250
reflection,250,965,0,2,69,69,1,319
static_team,250,965,1,2,2,2,0,505
corpus_mesh,250,965,1,4,4,4,0,541
single,250,966,0,4,0,0,1,250
reflection,250,966,0,5,76,76,1,326
static_team,250,966,0,6,6,5,1,508
corpus_mesh,250,966,1,0,0,0,0,531
single,250,967,0,2,0,0,1,250
reflection,250,967,0,4,70,69,1,320
static_team,250,967,0,5,5,4,1,506
corpus_mesh,250,967,1,3,3,3,0,539
single,250,968,0,4,0,0,1,250
reflection,250,968,0,4,70,70,1,320
static_team,250,968,1,7,7,7,0,509
corpus_mesh,250,968,1,5,5,5,0,536
single,250,969,0,2,0,0,1,250
reflection,250,969,0,5,77,76,1,327
static_team,250,969,1,2,2,2,0,507
corpus_mesh,250,969,1,6,6,6,0,533
single,250,970,0,2,0,0,1,250
reflection,250,970,0,7,66,64,1,316
static_team,250,970,0,5,4,4,1,505
corpus_mesh,250,970,1,3,3,3,0,538
single,250,971,0,3,0,0,1,250
reflection,250,971,0,3,66,65,1,316
static_team,250,971,1,7,7,7,0,511
corpus_mesh,250,971,1,3,3,3,0,536
single,250,972,0,2,0,0,1,250
reflection,250,972,0,5,57,56,1,307
static_team,250,972,1,4,4,4,0,504
corpus_mesh,250,972,0,3,3,2,1,537
single,250,973,0,3,0,0,1,250
reflection,250,973,0,7,65,65,1,315
static_team,250,973,1,5,5,5,0,506
corpus_mesh,250,973,1,5,5,5,0,533
single,250,974,0,2,0,0,1,250
reflection,250,974,0,6,69,69,1,319
static_team,250,974,0,2,2,2,1,505
corpus_mesh,250,974,1,5,5,5,0,545
single,250,975,0,7,0,0,1,250
reflection,250,975,0,2,56,55,1,306
static_team,250,975,1,8,8,8,0,509
corpus_mesh,250,975,1,2,2,2,0,537
single,250,976,0,4,0,0,1,250
reflection,250,976,0,5,66,65,1,316
static_team,250,976,1,6,6,6,0,506
corpus_mesh,250,976,0,7,7,6,1,542
single,250,977,0,4,0,0,1,250
reflection,250,977,0,6,70,67,1,320
static_team,250,977,1,4,4,4,0,506
corpus_mesh,250,977,1,3,3,3,0,537
single,250,978,0,3,0,0,1,250
reflection,250,978,0,5,68,67,1,318
static_team,250,978,1,2,2,2,0,502
corpus_mesh,250,978,1,1,1,1,0,527
single,250,979,0,6,0,0,1,250
reflection,250,979,0,1,54,53,1,304
static_team,250,979,1,5,5,5,0,505
corpus_mesh,250,979,1,6,6,6,0,534
single,250,980,0,5,0,0,1,250
reflection,250,980,1,0,75,75,0,325
static_team,250,980,1,2,2,2,0,504
corpus_mesh,250,980,1,2,2,2,0,538
single,250,981,0,2,0,0,1,250
reflection,250,981,0,4,84,84,1,334
static_team,250,981,1,1,1,1,0,501
corpus_mesh,250,981,1,11,11,11,0,548
single,250,982,0,2,0,0,1,250
reflection,250,982,0,1,64,63,1,314
static_team,250,982,1,3,3,3,0,505
corpus_mesh,250,982,1,4,4,4,0,533
single,250,983,0,6,0,0,1,250
reflection,250,983,0,7,77,76,1,327
static_team,250,983,1,4,4,4,0,506
corpus_mesh,250,983,0,3,3,2,1,539
single,250,984,0,2,0,0,1,250
reflection,250,984,0,4,70,70,1,320
static_team,250,984,1,3,3,3,0,505
corpus_mesh,250,984,1,5,5,5,0,533
single,250,985,0,5,0,0,1,250
reflection,250,985,0,8,72,70,1,322
static_team,250,985,1,1,1,1,0,501
corpus_mesh,250,985,1,0,0,0,0,529
single,250,986,0,5,0,0,1,250
reflection,250,986,1,2,66,66,0,316
static_team,250,986,1,5,5,5,0,505
corpus_mesh,250,986,1,2,2,2,0,529
single,250,987,0,5,0,0,1,250
reflection,250,987,0,3,63,63,1,313
static_team,250,987,1,2,2,2,0,503
corpus_mesh,250,987,1,4,4,4,0,533
single,250,988,0,4,0,0,1,250
reflection,250,988,0,6,55,55,1,305
static_team,250,988,1,3,3,3,0,503
corpus_mesh,250,988,1,4,4,4,0,535
single,250,989,0,2,0,0,1,250
reflection,250,989,0,5,73,73,1,323
static_team,250,989,0,3,3,3,1,505
corpus_mesh,250,989,1,3,3,3,0,526
single,250,990,0,4,0,0,1,250
reflection,250,990,0,3,70,67,1,320
static_team,250,990,1,6,6,6,0,506
corpus_mesh,250,990,1,2,2,2,0,529
single,250,991,0,5,0,0,1,250
reflection,250,991,0,5,64,64,1,314
static_team,250,991,1,8,8,8,0,509
corpus_mesh,250,991,1,1,1,1,0,528
single,250,992,0,5,0,0,1,250
reflection,250,992,0,4,62,59,1,312
static_team,250,992,1,2,2,2,0,506
corpus_mesh,250,992,1,4,4,4,0,532
single,250,993,0,2,0,0,1,250
reflection,250,993,0,3,63,61,1,313
static_team,250,993,1,2,2,2,0,504
corpus_mesh,250,993,1,2,2,2,0,537
single,250,994,0,6,0,0,1,250
reflection,250,994,0,2,61,58,1,311
static_team,250,994,0,7,7,6,1,508
corpus_mesh,250,994,1,1,1,1,0,531
single,250,995,0,2,0,0,1,250
reflection,250,995,0,3,69,66,1,319
static_team,250,995,1,6,6,6,0,507
corpus_mesh,250,995,1,3,3,3,0,534
single,250,996,0,5,0,0,1,250
reflection,250,996,0,4,67,66,1,317
static_team,250,996,1,1,1,1,0,502
corpus_mesh,250,996,1,4,4,4,0,535
single,250,997,0,2,0,0,1,250
reflection,250,997,0,6,70,69,1,320
static_team,250,997,1,0,0,0,0,500
corpus_mesh,250,997,1,3,3,3,0,548
single,250,998,0,4,0,0,1,250
reflection,250,998,0,3,58,58,1,308
static_team,250,998,1,0,0,0,0,502
corpus_mesh,250,998,1,3,3,3,0,527
single,250,999,0,3,0,0,1,250
reflection,250,999,0,6,56,56,1,306
static_team,250,999,0,6,6,5,1,506
corpus_mesh,250,999,1,3,3,3,0,534
