architecture,horizon,run,success,errors_introduced,errors_detected,errors_recovered,escaped_errors,agent_calls
single,10,0,1,0,0,0,0,10
reflection,10,0,1,0,2,2,0,12
static_team,10,0,1,0,0,0,0,20
corpus_mesh,10,0,1,0,0,0,0,30
single,10,1,1,0,0,0,0,10
reflection,10,1,1,0,4,4,0,14
static_team,10,1,1,0,0,0,0,20
corpus_mesh,10,1,1,0,0,0,0,30
single,10,2,1,0,0,0,0,10
reflection,10,2,1,0,3,3,0,13
static_team,10,2,1,0,0,0,0,20
corpus_mesh,10,2,1,0,0,0,0,30
single,10,3,1,0,0,0,0,10
reflection,10,3,1,0,6,6,0,16
static_team,10,3,1,0,0,0,0,21
corpus_mesh,10,3,1,0,0,0,0,32
single,10,4,1,0,0,0,0,10
reflection,10,4,1,0,4,4,0,14
static_team,10,4,1,0,0,0,0,20
corpus_mesh,10,4,1,0,0,0,0,30
single,10,5,1,0,0,0,0,10
reflection,10,5,1,0,3,3,0,13
static_team,10,5,1,1,1,1,0,21
corpus_mesh,10,5,1,0,0,0,0,30
single,10,6,1,0,0,0,0,10
reflection,10,6,1,0,4,4,0,14
static_team,10,6,1,0,0,0,0,20
corpus_mesh,10,6,1,0,0,0,0,30
single,10,7,1,0,0,0,0,10
reflection,10,7,1,0,4,4,0,14
static_team,10,7,1,0,0,0,0,21
corpus_mesh,10,7,1,0,0,0,0,30
single,10,8,1,0,0,0,0,10
reflection,10,8,1,0,5,5,0,15
static_team,10,8,1,0,0,0,0,20
corpus_mesh,10,8,1,0,0,0,0,30
single,10,9,1,0,0,0,0,10
reflection,10,9,1,0,4,4,0,14
static_team,10,9,1,0,0,0,0,20
corpus_mesh,10,9,1,0,0,0,0,32
single,10,10,1,0,0,0,0,10
reflection,10,10,1,0,2,2,0,12
static_team,10,10,1,0,0,0,0,20
corpus_mesh,10,10,1,0,0,0,0,30
single,10,11,1,0,0,0,0,10
reflection,10,11,1,0,2,2,0,12
static_team,10,11,1,0,0,0,0,20
corpus_mesh,10,11,1,0,0,0,0,30
single,10,12,1,0,0,0,0,10
reflection,10,12,1,0,2,2,0,12
static_team,10,12,1,0,0,0,0,20
corpus_mesh,10,12,1,0,0,0,0,30
single,10,13,1,0,0,0,0,10
reflection,10,13,1,0,2,2,0,12
static_team,10,13,1,0,0,0,0,20
corpus_mesh,10,13,1,0,0,0,0,30
single,10,14,1,0,0,0,0,10
reflection,10,14,1,0,2,2,0,12
static_team,10,14,1,0,0,0,0,20
corpus_mesh,10,14,1,0,0,0,0,30
single,10,15,1,0,0,0,0,10
reflection,10,15,1,0,2,2,0,12
static_team,10,15,1,0,0,0,0,20
corpus_mesh,10,15,1,0,0,0,0,30
single,10,16,0,1,0,0,1,10
reflection,10,16,1,0,3,3,0,13
static_team,10,16,1,0,0,0,0,20
corpus_mesh,10,16,1,0,0,0,0,30
single,10,17,1,0,0,0,0,10
reflection,10,17,1,0,4,4,0,14
static_team,10,17,1,0,0,0,0,20
corpus_mesh,10,17,1,0,0,0,0,30
single,10,18,1,0,0,0,0,10
reflection,10,18,1,0,4,4,0,14
static_team,10,18,1,1,1,1,0,21
corpus_mesh,10,18,1,0,0,0,0,32
single,10,19,1,0,0,0,0,10
reflection,10,19,0,0,5,4,1,15
static_team,10,19,1,0,0,0,0,20
corpus_mesh,10,19,1,0,0,0,0,30
single,10,20,1,0,0,0,0,10
reflection,10,20,0,1,3,3,1,13
static_team,10,20,1,0,0,0,0,20
corpus_mesh,10,20,1,0,0,0,0,30
single,10,21,1,0,0,0,0,10
reflection,10,21,1,0,4,4,0,14
static_team,10,21,1,0,0,0,0,20
corpus_mesh,10,21,1,0,0,0,0,30
single,10,22,1,0,0,0,0,10
reflection,10,22,1,0,5,5,0,15
static_team,10,22,1,0,0,0,0,20
corpus_mesh,10,22,1,0,0,0,0,32
single,10,23,1,0,0,0,0,10
reflection,10,23,1,0,3,3,0,13
static_team,10,23,1,0,0,0,0,20
corpus_mesh,10,23,1,0,0,0,0,32
single,10,24,1,0,0,0,0,10
reflection,10,24,1,0,4,4,0,14
static_team,10,24,1,0,0,0,0,20
corpus_mesh,10,24,1,0,0,0,0,30
single,10,25,1,0,0,0,0,10
reflection,10,25,1,0,3,3,0,13
static_team,10,25,1,0,0,0,0,20
corpus_mesh,10,25,1,0,0,0,0,30
single,10,26,1,0,0,0,0,10
reflection,10,26,1,0,2,2,0,12
static_team,10,26,1,0,0,0,0,20
corpus_mesh,10,26,1,0,0,0,0,30
single,10,27,1,0,0,0,0,10
reflection,10,27,1,0,1,1,0,11
static_team,10,27,1,1,1,1,0,21
corpus_mesh,10,27,1,1,1,1,0,32
single,10,28,1,0,0,0,0,10
reflection,10,28,1,0,3,3,0,13
static_team,10,28,1,0,0,0,0,20
corpus_mesh,10,28,1,1,1,1,0,34
single,10,29,1,0,0,0,0,10
reflection,10,29,1,0,4,4,0,14
static_team,10,29,0,0,0,0,1,22
corpus_mesh,10,29,1,0,0,0,0,30
single,10,30,1,0,0,0,0,10
reflection,10,30,1,0,4,4,0,14
static_team,10,30,1,1,1,1,0,21
corpus_mesh,10,30,1,0,0,0,0,30
single,10,31,1,0,0,0,0,10
reflection,10,31,0,1,4,4,1,14
static_team,10,31,1,1,1,1,0,21
corpus_mesh,10,31,1,1,1,1,0,32
single,10,32,0,1,0,0,1,10
reflection,10,32,1,0,1,1,0,11
static_team,10,32,1,0,0,0,0,20
corpus_mesh,10,32,1,0,0,0,0,30
single,10,33,1,0,0,0,0,10
reflection,10,33,1,0,4,4,0,14
static_team,10,33,1,0,0,0,0,20
corpus_mesh,10,33,1,0,0,0,0,30
single,10,34,1,0,0,0,0,10
reflection,10,34,1,1,2,2,0,12
static_team,10,34,1,0,0,0,0,20
corpus_mesh,10,34,1,0,0,0,0,32
single,10,35,1,0,0,0,0,10
reflection,10,35,1,0,6,6,0,16
static_team,10,35,1,0,0,0,0,20
corpus_mesh,10,35,1,0,0,0,0,30
single,10,36,0,1,0,0,1,10
reflection,10,36,1,0,4,4,0,14
static_team,10,36,1,0,0,0,0,20
corpus_mesh,10,36,1,0,0,0,0,30
single,10,37,1,0,0,0,0,10
reflection,10,37,1,0,0,0,0,10
static_team,10,37,1,0,0,0,0,20
corpus_mesh,10,37,1,0,0,0,0,30
single,10,38,1,0,0,0,0,10
reflection,10,38,1,0,4,4,0,14
static_team,10,38,1,0,0,0,0,20
corpus_mesh,10,38,1,0,0,0,0,30
single,10,39,1,0,0,0,0,10
reflection,10,39,1,0,1,1,0,11
static_team,10,39,1,0,0,0,0,21
corpus_mesh,10,39,1,1,1,1,0,32
single,10,40,1,0,0,0,0,10
reflection,10,40,1,0,6,6,0,16
static_team,10,40,1,1,1,1,0,21
corpus_mesh,10,40,1,0,0,0,0,30
single,10,41,0,1,0,0,1,10
reflection,10,41,0,0,2,1,1,12
static_team,10,41,1,1,1,1,0,21
corpus_mesh,10,41,1,0,0,0,0,30
single,10,42,1,0,0,0,0,10
reflection,10,42,1,0,2,2,0,12
static_team,10,42,1,0,0,0,0,20
corpus_mesh,10,42,1,0,0,0,0,30
single,10,43,0,1,0,0,1,10
reflection,10,43,1,0,4,4,0,14
static_team,10,43,1,1,1,1,0,21
corpus_mesh,10,43,1,0,0,0,0,30
single,10,44,0,1,0,0,1,10
reflection,10,44,1,0,3,3,0,13
static_team,10,44,1,0,0,0,0,20
corpus_mesh,10,44,1,0,0,0,0,30
single,10,45,1,0,0,0,0,10
reflection,10,45,1,0,4,4,0,14
static_team,10,45,1,0,0,0,0,20
corpus_mesh,10,45,1,0,0,0,0,30
single,10,46,1,0,0,0,0,10
reflection,10,46,1,0,3,3,0,13
static_team,10,46,1,0,0,0,0,21
corpus_mesh,10,46,1,0,0,0,0,30
single,10,47,1,0,0,0,0,10
reflection,10,47,1,0,2,2,0,12
static_team,10,47,1,0,0,0,0,20
corpus_mesh,10,47,1,0,0,0,0,30
single,10,48,1,0,0,0,0,10
reflection,10,48,1,0,2,2,0,12
static_team,10,48,1,1,1,1,0,21
corpus_mesh,10,48,1,0,0,0,0,30
single,10,49,0,1,0,0,1,10
reflection,10,49,1,0,2,2,0,12
static_team,10,49,1,0,0,0,0,20
corpus_mesh,10,49,1,0,0,0,0,30
single,10,50,1,0,0,0,0,10
reflection,10,50,0,0,4,3,1,14
static_team,10,50,1,0,0,0,0,20
corpus_mesh,10,50,1,0,0,0,0,30
single,10,51,1,0,0,0,0,10
reflection,10,51,1,0,0,0,0,10
static_team,10,51,1,0,0,0,0,20
corpus_mesh,10,51,1,0,0,0,0,32
single,10,52,1,0,0,0,0,10
reflection,10,52,1,0,4,4,0,14
static_team,10,52,1,0,0,0,0,20
corpus_mesh,10,52,1,0,0,0,0,30
single,10,53,0,1,0,0,1,10
reflection,10,53,1,0,2,2,0,12
static_team,10,53,1,0,0,0,0,20
corpus_mesh,10,53,1,0,0,0,0,32
single,10,54,1,0,0,0,0,10
reflection,10,54,1,0,3,3,0,13
static_team,10,54,1,0,0,0,0,20
corpus_mesh,10,54,1,0,0,0,0,30
single,10,55,1,0,0,0,0,10
reflection,10,55,1,1,2,2,0,12
static_team,10,55,1,0,0,0,0,20
corpus_mesh,10,55,1,0,0,0,0,30
single,10,56,1,0,0,0,0,10
reflection,10,56,1,0,2,2,0,12
static_team,10,56,1,0,0,0,0,20
corpus_mesh,10,56,1,0,0,0,0,30
single,10,57,0,1,0,0,1,10
reflection,10,57,1,0,2,2,0,12
static_team,10,57,1,0,0,0,0,20
corpus_mesh,10,57,1,0,0,0,0,30
single,10,58,1,0,0,0,0,10
reflection,10,58,1,0,4,4,0,14
static_team,10,58,1,0,0,0,0,20
corpus_mesh,10,58,1,0,0,0,0,30
single,10,59,1,0,0,0,0,10
reflection,10,59,1,0,1,1,0,11
static_team,10,59,1,0,0,0,0,20
corpus_mesh,10,59,1,0,0,0,0,30
single,10,60,0,1,0,0,1,10
reflection,10,60,1,0,3,3,0,13
static_team,10,60,1,0,0,0,0,20
corpus_mesh,10,60,1,0,0,0,0,30
single,10,61,1,0,0,0,0,10
reflection,10,61,1,0,3,3,0,13
static_team,10,61,1,0,0,0,0,20
corpus_mesh,10,61,1,0,0,0,0,30
single,10,62,1,0,0,0,0,10
reflection,10,62,1,0,3,3,0,13
static_team,10,62,1,0,0,0,0,20
corpus_mesh,10,62,1,1,1,1,0,32
single,10,63,1,0,0,0,0,10
reflection,10,63,1,0,1,1,0,11
static_team,10,63,1,0,0,0,0,20
corpus_mesh,10,63,1,0,0,0,0,30
single,10,64,1,0,0,0,0,10
reflection,10,64,1,0,3,3,0,13
static_team,10,64,1,0,0,0,0,20
corpus_mesh,10,64,1,1,1,1,0,32
single,10,65,1,0,0,0,0,10
reflection,10,65,1,0,2,2,0,12
static_team,10,65,1,0,0,0,0,20
corpus_mesh,10,65,1,1,1,1,0,32
single,10,66,1,0,0,0,0,10
reflection,10,66,1,0,1,1,0,11
static_team,10,66,1,0,0,0,0,20
corpus_mesh,10,66,1,0,0,0,0,30
single,10,67,1,0,0,0,0,10
reflection,10,67,1,0,6,6,0,16
static_team,10,67,1,0,0,0,0,20
corpus_mesh,10,67,1,0,0,0,0,32
single,10,68,1,0,0,0,0,10
reflection,10,68,1,1,2,2,0,12
static_team,10,68,1,0,0,0,0,20
corpus_mesh,10,68,1,0,0,0,0,30
single,10,69,1,0,0,0,0,10
reflection,10,69,1,0,4,4,0,14
static_team,10,69,1,0,0,0,0,20
corpus_mesh,10,69,1,0,0,0,0,30
single,10,70,1,0,0,0,0,10
reflection,10,70,1,0,2,2,0,12
static_team,10,70,1,0,0,0,0,20
corpus_mesh,10,70,1,0,0,0,0,30
single,10,71,1,0,0,0,0,10
reflection,10,71,1,0,3,3,0,13
static_team,10,71,1,0,0,0,0,20
corpus_mesh,10,71,1,0,0,0,0,30
single,10,72,1,0,0,0,0,10
reflection,10,72,1,0,2,2,0,12
static_team,10,72,1,0,0,0,0,20
corpus_mesh,10,72,1,1,1,1,0,32
single,10,73,0,1,0,0,1,10
reflection,10,73,1,0,3,3,0,13
static_team,10,73,1,0,0,0,0,20
corpus_mesh,10,73,1,0,0,0,0,30
single,10,74,1,0,0,0,0,10
reflection,10,74,1,0,5,5,0,15
static_team,10,74,1,0,0,0,0,20
corpus_mesh,10,74,1,0,0,0,0,30
single,10,75,1,0,0,0,0,10
reflection,10,75,1,0,6,6,0,16
static_team,10,75,1,0,0,0,0,20
corpus_mesh,10,75,1,0,0,0,0,30
single,10,76,1,0,0,0,0,10
reflection,10,76,1,0,3,3,0,13
static_team,10,76,1,0,0,0,0,21
corpus_mesh,10,76,1,0,0,0,0,30
single,10,77,1,0,0,0,0,10
reflection,10,77,0,1,2,2,1,12
static_team,10,77,1,1,1,1,0,21
corpus_mesh,10,77,1,0,0,0,0,30
single,10,78,1,0,0,0,0,10
reflection,10,78,1,0,4,4,0,14
static_team,10,78,1,1,1,1,0,21
corpus_mesh,10,78,1,1,1,1,0,34
single,10,79,1,0,0,0,0,10
reflection,10,79,1,0,2,2,0,12
static_team,10,79,1,0,0,0,0,20
corpus_mesh,10,79,1,0,0,0,0,30
single,10,80,1,0,0,0,0,10
reflection,10,80,0,1,6,6,1,16
static_team,10,80,1,0,0,0,0,20
corpus_mesh,10,80,1,0,0,0,0,30
single,10,81,1,0,0,0,0,10
reflection,10,81,0,1,0,0,1,10
static_team,10,81,1,1,1,1,0,21
corpus_mesh,10,81,1,0,0,0,0,30
single,10,82,1,0,0,0,0,10
reflection,10,82,1,0,3,3,0,13
static_team,10,82,1,0,0,0,0,20
corpus_mesh,10,82,1,0,0,0,0,32
single,10,83,0,1,0,0,1,10
reflection,10,83,1,0,2,2,0,12
static_team,10,83,1,0,0,0,0,20
corpus_mesh,10,83,1,0,0,0,0,30
single,10,84,1,0,0,0,0,10
reflection,10,84,1,0,1,1,0,11
static_team,10,84,1,0,0,0,0,20
corpus_mesh,10,84,1,0,0,0,0,30
single,10,85,1,0,0,0,0,10
reflection,10,85,1,0,3,3,0,13
static_team,10,85,1,0,0,0,0,20
corpus_mesh,10,85,1,1,1,1,0,32
single,10,86,1,0,0,0,0,10
reflection,10,86,1,0,1,1,0,11
static_team,10,86,1,0,0,0,0,20
corpus_mesh,10,86,1,0,0,0,0,30
single,10,87,1,0,0,0,0,10
reflection,10,87,1,0,0,0,0,10
static_team,10,87,1,0,0,0,0,20
corpus_mesh,10,87,1,0,0,0,0,30
single,10,88,1,0,0,0,0,10
reflection,10,88,1,0,1,1,0,11
static_team,10,88,1,0,0,0,0,20
corpus_mesh,10,88,1,2,2,2,0,34
single,10,89,1,0,0,0,0,10
reflection,10,89,1,0,1,1,0,11
static_team,10,89,1,1,1,1,0,21
corpus_mesh,10,89,1,0,0,0,0,30
single,10,90,1,0,0,0,0,10
reflection,10,90,0,1,4,4,1,14
static_team,10,90,1,0,0,0,0,20
corpus_mesh,10,90,1,0,0,0,0,30
single,10,91,1,0,0,0,0,10
reflection,10,91,0,1,2,2,1,12
static_team,10,91,1,0,0,0,0,20
corpus_mesh,10,91,1,0,0,0,0,30
single,10,92,1,0,0,0,0,10
reflection,10,92,1,0,3,3,0,13
static_team,10,92,1,0,0,0,0,21
corpus_mesh,10,92,1,0,0,0,0,30
single,10,93,1,0,0,0,0,10
reflection,10,93,0,1,3,3,1,13
static_team,10,93,1,0,0,0,0,20
corpus_mesh,10,93,1,0,0,0,0,30
single,10,94,1,0,0,0,0,10
reflection,10,94,1,0,4,4,0,14
static_team,10,94,1,0,0,0,0,20
corpus_mesh,10,94,1,1,1,1,0,32
single,10,95,0,1,0,0,1,10
reflection,10,95,1,0,3,3,0,13
static_team,10,95,1,0,0,0,0,20
corpus_mesh,10,95,1,0,0,0,0,30
single,10,96,1,0,0,0,0,10
reflection,10,96,1,0,2,2,0,12
static_team,10,96,1,0,0,0,0,20
corpus_mesh,10,96,1,0,0,0,0,30
single,10,97,1,0,0,0,0,10
reflection,10,97,1,0,3,3,0,13
static_team,10,97,1,0,0,0,0,20
corpus_mesh,10,97,1,0,0,0,0,30
single,10,98,1,0,0,0,0,10
reflection,10,98,0,0,5,4,1,15
static_team,10,98,1,0,0,0,0,20
corpus_mesh,10,98,1,1,1,1,0,32
single,10,99,1,0,0,0,0,10
reflection,10,99,0,1,4,4,1,14
static_team,10,99,1,0,0,0,0,20
corpus_mesh,10,99,1,0,0,0,0,30
single,10,100,1,0,0,0,0,10
reflection,10,100,1,0,4,4,0,14
static_team,10,100,1,0,0,0,0,20
corpus_mesh,10,100,1,0,0,0,0,32
single,10,101,1,0,0,0,0,10
reflection,10,101,1,0,5,5,0,15
static_team,10,101,1,0,0,0,0,20
corpus_mesh,10,101,1,0,0,0,0,30
single,10,102,1,0,0,0,0,10
reflection,10,102,1,0,2,2,0,12
static_team,10,102,1,0,0,0,0,20
corpus_mesh,10,102,1,1,1,1,0,32
single,10,103,1,0,0,0,0,10
reflection,10,103,1,0,2,2,0,12
static_team,10,103,1,0,0,0,0,20
corpus_mesh,10,103,1,0,0,0,0,32
single,10,104,1,0,0,0,0,10
reflection,10,104,1,0,1,1,0,11
static_team,10,104,1,0,0,0,0,21
corpus_mesh,10,104,1,0,0,0,0,30
single,10,105,1,0,0,0,0,10
reflection,10,105,1,0,3,3,0,13
static_team,10,105,1,0,0,0,0,20
corpus_mesh,10,105,1,0,0,0,0,30
single,10,106,1,0,0,0,0,10
reflection,10,106,1,0,3,3,0,13
static_team,10,106,1,0,0,0,0,20
corpus_mesh,10,106,1,1,1,1,0,32
single,10,107,1,0,0,0,0,10
reflection,10,107,1,0,7,7,0,17
static_team,10,107,1,0,0,0,0,20
corpus_mesh,10,107,1,0,0,0,0,30
single,10,108,1,0,0,0,0,10
reflection,10,108,1,0,2,2,0,12
static_team,10,108,1,0,0,0,0,20
corpus_mesh,10,108,1,0,0,0,0,30
single,10,109,1,0,0,0,0,10
reflection,10,109,1,0,3,3,0,13
static_team,10,109,1,0,0,0,0,20
corpus_mesh,10,109,1,0,0,0,0,32
single,10,110,1,0,0,0,0,10
reflection,10,110,1,0,3,3,0,13
static_team,10,110,1,0,0,0,0,20
corpus_mesh,10,110,1,1,1,1,0,32
single,10,111,1,0,0,0,0,10
reflection,10,111,1,0,2,2,0,12
static_team,10,111,1,0,0,0,0,21
corpus_mesh,10,111,1,1,1,1,0,34
single,10,112,1,0,0,0,0,10
reflection,10,112,1,0,5,5,0,15
static_team,10,112,1,1,1,1,0,21
corpus_mesh,10,112,1,0,0,0,0,30
single,10,113,1,0,0,0,0,10
reflection,10,113,1,0,3,3,0,13
static_team,10,113,1,0,0,0,0,20
corpus_mesh,10,113,1,0,0,0,0,30
single,10,114,1,0,0,0,0,10
reflection,10,114,1,0,3,3,0,13
static_team,10,114,1,1,1,1,0,21
corpus_mesh,10,114,1,0,0,0,0,30
single,10,115,1,0,0,0,0,10
reflection,10,115,1,0,2,2,0,12
static_team,10,115,1,1,1,1,0,21
corpus_mesh,10,115,1,0,0,0,0,32
single,10,116,1,0,0,0,0,10
reflection,10,116,1,0,2,2,0,12
static_team,10,116,1,0,0,0,0,20
corpus_mesh,10,116,1,0,0,0,0,32
single,10,117,1,0,0,0,0,10
reflection,10,117,1,0,5,5,0,15
static_team,10,117,1,0,0,0,0,20
corpus_mesh,10,117,1,1,1,1,0,32
single,10,118,1,0,0,0,0,10
reflection,10,118,1,0,2,2,0,12
static_team,10,118,1,0,0,0,0,20
corpus_mesh,10,118,1,0,0,0,0,30
single,10,119,0,1,0,0,1,10
reflection,10,119,1,0,1,1,0,11
static_team,10,119,1,0,0,0,0,20
corpus_mesh,10,119,1,0,0,0,0,30
single,10,120,1,0,0,0,0,10
reflection,10,120,1,0,5,5,0,15
static_team,10,120,1,0,0,0,0,21
corpus_mesh,10,120,1,0,0,0,0,30
single,10,121,1,0,0,0,0,10
reflection,10,121,1,0,3,3,0,13
static_team,10,121,1,0,0,0,0,20
corpus_mesh,10,121,1,0,0,0,0,30
single,10,122,1,0,0,0,0,10
reflection,10,122,1,0,5,5,0,15
static_team,10,122,1,1,1,1,0,21
corpus_mesh,10,122,1,1,1,1,0,32
single,10,123,1,0,0,0,0,10
reflection,10,123,1,0,2,2,0,12
static_team,10,123,1,0,0,0,0,20
corpus_mesh,10,123,1,0,0,0,0,32
single,10,124,1,0,0,0,0,10
reflection,10,124,0,0,3,2,1,13
static_team,10,124,1,0,0,0,0,20
corpus_mesh,10,124,1,0,0,0,0,30
single,10,125,1,0,0,0,0,10
reflection,10,125,1,0,2,2,0,12
static_team,10,125,1,0,0,0,0,20
corpus_mesh,10,125,1,0,0,0,0,30
single,10,126,1,0,0,0,0,10
reflection,10,126,1,0,3,3,0,13
static_team,10,126,1,0,0,0,0,20
corpus_mesh,10,126,1,0,0,0,0,32
single,10,127,1,0,0,0,0,10
reflection,10,127,0,0,3,2,1,13
static_team,10,127,1,0,0,0,0,20
corpus_mesh,10,127,1,0,0,0,0,30
single,10,128,1,0,0,0,0,10
reflection,10,128,0,1,2,2,1,12
static_team,10,128,1,1,1,1,0,21
corpus_mesh,10,128,1,0,0,0,0,32
single,10,129,1,0,0,0,0,10
reflection,10,129,1,0,2,2,0,12
static_team,10,129,1,0,0,0,0,20
corpus_mesh,10,129,1,1,1,1,0,32
single,10,130,1,0,0,0,0,10
reflection,10,130,1,0,3,3,0,13
static_team,10,130,1,0,0,0,0,20
corpus_mesh,10,130,1,0,0,0,0,30
single,10,131,0,1,0,0,1,10
reflection,10,131,0,1,1,1,1,11
static_team,10,131,1,0,0,0,0,20
corpus_mesh,10,131,1,0,0,0,0,30
single,10,132,1,0,0,0,0,10
reflection,10,132,1,0,3,3,0,13
static_team,10,132,1,0,0,0,0,20
corpus_mesh,10,132,1,1,1,1,0,32
single,10,133,1,0,0,0,0,10
reflection,10,133,1,0,2,2,0,12
static_team,10,133,1,0,0,0,0,20
corpus_mesh,10,133,1,0,0,0,0,30
single,10,134,0,1,0,0,1,10
reflection,10,134,1,0,1,1,0,11
static_team,10,134,1,0,0,0,0,21
corpus_mesh,10,134,1,0,0,0,0,30
single,10,135,1,0,0,0,0,10
reflection,10,135,1,0,5,5,0,15
static_team,10,135,1,1,1,1,0,21
corpus_mesh,10,135,1,0,0,0,0,30
single,10,136,1,0,0,0,0,10
reflection,10,136,1,0,2,2,0,12
static_team,10,136,1,0,0,0,0,20
corpus_mesh,10,136,1,0,0,0,0,30
single,10,137,1,0,0,0,0,10
reflection,10,137,1,0,1,1,0,11
static_team,10,137,1,0,0,0,0,20
corpus_mesh,10,137,1,0,0,0,0,30
single,10,138,1,0,0,0,0,10
reflection,10,138,1,0,4,4,0,14
static_team,10,138,1,2,2,2,0,22
corpus_mesh,10,138,1,0,0,0,0,30
single,10,139,1,0,0,0,0,10
reflection,10,139,1,1,4,4,0,14
static_team,10,139,1,0,0,0,0,20
corpus_mesh,10,139,1,0,0,0,0,32
single,10,140,1,0,0,0,0,10
reflection,10,140,1,0,4,4,0,14
static_team,10,140,1,0,0,0,0,20
corpus_mesh,10,140,1,0,0,0,0,30
single,10,141,0,1,0,0,1,10
reflection,10,141,1,0,3,3,0,13
static_team,10,141,1,0,0,0,0,20
corpus_mesh,10,141,1,0,0,0,0,30
single,10,142,1,0,0,0,0,10
reflection,10,142,0,1,5,5,1,15
static_team,10,142,1,0,0,0,0,20
corpus_mesh,10,142,1,0,0,0,0,30
single,10,143,1,0,0,0,0,10
reflection,10,143,1,0,3,3,0,13
static_team,10,143,0,0,0,0,1,21
corpus_mesh,10,143,1,0,0,0,0,30
single,10,144,1,0,0,0,0,10
reflection,10,144,1,0,4,4,0,14
static_team,10,144,1,1,1,1,0,21
corpus_mesh,10,144,1,1,1,1,0,32
single,10,145,1,0,0,0,0,10
reflection,10,145,1,0,1,1,0,11
static_team,10,145,1,0,0,0,0,20
corpus_mesh,10,145,1,1,1,1,0,32
single,10,146,1,0,0,0,0,10
reflection,10,146,1,0,2,2,0,12
static_team,10,146,1,0,0,0,0,20
corpus_mesh,10,146,1,0,0,0,0,30
single,10,147,1,0,0,0,0,10
reflection,10,147,1,0,1,1,0,11
static_team,10,147,1,0,0,0,0,20
corpus_mesh,10,147,1,1,1,1,0,32
single,10,148,1,0,0,0,0,10
reflection,10,148,1,0,5,5,0,15
static_team,10,148,1,1,1,1,0,21
corpus_mesh,10,148,1,0,0,0,0,30
single,10,149,1,0,0,0,0,10
reflection,10,149,1,0,7,7,0,17
static_team,10,149,1,0,0,0,0,20
corpus_mesh,10,149,1,0,0,0,0,30
single,10,150,1,0,0,0,0,10
reflection,10,150,1,0,3,3,0,13
static_team,10,150,1,0,0,0,0,20
corpus_mesh,10,150,1,0,0,0,0,30
single,10,151,1,0,0,0,0,10
reflection,10,151,1,0,3,3,0,13
static_team,10,151,1,0,0,0,0,20
corpus_mesh,10,151,1,0,0,0,0,30
single,10,152,1,0,0,0,0,10
reflection,10,152,1,0,4,4,0,14
static_team,10,152,1,1,1,1,0,21
corpus_mesh,10,152,1,0,0,0,0,30
single,10,153,1,0,0,0,0,10
reflection,10,153,1,0,1,1,0,11
static_team,10,153,1,0,0,0,0,20
corpus_mesh,10,153,1,0,0,0,0,30
single,10,154,1,0,0,0,0,10
reflection,10,154,1,0,0,0,0,10
static_team,10,154,1,0,0,0,0,20
corpus_mesh,10,154,1,1,1,1,0,32
single,10,155,0,1,0,0,1,10
reflection,10,155,1,0,3,3,0,13
static_team,10,155,1,0,0,0,0,20
corpus_mesh,10,155,0,1,1,1,1,34
single,10,156,1,0,0,0,0,10
reflection,10,156,1,0,4,4,0,14
static_team,10,156,1,1,1,1,0,21
corpus_mesh,10,156,1,0,0,0,0,30
single,10,157,1,0,0,0,0,10
reflection,10,157,1,0,2,2,0,12
static_team,10,157,1,0,0,0,0,20
corpus_mesh,10,157,1,0,0,0,0,30
single,10,158,1,0,0,0,0,10
reflection,10,158,1,0,3,3,0,13
static_team,10,158,1,0,0,0,0,20
corpus_mesh,10,158,1,0,0,0,0,30
single,10,159,1,0,0,0,0,10
reflection,10,159,1,0,3,3,0,13
static_team,10,159,1,0,0,0,0,20
corpus_mesh,10,159,1,0,0,0,0,30
single,10,160,1,0,0,0,0,10
reflection,10,160,1,0,4,4,0,14
static_team,10,160,1,1,1,1,0,21
corpus_mesh,10,160,1,1,1,1,0,32
single,10,161,1,0,0,0,0,10
reflection,10,161,1,0,4,4,0,14
static_team,10,161,1,1,1,1,0,21
corpus_mesh,10,161,1,0,0,0,0,30
single,10,162,1,0,0,0,0,10
reflection,10,162,0,1,4,4,1,14
static_team,10,162,1,0,0,0,0,20
corpus_mesh,10,162,1,1,1,1,0,32
single,10,163,1,0,0,0,0,10
reflection,10,163,0,0,4,3,1,14
static_team,10,163,1,0,0,0,0,20
corpus_mesh,10,163,1,0,0,0,0,30
single,10,164,1,0,0,0,0,10
reflection,10,164,0,1,2,2,1,12
static_team,10,164,1,0,0,0,0,20
corpus_mesh,10,164,1,0,0,0,0,30
single,10,165,1,0,0,0,0,10
reflection,10,165,0,0,2,1,1,12
static_team,10,165,1,0,0,0,0,20
corpus_mesh,10,165,1,0,0,0,0,30
single,10,166,1,0,0,0,0,10
reflection,10,166,1,0,2,2,0,12
static_team,10,166,1,0,0,0,0,20
corpus_mesh,10,166,1,0,0,0,0,30
single,10,167,1,0,0,0,0,10
reflection,10,167,1,0,3,3,0,13
static_team,10,167,1,2,2,2,0,22
corpus_mesh,10,167,1,0,0,0,0,32
single,10,168,0,1,0,0,1,10
reflection,10,168,1,0,3,3,0,13
static_team,10,168,1,0,0,0,0,20
corpus_mesh,10,168,1,0,0,0,0,30
single,10,169,1,0,0,0,0,10
reflection,10,169,1,0,2,2,0,12
static_team,10,169,1,0,0,0,0,20
corpus_mesh,10,169,1,0,0,0,0,30
single,10,170,1,0,0,0,0,10
reflection,10,170,1,0,4,4,0,14
static_team,10,170,1,0,0,0,0,20
corpus_mesh,10,170,1,0,0,0,0,30
single,10,171,1,0,0,0,0,10
reflection,10,171,1,0,0,0,0,10
static_team,10,171,1,0,0,0,0,20
corpus_mesh,10,171,1,0,0,0,0,30
single,10,172,1,0,0,0,0,10
reflection,10,172,1,1,4,4,0,14
static_team,10,172,1,1,1,1,0,22
corpus_mesh,10,172,1,1,1,1,0,32
single,10,173,1,0,0,0,0,10
reflection,10,173,1,0,3,3,0,13
static_team,10,173,1,0,0,0,0,20
corpus_mesh,10,173,1,0,0,0,0,30
single,10,174,1,0,0,0,0,10
reflection,10,174,1,0,3,3,0,13
static_team,10,174,1,0,0,0,0,20
corpus_mesh,10,174,1,0,0,0,0,30
single,10,175,1,0,0,0,0,10
reflection,10,175,1,0,2,2,0,12
static_team,10,175,1,0,0,0,0,20
corpus_mesh,10,175,1,0,0,0,0,32
single,10,176,1,0,0,0,0,10
reflection,10,176,1,0,1,1,0,11
static_team,10,176,1,0,0,0,0,20
corpus_mesh,10,176,1,0,0,0,0,30
single,10,177,0,1,0,0,1,10
reflection,10,177,1,0,1,1,0,11
static_team,10,177,1,0,0,0,0,20
corpus_mesh,10,177,1,0,0,0,0,30
single,10,178,1,0,0,0,0,10
reflection,10,178,0,0,3,2,1,13
static_team,10,178,1,0,0,0,0,20
corpus_mesh,10,178,0,0,0,0,1,32
single,10,179,1,0,0,0,0,10
reflection,10,179,1,0,1,1,0,11
static_team,10,179,1,1,1,1,0,21
corpus_mesh,10,179,1,0,0,0,0,30
single,10,180,0,1,0,0,1,10
reflection,10,180,1,0,4,4,0,14
static_team,10,180,1,0,0,0,0,20
corpus_mesh,10,180,1,0,0,0,0,30
single,10,181,0,1,0,0,1,10
reflection,10,181,1,0,4,4,0,14
static_team,10,181,1,0,0,0,0,20
corpus_mesh,10,181,1,2,2,2,0,34
single,10,182,1,0,0,0,0,10
reflection,10,182,1,0,6,6,0,16
static_team,10,182,1,1,1,1,0,21
corpus_mesh,10,182,1,0,0,0,0,32
single,10,183,1,0,0,0,0,10
reflection,10,183,1,0,2,2,0,12
static_team,10,183,1,0,0,0,0,20
corpus_mesh,10,183,1,0,0,0,0,30
single,10,184,1,0,0,0,0,10
reflection,10,184,1,0,1,1,0,11
static_team,10,184,1,0,0,0,0,20
corpus_mesh,10,184,1,0,0,0,0,30
single,10,185,1,0,0,0,0,10
reflection,10,185,0,1,3,3,1,13
static_team,10,185,1,0,0,0,0,21
corpus_mesh,10,185,1,1,1,1,0,32
single,10,186,1,0,0,0,0,10
reflection,10,186,1,0,1,1,0,11
static_team,10,186,1,0,0,0,0,21
corpus_mesh,10,186,1,2,2,2,0,34
single,10,187,1,0,0,0,0,10
reflection,10,187,1,0,3,3,0,13
static_team,10,187,1,0,0,0,0,20
corpus_mesh,10,187,1,0,0,0,0,30
single,10,188,1,0,0,0,0,10
reflection,10,188,0,1,4,3,1,14
static_team,10,188,1,0,0,0,0,20
corpus_mesh,10,188,1,1,1,1,0,32
single,10,189,1,0,0,0,0,10
reflection,10,189,1,0,4,4,0,14
static_team,10,189,1,0,0,0,0,20
corpus_mesh,10,189,1,0,0,0,0,30
single,10,190,0,1,0,0,1,10
reflection,10,190,1,0,3,3,0,13
static_team,10,190,1,0,0,0,0,20
corpus_mesh,10,190,1,0,0,0,0,30
single,10,191,0,1,0,0,1,10
reflection,10,191,1,0,1,1,0,11
static_team,10,191,1,0,0,0,0,20
corpus_mesh,10,191,1,0,0,0,0,30
single,10,192,1,0,0,0,0,10
reflection,10,192,1,0,0,0,0,10
static_team,10,192,1,0,0,0,0,20
corpus_mesh,10,192,1,0,0,0,0,30
single,10,193,0,1,0,0,1,10
reflection,10,193,1,0,6,6,0,16
static_team,10,193,1,0,0,0,0,21
corpus_mesh,10,193,1,2,2,2,0,34
single,10,194,1,0,0,0,0,10
reflection,10,194,0,1,2,2,1,12
static_team,10,194,0,1,1,0,1,21
corpus_mesh,10,194,1,0,0,0,0,30
single,10,195,1,0,0,0,0,10
reflection,10,195,1,0,3,3,0,13
static_team,10,195,1,1,1,1,0,21
corpus_mesh,10,195,1,0,0,0,0,30
single,10,196,1,0,0,0,0,10
reflection,10,196,1,0,2,2,0,12
static_team,10,196,1,0,0,0,0,20
corpus_mesh,10,196,1,0,0,0,0,30
single,10,197,1,0,0,0,0,10
reflection,10,197,1,0,3,3,0,13
static_team,10,197,1,1,1,1,0,21
corpus_mesh,10,197,1,0,0,0,0,30
single,10,198,0,1,0,0,1,10
reflection,10,198,0,0,4,3,1,14
static_team,10,198,1,0,0,0,0,21
corpus_mesh,10,198,1,0,0,0,0,32
single,10,199,1,0,0,0,0,10
reflection,10,199,1,0,2,2,0,12
static_team,10,199,1,0,0,0,0,20
corpus_mesh,10,199,1,0,0,0,0,30
single,10,200,1,0,0,0,0,10
reflection,10,200,1,0,2,2,0,12
static_team,10,200,1,0,0,0,0,20
corpus_mesh,10,200,1,0,0,0,0,30
single,10,201,1,0,0,0,0,10
reflection,10,201,1,0,4,4,0,14
static_team,10,201,1,0,0,0,0,20
corpus_mesh,10,201,1,0,0,0,0,30
single,10,202,1,0,0,0,0,10
reflection,10,202,0,1,2,2,1,12
static_team,10,202,1,0,0,0,0,21
corpus_mesh,10,202,1,1,1,1,0,32
single,10,203,1,0,0,0,0,10
reflection,10,203,1,0,1,1,0,11
static_team,10,203,1,0,0,0,0,20
corpus_mesh,10,203,1,0,0,0,0,30
single,10,204,1,0,0,0,0,10
reflection,10,204,1,0,3,3,0,13
static_team,10,204,1,1,1,1,0,21
corpus_mesh,10,204,1,1,1,1,0,32
single,10,205,1,0,0,0,0,10
reflection,10,205,1,0,0,0,0,10
static_team,10,205,1,1,1,1,0,21
corpus_mesh,10,205,1,0,0,0,0,30
single,10,206,1,0,0,0,0,10
reflection,10,206,0,1,5,5,1,15
static_team,10,206,1,0,0,0,0,20
corpus_mesh,10,206,1,0,0,0,0,30
single,10,207,1,0,0,0,0,10
reflection,10,207,1,0,2,2,0,12
static_team,10,207,1,0,0,0,0,20
corpus_mesh,10,207,1,0,0,0,0,30
single,10,208,1,0,0,0,0,10
reflection,10,208,1,0,1,1,0,11
static_team,10,208,1,0,0,0,0,20
corpus_mesh,10,208,1,0,0,0,0,30
single,10,209,1,0,0,0,0,10
reflection,10,209,1,0,1,1,0,11
static_team,10,209,1,0,0,0,0,20
corpus_mesh,10,209,1,1,1,1,0,32
single,10,210,1,0,0,0,0,10
reflection,10,210,0,2,2,2,1,12
static_team,10,210,1,1,1,1,0,21
corpus_mesh,10,210,1,0,0,0,0,30
single,10,211,1,0,0,0,0,10
reflection,10,211,1,1,2,2,0,12
static_team,10,211,1,0,0,0,0,20
corpus_mesh,10,211,1,0,0,0,0,34
single,10,212,1,0,0,0,0,10
reflection,10,212,1,0,2,2,0,12
static_team,10,212,1,1,1,1,0,21
corpus_mesh,10,212,1,0,0,0,0,30
single,10,213,1,0,0,0,0,10
reflection,10,213,1,0,2,2,0,12
static_team,10,213,1,0,0,0,0,20
corpus_mesh,10,213,1,0,0,0,0,30
single,10,214,1,0,0,0,0,10
reflection,10,214,1,0,5,5,0,15
static_team,10,214,1,0,0,0,0,20
corpus_mesh,10,214,1,0,0,0,0,30
single,10,215,1,0,0,0,0,10
reflection,10,215,1,0,2,2,0,12
static_team,10,215,1,0,0,0,0,20
corpus_mesh,10,215,1,0,0,0,0,32
single,10,216,1,0,0,0,0,10
reflection,10,216,1,0,4,4,0,14
static_team,10,216,1,0,0,0,0,20
corpus_mesh,10,216,1,0,0,0,0,30
single,10,217,1,0,0,0,0,10
reflection,10,217,0,2,2,2,1,12
static_team,10,217,1,0,0,0,0,20
corpus_mesh,10,217,1,0,0,0,0,30
single,10,218,1,0,0,0,0,10
reflection,10,218,1,0,2,2,0,12
static_team,10,218,1,0,0,0,0,20
corpus_mesh,10,218,1,0,0,0,0,30
single,10,219,1,0,0,0,0,10
reflection,10,219,1,0,2,2,0,12
static_team,10,219,1,0,0,0,0,20
corpus_mesh,10,219,1,0,0,0,0,30
single,10,220,1,0,0,0,0,10
reflection,10,220,1,0,6,6,0,16
static_team,10,220,1,0,0,0,0,21
corpus_mesh,10,220,1,0,0,0,0,30
single,10,221,1,0,0,0,0,10
reflection,10,221,1,0,6,6,0,16
static_team,10,221,1,0,0,0,0,20
corpus_mesh,10,221,1,0,0,0,0,30
single,10,222,1,0,0,0,0,10
reflection,10,222,0,0,4,3,1,14
static_team,10,222,1,1,1,1,0,21
corpus_mesh,10,222,1,0,0,0,0,32
single,10,223,1,0,0,0,0,10
reflection,10,223,1,0,2,2,0,12
static_team,10,223,1,0,0,0,0,20
corpus_mesh,10,223,1,0,0,0,0,30
single,10,224,1,0,0,0,0,10
reflection,10,224,1,0,2,2,0,12
static_team,10,224,1,0,0,0,0,20
corpus_mesh,10,224,1,0,0,0,0,30
single,10,225,1,0,0,0,0,10
reflection,10,225,1,0,4,4,0,14
static_team,10,225,1,0,0,0,0,20
corpus_mesh,10,225,1,0,0,0,0,30
single,10,226,1,0,0,0,0,10
reflection,10,226,1,0,4,4,0,14
static_team,10,226,1,0,0,0,0,20
corpus_mesh,10,226,1,0,0,0,0,30
single,10,227,0,1,0,0,1,10
reflection,10,227,1,0,2,2,0,12
static_team,10,227,1,0,0,0,0,20
corpus_mesh,10,227,1,0,0,0,0,30
single,10,228,0,1,0,0,1,10
reflection,10,228,0,0,5,4,1,15
static_team,10,228,1,0,0,0,0,20
corpus_mesh,10,228,1,0,0,0,0,30
single,10,229,1,0,0,0,0,10
reflection,10,229,0,1,3,3,1,13
static_team,10,229,1,0,0,0,0,21
corpus_mesh,10,229,1,0,0,0,0,30
single,10,230,1,0,0,0,0,10
reflection,10,230,1,0,2,2,0,12
static_team,10,230,1,0,0,0,0,20
corpus_mesh,10,230,1,0,0,0,0,30
single,10,231,0,1,0,0,1,10
reflection,10,231,1,0,3,3,0,13
static_team,10,231,1,1,1,1,0,21
corpus_mesh,10,231,1,0,0,0,0,32
single,10,232,1,0,0,0,0,10
reflection,10,232,0,1,2,2,1,12
static_team,10,232,1,0,0,0,0,20
corpus_mesh,10,232,1,0,0,0,0,30
single,10,233,1,0,0,0,0,10
reflection,10,233,1,0,2,2,0,12
static_team,10,233,1,0,0,0,0,21
corpus_mesh,10,233,1,0,0,0,0,30
single,10,234,1,0,0,0,0,10
reflection,10,234,1,0,3,3,0,13
static_team,10,234,1,0,0,0,0,20
corpus_mesh,10,234,1,1,1,1,0,32
single,10,235,1,0,0,0,0,10
reflection,10,235,1,0,2,2,0,12
static_team,10,235,1,1,1,1,0,21
corpus_mesh,10,235,1,0,0,0,0,30
single,10,236,1,0,0,0,0,10
reflection,10,236,1,0,2,2,0,12
static_team,10,236,1,1,1,1,0,21
corpus_mesh,10,236,1,0,0,0,0,30
single,10,237,1,0,0,0,0,10
reflection,10,237,1,0,2,2,0,12
static_team,10,237,1,0,0,0,0,20
corpus_mesh,10,237,1,0,0,0,0,30
single,10,238,1,0,0,0,0,10
reflection,10,238,1,0,2,2,0,12
static_team,10,238,1,1,1,1,0,21
corpus_mesh,10,238,1,0,0,0,0,30
single,10,239,0,1,0,0,1,10
reflection,10,239,1,0,3,3,0,13
static_team,10,239,1,0,0,0,0,20
corpus_mesh,10,239,1,0,0,0,0,30
single,10,240,1,0,0,0,0,10
reflection,10,240,1,0,0,0,0,10
static_team,10,240,1,0,0,0,0,20
corpus_mesh,10,240,1,0,0,0,0,30
single,10,241,1,0,0,0,0,10
reflection,10,241,1,0,1,1,0,11
static_team,10,241,1,0,0,0,0,20
corpus_mesh,10,241,1,0,0,0,0,30
single,10,242,1,0,0,0,0,10
reflection,10,242,1,0,1,1,0,11
static_team,10,242,1,0,0,0,0,20
corpus_mesh,10,242,1,0,0,0,0,30
single,10,243,1,0,0,0,0,10
reflection,10,243,1,0,5,5,0,15
static_team,10,243,1,2,2,2,0,22
corpus_mesh,10,243,1,0,0,0,0,30
single,10,244,1,0,0,0,0,10
reflection,10,244,1,1,3,3,0,13
static_team,10,244,1,0,0,0,0,20
corpus_mesh,10,244,1,0,0,0,0,30
single,10,245,1,0,0,0,0,10
reflection,10,245,0,1,5,5,1,15
static_team,10,245,1,0,0,0,0,20
corpus_mesh,10,245,1,0,0,0,0,30
single,10,246,1,0,0,0,0,10
reflection,10,246,1,0,1,1,0,11
static_team,10,246,1,0,0,0,0,20
corpus_mesh,10,246,1,1,1,1,0,32
single,10,247,1,0,0,0,0,10
reflection,10,247,0,1,3,3,1,13
static_team,10,247,1,0,0,0,0,20
corpus_mesh,10,247,1,0,0,0,0,30
single,10,248,1,0,0,0,0,10
reflection,10,248,1,0,2,2,0,12
static_team,10,248,1,0,0,0,0,20
corpus_mesh,10,248,1,0,0,0,0,30
single,10,249,1,0,0,0,0,10
reflection,10,249,1,0,3,3,0,13
static_team,10,249,1,0,0,0,0,20
corpus_mesh,10,249,1,0,0,0,0,30
single,10,250,1,0,0,0,0,10
reflection,10,250,1,0,4,4,0,14
static_team,10,250,1,0,0,0,0,20
corpus_mesh,10,250,1,1,1,1,0,32
single,10,251,1,0,0,0,0,10
reflection,10,251,1,0,1,1,0,11
static_team,10,251,1,0,0,0,0,20
corpus_mesh,10,251,1,0,0,0,0,30
single,10,252,1,0,0,0,0,10
reflection,10,252,1,0,1,1,0,11
static_team,10,252,1,1,1,1,0,21
corpus_mesh,10,252,1,0,0,0,0,32
single,10,253,1,0,0,0,0,10
reflection,10,253,1,0,5,5,0,15
static_team,10,253,1,0,0,0,0,20
corpus_mesh,10,253,1,0,0,0,0,30
single,10,254,1,0,0,0,0,10
reflection,10,254,0,1,2,2,1,12
static_team,10,254,1,1,1,1,0,21
corpus_mesh,10,254,1,0,0,0,0,32
single,10,255,1,0,0,0,0,10
reflection,10,255,0,1,2,2,1,12
static_team,10,255,1,0,0,0,0,20
corpus_mesh,10,255,1,1,1,1,0,32
single,10,256,1,0,0,0,0,10
reflection,10,256,1,0,3,3,0,13
static_team,10,256,1,0,0,0,0,20
corpus_mesh,10,256,1,0,0,0,0,30
single,10,257,1,0,0,0,0,10
reflection,10,257,1,0,2,2,0,12
static_team,10,257,1,0,0,0,0,20
corpus_mesh,10,257,1,0,0,0,0,30
single,10,258,1,0,0,0,0,10
reflection,10,258,1,0,5,5,0,15
static_team,10,258,1,0,0,0,0,20
corpus_mesh,10,258,1,0,0,0,0,30
single,10,259,1,0,0,0,0,10
reflection,10,259,1,0,3,3,0,13
static_team,10,259,1,1,1,1,0,21
corpus_mesh,10,259,1,0,0,0,0,30
single,10,260,1,0,0,0,0,10
reflection,10,260,0,1,3,3,1,13
static_team,10,260,1,0,0,0,0,20
corpus_mesh,10,260,1,0,0,0,0,30
single,10,261,1,0,0,0,0,10
reflection,10,261,1,0,4,4,0,14
static_team,10,261,1,0,0,0,0,20
corpus_mesh,10,261,1,0,0,0,0,30
single,10,262,0,1,0,0,1,10
reflection,10,262,0,1,2,2,1,12
static_team,10,262,1,0,0,0,0,20
corpus_mesh,10,262,1,0,0,0,0,30
single,10,263,1,0,0,0,0,10
reflection,10,263,1,0,3,3,0,13
static_team,10,263,1,0,0,0,0,20
corpus_mesh,10,263,1,0,0,0,0,30
single,10,264,0,1,0,0,1,10
reflection,10,264,1,0,4,4,0,14
static_team,10,264,1,0,0,0,0,20
corpus_mesh,10,264,1,0,0,0,0,30
single,10,265,0,1,0,0,1,10
reflection,10,265,1,0,2,2,0,12
static_team,10,265,1,0,0,0,0,20
corpus_mesh,10,265,1,0,0,0,0,30
single,10,266,1,0,0,0,0,10
reflection,10,266,1,0,3,3,0,13
static_team,10,266,1,0,0,0,0,20
corpus_mesh,10,266,1,0,0,0,0,30
single,10,267,1,0,0,0,0,10
reflection,10,267,1,0,4,4,0,14
static_team,10,267,1,0,0,0,0,20
corpus_mesh,10,267,1,0,0,0,0,32
single,10,268,1,0,0,0,0,10
reflection,10,268,1,0,2,2,0,12
static_team,10,268,1,0,0,0,0,20
corpus_mesh,10,268,1,0,0,0,0,30
single,10,269,1,0,0,0,0,10
reflection,10,269,1,0,2,2,0,12
static_team,10,269,1,0,0,0,0,20
corpus_mesh,10,269,1,0,0,0,0,30
single,10,270,1,0,0,0,0,10
reflection,10,270,1,0,5,5,0,15
static_team,10,270,1,0,0,0,0,20
corpus_mesh,10,270,1,0,0,0,0,30
single,10,271,1,0,0,0,0,10
reflection,10,271,1,0,4,4,0,14
static_team,10,271,1,0,0,0,0,20
corpus_mesh,10,271,1,0,0,0,0,30
single,10,272,0,1,0,0,1,10
reflection,10,272,0,0,3,2,1,13
static_team,10,272,1,0,0,0,0,20
corpus_mesh,10,272,1,0,0,0,0,30
single,10,273,1,0,0,0,0,10
reflection,10,273,1,0,3,3,0,13
static_team,10,273,1,0,0,0,0,20
corpus_mesh,10,273,1,0,0,0,0,30
single,10,274,1,0,0,0,0,10
reflection,10,274,1,0,2,2,0,12
static_team,10,274,1,0,0,0,0,20
corpus_mesh,10,274,1,0,0,0,0,30
single,10,275,1,0,0,0,0,10
reflection,10,275,1,0,1,1,0,11
static_team,10,275,1,0,0,0,0,20
corpus_mesh,10,275,1,1,1,1,0,34
single,10,276,1,0,0,0,0,10
reflection,10,276,1,0,2,2,0,12
static_team,10,276,1,0,0,0,0,20
corpus_mesh,10,276,1,0,0,0,0,30
single,10,277,1,0,0,0,0,10
reflection,10,277,1,0,4,4,0,14
static_team,10,277,1,0,0,0,0,20
corpus_mesh,10,277,1,0,0,0,0,30
single,10,278,0,1,0,0,1,10
reflection,10,278,1,0,2,2,0,12
static_team,10,278,1,0,0,0,0,20
corpus_mesh,10,278,1,2,2,2,0,34
single,10,279,1,0,0,0,0,10
reflection,10,279,1,0,3,3,0,13
static_team,10,279,1,0,0,0,0,20
corpus_mesh,10,279,1,0,0,0,0,30
single,10,280,1,0,0,0,0,10
reflection,10,280,0,0,5,4,1,15
static_team,10,280,1,0,0,0,0,20
corpus_mesh,10,280,1,0,0,0,0,30
single,10,281,1,0,0,0,0,10
reflection,10,281,0,2,4,4,1,14
static_team,10,281,1,0,0,0,0,20
corpus_mesh,10,281,1,1,1,1,0,32
single,10,282,1,0,0,0,0,10
reflection,10,282,1,0,2,2,0,12
static_team,10,282,1,0,0,0,0,21
corpus_mesh,10,282,1,1,1,1,0,32
single,10,283,1,0,0,0,0,10
reflection,10,283,1,0,1,1,0,11
static_team,10,283,1,0,0,0,0,20
corpus_mesh,10,283,1,0,0,0,0,30
single,10,284,1,0,0,0,0,10
reflection,10,284,0,1,3,3,1,13
static_team,10,284,1,2,2,2,0,22
corpus_mesh,10,284,1,0,0,0,0,30
single,10,285,0,1,0,0,1,10
reflection,10,285,1,1,5,5,0,15
static_team,10,285,1,0,0,0,0,20
corpus_mesh,10,285,1,0,0,0,0,30
single,10,286,1,0,0,0,0,10
reflection,10,286,0,0,3,2,1,13
static_team,10,286,1,0,0,0,0,20
corpus_mesh,10,286,1,1,1,1,0,32
single,10,287,1,0,0,0,0,10
reflection,10,287,1,0,3,3,0,13
static_team,10,287,1,0,0,0,0,20
corpus_mesh,10,287,1,1,1,1,0,32
single,10,288,0,2,0,0,1,10
reflection,10,288,0,1,4,4,1,14
static_team,10,288,1,0,0,0,0,20
corpus_mesh,10,288,1,0,0,0,0,32
single,10,289,1,0,0,0,0,10
reflection,10,289,1,0,2,2,0,12
static_team,10,289,1,0,0,0,0,20
corpus_mesh,10,289,1,1,1,1,0,34
single,10,290,1,0,0,0,0,10
reflection,10,290,1,0,5,5,0,15
static_team,10,290,1,0,0,0,0,20
corpus_mesh,10,290,1,0,0,0,0,30
single,10,291,1,0,0,0,0,10
reflection,10,291,1,0,3,3,0,13
static_team,10,291,1,0,0,0,0,20
corpus_mesh,10,291,1,0,0,0,0,30
single,10,292,1,0,0,0,0,10
reflection,10,292,1,0,2,2,0,12
static_team,10,292,1,0,0,0,0,20
corpus_mesh,10,292,1,0,0,0,0,30
single,10,293,1,0,0,0,0,10
reflection,10,293,1,2,4,4,0,14
static_team,10,293,1,0,0,0,0,20
corpus_mesh,10,293,1,0,0,0,0,30
single,10,294,0,1,0,0,1,10
reflection,10,294,1,0,1,1,0,11
static_team,10,294,1,0,0,0,0,20
corpus_mesh,10,294,1,1,1,1,0,32
single,10,295,1,0,0,0,0,10
reflection,10,295,1,0,3,3,0,13
static_team,10,295,1,0,0,0,0,20
corpus_mesh,10,295,0,0,0,0,1,32
single,10,296,1,0,0,0,0,10
reflection,10,296,1,0,2,2,0,12
static_team,10,296,1,1,1,1,0,21
corpus_mesh,10,296,1,0,0,0,0,30
single,10,297,1,0,0,0,0,10
reflection,10,297,1,0,1,1,0,11
static_team,10,297,1,0,0,0,0,20
corpus_mesh,10,297,1,0,0,0,0,30
single,10,298,0,1,0,0,1,10
reflection,10,298,1,0,5,5,0,15
static_team,10,298,1,0,0,0,0,20
corpus_mesh,10,298,1,0,0,0,0,30
single,10,299,1,0,0,0,0,10
reflection,10,299,1,1,3,3,0,13
static_team,10,299,1,0,0,0,0,21
corpus_mesh,10,299,1,0,0,0,0,32
single,10,300,1,0,0,0,0,10
reflection,10,300,1,0,3,3,0,13
static_team,10,300,1,1,1,1,0,21
corpus_mesh,10,300,1,0,0,0,0,30
single,10,301,1,0,0,0,0,10
reflection,10,301,1,0,2,2,0,12
static_team,10,301,1,0,0,0,0,20
corpus_mesh,10,301,1,0,0,0,0,30
single,10,302,0,1,0,0,1,10
reflection,10,302,0,1,0,0,1,10
static_team,10,302,1,0,0,0,0,20
corpus_mesh,10,302,1,0,0,0,0,30
single,10,303,1,0,0,0,0,10
reflection,10,303,1,0,4,4,0,14
static_team,10,303,1,0,0,0,0,20
corpus_mesh,10,303,1,1,1,1,0,32
single,10,304,1,0,0,0,0,10
reflection,10,304,0,1,1,1,1,11
static_team,10,304,1,0,0,0,0,20
corpus_mesh,10,304,1,0,0,0,0,30
single,10,305,1,0,0,0,0,10
reflection,10,305,1,0,1,1,0,11
static_team,10,305,1,1,1,1,0,21
corpus_mesh,10,305,1,0,0,0,0,30
single,10,306,0,1,0,0,1,10
reflection,10,306,1,0,3,3,0,13
static_team,10,306,1,0,0,0,0,20
corpus_mesh,10,306,1,0,0,0,0,30
single,10,307,1,0,0,0,0,10
reflection,10,307,0,1,2,2,1,12
static_team,10,307,1,0,0,0,0,20
corpus_mesh,10,307,1,0,0,0,0,30
single,10,308,1,0,0,0,0,10
reflection,10,308,1,0,3,3,0,13
static_team,10,308,1,0,0,0,0,20
corpus_mesh,10,308,1,1,1,1,0,32
single,10,309,1,0,0,0,0,10
reflection,10,309,1,1,5,5,0,15
static_team,10,309,1,0,0,0,0,20
corpus_mesh,10,309,1,1,1,1,0,32
single,10,310,0,1,0,0,1,10
reflection,10,310,1,0,4,4,0,14
static_team,10,310,1,0,0,0,0,20
corpus_mesh,10,310,1,0,0,0,0,30
single,10,311,0,1,0,0,1,10
reflection,10,311,1,0,2,2,0,12
static_team,10,311,1,0,0,0,0,20
corpus_mesh,10,311,1,1,1,1,0,34
single,10,312,1,0,0,0,0,10
reflection,10,312,1,0,4,4,0,14
static_team,10,312,1,0,0,0,0,20
corpus_mesh,10,312,1,1,1,1,0,32
single,10,313,1,0,0,0,0,10
reflection,10,313,1,0,6,6,0,16
static_team,10,313,1,0,0,0,0,20
corpus_mesh,10,313,1,0,0,0,0,30
single,10,314,1,0,0,0,0,10
reflection,10,314,1,0,1,1,0,11
static_team,10,314,1,0,0,0,0,20
corpus_mesh,10,314,1,1,1,1,0,32
single,10,315,1,0,0,0,0,10
reflection,10,315,1,0,5,5,0,15
static_team,10,315,1,0,0,0,0,20
corpus_mesh,10,315,1,0,0,0,0,30
single,10,316,1,0,0,0,0,10
reflection,10,316,1,0,4,4,0,14
static_team,10,316,1,0,0,0,0,20
corpus_mesh,10,316,1,0,0,0,0,30
single,10,317,0,2,0,0,1,10
reflection,10,317,1,0,3,3,0,13
static_team,10,317,1,0,0,0,0,20
corpus_mesh,10,317,1,0,0,0,0,30
single,10,318,1,0,0,0,0,10
reflection,10,318,1,0,1,1,0,11
static_team,10,318,1,0,0,0,0,20
corpus_mesh,10,318,1,0,0,0,0,30
single,10,319,1,0,0,0,0,10
reflection,10,319,1,0,3,3,0,13
static_team,10,319,1,0,0,0,0,20
corpus_mesh,10,319,1,1,1,1,0,32
single,10,320,1,0,0,0,0,10
reflection,10,320,1,0,2,2,0,12
static_team,10,320,1,0,0,0,0,20
corpus_mesh,10,320,1,0,0,0,0,30
single,10,321,1,0,0,0,0,10
reflection,10,321,1,0,1,1,0,11
static_team,10,321,1,0,0,0,0,20
corpus_mesh,10,321,1,0,0,0,0,32
single,10,322,0,1,0,0,1,10
reflection,10,322,1,0,3,3,0,13
static_team,10,322,1,0,0,0,0,20
corpus_mesh,10,322,1,0,0,0,0,32
single,10,323,1,0,0,0,0,10
reflection,10,323,1,0,2,2,0,12
static_team,10,323,1,0,0,0,0,20
corpus_mesh,10,323,1,0,0,0,0,30
single,10,324,1,0,0,0,0,10
reflection,10,324,1,0,0,0,0,10
static_team,10,324,1,0,0,0,0,20
corpus_mesh,10,324,1,0,0,0,0,30
single,10,325,1,0,0,0,0,10
reflection,10,325,1,0,1,1,0,11
static_team,10,325,1,1,1,1,0,21
corpus_mesh,10,325,1,1,1,1,0,32
single,10,326,1,0,0,0,0,10
reflection,10,326,1,0,2,2,0,12
static_team,10,326,1,0,0,0,0,20
corpus_mesh,10,326,1,0,0,0,0,30
single,10,327,1,0,0,0,0,10
reflection,10,327,0,1,4,4,1,14
static_team,10,327,1,0,0,0,0,20
corpus_mesh,10,327,1,0,0,0,0,30
single,10,328,1,0,0,0,0,10
reflection,10,328,1,0,3,3,0,13
static_team,10,328,1,1,1,1,0,21
corpus_mesh,10,328,1,0,0,0,0,30
single,10,329,0,1,0,0,1,10
reflection,10,329,1,0,2,2,0,12
static_team,10,329,1,0,0,0,0,20
corpus_mesh,10,329,1,0,0,0,0,30
single,10,330,1,0,0,0,0,10
reflection,10,330,1,0,3,3,0,13
static_team,10,330,1,0,0,0,0,20
corpus_mesh,10,330,1,0,0,0,0,30
single,10,331,1,0,0,0,0,10
reflection,10,331,1,0,5,5,0,15
static_team,10,331,1,1,1,1,0,21
corpus_mesh,10,331,1,0,0,0,0,32
single,10,332,0,1,0,0,1,10
reflection,10,332,1,0,3,3,0,13
static_team,10,332,1,1,1,1,0,21
corpus_mesh,10,332,1,0,0,0,0,30
single,10,333,1,0,0,0,0,10
reflection,10,333,1,0,4,4,0,14
static_team,10,333,1,0,0,0,0,20
corpus_mesh,10,333,1,0,0,0,0,30
single,10,334,1,0,0,0,0,10
reflection,10,334,0,2,3,3,1,13
static_team,10,334,1,0,0,0,0,20
corpus_mesh,10,334,1,0,0,0,0,30
single,10,335,1,0,0,0,0,10
reflection,10,335,1,0,3,3,0,13
static_team,10,335,1,0,0,0,0,20
corpus_mesh,10,335,1,0,0,0,0,30
single,10,336,1,0,0,0,0,10
reflection,10,336,1,0,5,5,0,15
static_team,10,336,1,1,1,1,0,21
corpus_mesh,10,336,1,0,0,0,0,30
single,10,337,1,0,0,0,0,10
reflection,10,337,1,0,1,1,0,11
static_team,10,337,1,1,1,1,0,21
corpus_mesh,10,337,1,0,0,0,0,30
single,10,338,1,0,0,0,0,10
reflection,10,338,1,0,1,1,0,11
static_team,10,338,1,0,0,0,0,20
corpus_mesh,10,338,1,0,0,0,0,30
single,10,339,1,0,0,0,0,10
reflection,10,339,1,0,2,2,0,12
static_team,10,339,1,1,1,1,0,21
corpus_mesh,10,339,1,1,1,1,0,32
single,10,340,1,0,0,0,0,10
reflection,10,340,1,0,5,5,0,15
static_team,10,340,1,0,0,0,0,20
corpus_mesh,10,340,1,0,0,0,0,30
single,10,341,1,0,0,0,0,10
reflection,10,341,1,0,2,2,0,12
static_team,10,341,1,0,0,0,0,20
corpus_mesh,10,341,1,0,0,0,0,30
single,10,342,1,0,0,0,0,10
reflection,10,342,1,0,7,7,0,17
static_team,10,342,1,0,0,0,0,20
corpus_mesh,10,342,1,0,0,0,0,30
single,10,343,1,0,0,0,0,10
reflection,10,343,1,0,0,0,0,10
static_team,10,343,1,0,0,0,0,20
corpus_mesh,10,343,1,0,0,0,0,30
single,10,344,0,1,0,0,1,10
reflection,10,344,1,0,1,1,0,11
static_team,10,344,1,2,2,2,0,22
corpus_mesh,10,344,1,0,0,0,0,30
single,10,345,0,1,0,0,1,10
reflection,10,345,1,0,2,2,0,12
static_team,10,345,1,0,0,0,0,20
corpus_mesh,10,345,1,0,0,0,0,30
single,10,346,1,0,0,0,0,10
reflection,10,346,0,0,4,3,1,14
static_team,10,346,1,0,0,0,0,20
corpus_mesh,10,346,1,0,0,0,0,30
single,10,347,0,1,0,0,1,10
reflection,10,347,1,0,4,4,0,14
static_team,10,347,1,0,0,0,0,20
corpus_mesh,10,347,1,0,0,0,0,30
single,10,348,1,0,0,0,0,10
reflection,10,348,1,0,2,2,0,12
static_team,10,348,1,0,0,0,0,20
corpus_mesh,10,348,1,0,0,0,0,30
single,10,349,1,0,0,0,0,10
reflection,10,349,1,0,1,1,0,11
static_team,10,349,1,0,0,0,0,20
corpus_mesh,10,349,1,0,0,0,0,30
single,10,350,1,0,0,0,0,10
reflection,10,350,1,1,4,4,0,14
static_team,10,350,1,0,0,0,0,20
corpus_mesh,10,350,1,1,1,1,0,32
single,10,351,1,0,0,0,0,10
reflection,10,351,1,0,4,4,0,14
static_team,10,351,1,0,0,0,0,21
corpus_mesh,10,351,1,0,0,0,0,30
single,10,352,1,0,0,0,0,10
reflection,10,352,1,0,4,4,0,14
static_team,10,352,1,0,0,0,0,20
corpus_mesh,10,352,1,1,1,1,0,34
single,10,353,1,0,0,0,0,10
reflection,10,353,1,0,2,2,0,12
static_team,10,353,1,1,1,1,0,21
corpus_mesh,10,353,1,1,1,1,0,32
single,10,354,0,1,0,0,1,10
reflection,10,354,1,0,5,5,0,15
static_team,10,354,1,0,0,0,0,20
corpus_mesh,10,354,1,0,0,0,0,32
single,10,355,0,1,0,0,1,10
reflection,10,355,1,1,5,5,0,15
static_team,10,355,1,0,0,0,0,20
corpus_mesh,10,355,1,0,0,0,0,30
single,10,356,1,0,0,0,0,10
reflection,10,356,1,0,4,4,0,14
static_team,10,356,1,0,0,0,0,20
corpus_mesh,10,356,1,0,0,0,0,30
single,10,357,1,0,0,0,0,10
reflection,10,357,1,0,2,2,0,12
static_team,10,357,1,0,0,0,0,21
corpus_mesh,10,357,1,0,0,0,0,30
single,10,358,1,0,0,0,0,10
reflection,10,358,1,0,1,1,0,11
static_team,10,358,1,1,1,1,0,21
corpus_mesh,10,358,1,0,0,0,0,30
single,10,359,1,0,0,0,0,10
reflection,10,359,1,0,2,2,0,12
static_team,10,359,1,1,1,1,0,21
corpus_mesh,10,359,1,0,0,0,0,32
single,10,360,0,1,0,0,1,10
reflection,10,360,1,0,2,2,0,12
static_team,10,360,1,0,0,0,0,20
corpus_mesh,10,360,1,0,0,0,0,30
single,10,361,1,0,0,0,0,10
reflection,10,361,1,0,5,5,0,15
static_team,10,361,1,1,1,1,0,21
corpus_mesh,10,361,1,0,0,0,0,30
single,10,362,0,1,0,0,1,10
reflection,10,362,1,0,2,2,0,12
static_team,10,362,1,1,1,1,0,21
corpus_mesh,10,362,1,0,0,0,0,30
single,10,363,1,0,0,0,0,10
reflection,10,363,1,0,3,3,0,13
static_team,10,363,1,0,0,0,0,20
corpus_mesh,10,363,1,0,0,0,0,30
single,10,364,1,0,0,0,0,10
reflection,10,364,1,0,1,1,0,11
static_team,10,364,1,1,1,1,0,21
corpus_mesh,10,364,1,0,0,0,0,30
single,10,365,1,0,0,0,0,10
reflection,10,365,1,0,1,1,0,11
static_team,10,365,1,0,0,0,0,20
corpus_mesh,10,365,1,0,0,0,0,30
single,10,366,1,0,0,0,0,10
reflection,10,366,1,0,2,2,0,12
static_team,10,366,1,0,0,0,0,20
corpus_mesh,10,366,1,0,0,0,0,30
single,10,367,1,0,0,0,0,10
reflection,10,367,1,0,4,4,0,14
static_team,10,367,1,0,0,0,0,20
corpus_mesh,10,367,1,2,2,2,0,34
single,10,368,1,0,0,0,0,10
reflection,10,368,1,0,1,1,0,11
static_team,10,368,1,0,0,0,0,20
corpus_mesh,10,368,1,0,0,0,0,30
single,10,369,1,0,0,0,0,10
reflection,10,369,1,0,2,2,0,12
static_team,10,369,1,1,1,1,0,21
corpus_mesh,10,369,1,0,0,0,0,30
single,10,370,1,0,0,0,0,10
reflection,10,370,1,0,5,5,0,15
static_team,10,370,1,0,0,0,0,20
corpus_mesh,10,370,1,0,0,0,0,30
single,10,371,1,0,0,0,0,10
reflection,10,371,1,0,5,5,0,15
static_team,10,371,1,0,0,0,0,21
corpus_mesh,10,371,1,0,0,0,0,30
single,10,372,0,1,0,0,1,10
reflection,10,372,1,0,4,4,0,14
static_team,10,372,1,0,0,0,0,20
corpus_mesh,10,372,1,0,0,0,0,30
single,10,373,1,0,0,0,0,10
reflection,10,373,1,0,3,3,0,13
static_team,10,373,1,0,0,0,0,20
corpus_mesh,10,373,1,0,0,0,0,30
single,10,374,1,0,0,0,0,10
reflection,10,374,0,1,5,5,1,15
static_team,10,374,1,0,0,0,0,20
corpus_mesh,10,374,1,0,0,0,0,30
single,10,375,1,0,0,0,0,10
reflection,10,375,0,2,6,6,1,16
static_team,10,375,1,1,1,1,0,21
corpus_mesh,10,375,1,0,0,0,0,30
single,10,376,1,0,0,0,0,10
reflection,10,376,1,0,1,1,0,11
static_team,10,376,1,0,0,0,0,21
corpus_mesh,10,376,1,0,0,0,0,30
single,10,377,1,0,0,0,0,10
reflection,10,377,1,0,2,2,0,12
static_team,10,377,1,0,0,0,0,20
corpus_mesh,10,377,1,0,0,0,0,30
single,10,378,1,0,0,0,0,10
reflection,10,378,0,1,2,2,1,12
static_team,10,378,1,0,0,0,0,20
corpus_mesh,10,378,1,1,1,1,0,32
single,10,379,1,0,0,0,0,10
reflection,10,379,1,0,4,4,0,14
static_team,10,379,1,0,0,0,0,20
corpus_mesh,10,379,1,0,0,0,0,30
single,10,380,1,0,0,0,0,10
reflection,10,380,1,0,4,4,0,14
static_team,10,380,1,0,0,0,0,20
corpus_mesh,10,380,1,0,0,0,0,30
single,10,381,0,1,0,0,1,10
reflection,10,381,0,0,2,1,1,12
static_team,10,381,1,0,0,0,0,20
corpus_mesh,10,381,1,0,0,0,0,30
single,10,382,1,0,0,0,0,10
reflection,10,382,0,1,0,0,1,10
static_team,10,382,1,0,0,0,0,20
corpus_mesh,10,382,1,0,0,0,0,30
single,10,383,1,0,0,0,0,10
reflection,10,383,1,0,5,5,0,15
static_team,10,383,1,0,0,0,0,20
corpus_mesh,10,383,1,0,0,0,0,30
single,10,384,1,0,0,0,0,10
reflection,10,384,1,0,3,3,0,13
static_team,10,384,1,0,0,0,0,20
corpus_mesh,10,384,1,0,0,0,0,30
single,10,385,0,1,0,0,1,10
reflection,10,385,1,0,1,1,0,11
static_team,10,385,1,0,0,0,0,20
corpus_mesh,10,385,1,0,0,0,0,30
single,10,386,0,1,0,0,1,10
reflection,10,386,0,0,3,2,1,13
static_team,10,386,1,0,0,0,0,20
corpus_mesh,10,386,1,0,0,0,0,30
single,10,387,1,0,0,0,0,10
reflection,10,387,0,0,3,2,1,13
static_team,10,387,1,0,0,0,0,20
corpus_mesh,10,387,1,0,0,0,0,30
single,10,388,0,1,0,0,1,10
reflection,10,388,1,0,2,2,0,12
static_team,10,388,1,0,0,0,0,20
corpus_mesh,10,388,1,0,0,0,0,30
single,10,389,1,0,0,0,0,10
reflection,10,389,0,1,2,2,1,12
static_team,10,389,1,1,1,1,0,21
corpus_mesh,10,389,1,0,0,0,0,30
single,10,390,1,0,0,0,0,10
reflection,10,390,1,0,3,3,0,13
static_team,10,390,1,0,0,0,0,20
corpus_mesh,10,390,1,1,1,1,0,32
single,10,391,1,0,0,0,0,10
reflection,10,391,1,0,3,3,0,13
static_team,10,391,1,0,0,0,0,20
corpus_mesh,10,391,1,0,0,0,0,30
single,10,392,1,0,0,0,0,10
reflection,10,392,1,0,2,2,0,12
static_team,10,392,1,0,0,0,0,20
corpus_mesh,10,392,1,0,0,0,0,30
single,10,393,0,2,0,0,1,10
reflection,10,393,1,0,2,2,0,12
static_team,10,393,1,0,0,0,0,20
corpus_mesh,10,393,1,2,2,2,0,36
single,10,394,1,0,0,0,0,10
reflection,10,394,0,2,2,2,1,12
static_team,10,394,1,0,0,0,0,20
corpus_mesh,10,394,1,0,0,0,0,30
single,10,395,1,0,0,0,0,10
reflection,10,395,1,0,2,2,0,12
static_team,10,395,1,0,0,0,0,20
corpus_mesh,10,395,1,1,1,1,0,34
single,10,396,1,0,0,0,0,10
reflection,10,396,1,0,3,3,0,13
static_team,10,396,1,0,0,0,0,20
corpus_mesh,10,396,1,0,0,0,0,30
single,10,397,1,0,0,0,0,10
reflection,10,397,1,0,3,3,0,13
static_team,10,397,1,0,0,0,0,20
corpus_mesh,10,397,1,0,0,0,0,30
single,10,398,1,0,0,0,0,10
reflection,10,398,1,0,2,2,0,12
static_team,10,398,1,0,0,0,0,20
corpus_mesh,10,398,1,0,0,0,0,30
single,10,399,1,0,0,0,0,10
reflection,10,399,1,0,2,2,0,12
static_team,10,399,1,0,0,0,0,20
corpus_mesh,10,399,1,0,0,0,0,30
single,10,400,1,0,0,0,0,10
reflection,10,400,1,0,4,4,0,14
static_team,10,400,1,1,1,1,0,21
corpus_mesh,10,400,1,0,0,0,0,30
single,10,401,1,0,0,0,0,10
reflection,10,401,1,0,2,2,0,12
static_team,10,401,1,0,0,0,0,20
corpus_mesh,10,401,1,0,0,0,0,30
single,10,402,0,1,0,0,1,10
reflection,10,402,1,0,3,3,0,13
static_team,10,402,1,1,1,1,0,21
corpus_mesh,10,402,1,0,0,0,0,30
single,10,403,1,0,0,0,0,10
reflection,10,403,0,1,2,2,1,12
static_team,10,403,1,2,2,2,0,22
corpus_mesh,10,403,1,0,0,0,0,30
single,10,404,0,1,0,0,1,10
reflection,10,404,1,0,3,3,0,13
static_team,10,404,1,0,0,0,0,20
corpus_mesh,10,404,1,0,0,0,0,30
single,10,405,1,0,0,0,0,10
reflection,10,405,1,0,4,4,0,14
static_team,10,405,1,0,0,0,0,20
corpus_mesh,10,405,1,0,0,0,0,30
single,10,406,1,0,0,0,0,10
reflection,10,406,1,0,1,1,0,11
static_team,10,406,1,0,0,0,0,20
corpus_mesh,10,406,1,0,0,0,0,30
single,10,407,1,0,0,0,0,10
reflection,10,407,1,0,3,3,0,13
static_team,10,407,1,0,0,0,0,20
corpus_mesh,10,407,1,0,0,0,0,30
single,10,408,1,0,0,0,0,10
reflection,10,408,0,1,1,1,1,11
static_team,10,408,1,0,0,0,0,20
corpus_mesh,10,408,1,0,0,0,0,30
single,10,409,0,1,0,0,1,10
reflection,10,409,0,1,2,2,1,12
static_team,10,409,1,0,0,0,0,20
corpus_mesh,10,409,1,0,0,0,0,30
single,10,410,1,0,0,0,0,10
reflection,10,410,1,0,4,4,0,14
static_team,10,410,1,0,0,0,0,20
corpus_mesh,10,410,1,1,1,1,0,32
single,10,411,1,0,0,0,0,10
reflection,10,411,1,1,3,3,0,13
static_team,10,411,1,0,0,0,0,20
corpus_mesh,10,411,1,1,1,1,0,32
single,10,412,1,0,0,0,0,10
reflection,10,412,0,0,3,2,1,13
static_team,10,412,1,0,0,0,0,20
corpus_mesh,10,412,1,0,0,0,0,30
single,10,413,1,0,0,0,0,10
reflection,10,413,1,0,3,3,0,13
static_team,10,413,1,0,0,0,0,20
corpus_mesh,10,413,1,0,0,0,0,30
single,10,414,1,0,0,0,0,10
reflection,10,414,0,1,2,2,1,12
static_team,10,414,1,0,0,0,0,20
corpus_mesh,10,414,1,0,0,0,0,32
single,10,415,1,0,0,0,0,10
reflection,10,415,1,0,2,2,0,12
static_team,10,415,1,0,0,0,0,20
corpus_mesh,10,415,1,1,1,1,0,32
single,10,416,1,0,0,0,0,10
reflection,10,416,1,0,2,2,0,12
static_team,10,416,1,0,0,0,0,20
corpus_mesh,10,416,1,0,0,0,0,30
single,10,417,1,0,0,0,0,10
reflection,10,417,1,0,5,5,0,15
static_team,10,417,1,1,1,1,0,21
corpus_mesh,10,417,1,0,0,0,0,30
single,10,418,1,0,0,0,0,10
reflection,10,418,1,0,1,1,0,11
static_team,10,418,1,0,0,0,0,20
corpus_mesh,10,418,1,0,0,0,0,30
single,10,419,1,0,0,0,0,10
reflection,10,419,0,1,1,1,1,11
static_team,10,419,1,0,0,0,0,20
corpus_mesh,10,419,1,0,0,0,0,30
single,10,420,1,0,0,0,0,10
reflection,10,420,1,0,0,0,0,10
static_team,10,420,1,0,0,0,0,20
corpus_mesh,10,420,1,0,0,0,0,30
single,10,421,1,0,0,0,0,10
reflection,10,421,1,0,1,1,0,11
static_team,10,421,1,0,0,0,0,20
corpus_mesh,10,421,1,0,0,0,0,30
single,10,422,1,0,0,0,0,10
reflection,10,422,1,0,5,5,0,15
static_team,10,422,1,0,0,0,0,20
corpus_mesh,10,422,1,0,0,0,0,30
single,10,423,1,0,0,0,0,10
reflection,10,423,1,0,1,1,0,11
static_team,10,423,1,0,0,0,0,20
corpus_mesh,10,423,1,0,0,0,0,30
single,10,424,1,0,0,0,0,10
reflection,10,424,1,0,2,2,0,12
static_team,10,424,1,0,0,0,0,20
corpus_mesh,10,424,1,0,0,0,0,30
single,10,425,1,0,0,0,0,10
reflection,10,425,0,1,3,3,1,13
static_team,10,425,1,0,0,0,0,20
corpus_mesh,10,425,1,0,0,0,0,30
single,10,426,1,0,0,0,0,10
reflection,10,426,1,0,3,3,0,13
static_team,10,426,1,0,0,0,0,21
corpus_mesh,10,426,1,0,0,0,0,30
single,10,427,1,0,0,0,0,10
reflection,10,427,1,0,3,3,0,13
static_team,10,427,1,0,0,0,0,20
corpus_mesh,10,427,1,0,0,0,0,30
single,10,428,1,0,0,0,0,10
reflection,10,428,1,0,3,3,0,13
static_team,10,428,1,1,1,1,0,21
corpus_mesh,10,428,1,0,0,0,0,30
single,10,429,1,0,0,0,0,10
reflection,10,429,1,0,3,3,0,13
static_team,10,429,1,0,0,0,0,20
corpus_mesh,10,429,1,0,0,0,0,32
single,10,430,1,0,0,0,0,10
reflection,10,430,1,0,3,3,0,13
static_team,10,430,1,0,0,0,0,21
corpus_mesh,10,430,1,0,0,0,0,30
single,10,431,1,0,0,0,0,10
reflection,10,431,1,0,3,3,0,13
static_team,10,431,1,0,0,0,0,20
corpus_mesh,10,431,1,0,0,0,0,32
single,10,432,1,0,0,0,0,10
reflection,10,432,1,0,0,0,0,10
static_team,10,432,1,0,0,0,0,20
corpus_mesh,10,432,1,0,0,0,0,30
single,10,433,1,0,0,0,0,10
reflection,10,433,1,0,2,2,0,12
static_team,10,433,1,0,0,0,0,20
corpus_mesh,10,433,1,0,0,0,0,30
single,10,434,0,2,0,0,1,10
reflection,10,434,1,0,2,2,0,12
static_team,10,434,1,0,0,0,0,20
corpus_mesh,10,434,1,0,0,0,0,30
single,10,435,1,0,0,0,0,10
reflection,10,435,1,0,1,1,0,11
static_team,10,435,1,0,0,0,0,20
corpus_mesh,10,435,1,0,0,0,0,30
single,10,436,1,0,0,0,0,10
reflection,10,436,1,0,3,3,0,13
static_team,10,436,1,0,0,0,0,20
corpus_mesh,10,436,1,0,0,0,0,30
single,10,437,1,0,0,0,0,10
reflection,10,437,1,0,5,5,0,15
static_team,10,437,1,0,0,0,0,20
corpus_mesh,10,437,1,0,0,0,0,30
single,10,438,1,0,0,0,0,10
reflection,10,438,1,0,3,3,0,13
static_team,10,438,1,0,0,0,0,20
corpus_mesh,10,438,1,0,0,0,0,30
single,10,439,1,0,0,0,0,10
reflection,10,439,1,1,4,4,0,14
static_team,10,439,1,0,0,0,0,20
corpus_mesh,10,439,1,0,0,0,0,32
single,10,440,1,0,0,0,0,10
reflection,10,440,1,0,3,3,0,13
static_team,10,440,1,1,1,1,0,21
corpus_mesh,10,440,1,0,0,0,0,30
single,10,441,1,0,0,0,0,10
reflection,10,441,1,0,3,3,0,13
static_team,10,441,1,0,0,0,0,20
corpus_mesh,10,441,1,0,0,0,0,30
single,10,442,1,0,0,0,0,10
reflection,10,442,1,0,0,0,0,10
static_team,10,442,1,0,0,0,0,20
corpus_mesh,10,442,1,0,0,0,0,30
single,10,443,1,0,0,0,0,10
reflection,10,443,1,0,4,4,0,14
static_team,10,443,1,1,1,1,0,21
corpus_mesh,10,443,1,0,0,0,0,30
single,10,444,1,0,0,0,0,10
reflection,10,444,1,0,4,4,0,14
static_team,10,444,1,0,0,0,0,20
corpus_mesh,10,444,1,0,0,0,0,30
single,10,445,1,0,0,0,0,10
reflection,10,445,1,0,3,3,0,13
static_team,10,445,1,1,1,1,0,21
corpus_mesh,10,445,1,0,0,0,0,30
single,10,446,0,1,0,0,1,10
reflection,10,446,1,0,4,4,0,14
static_team,10,446,1,0,0,0,0,20
corpus_mesh,10,446,1,0,0,0,0,30
single,10,447,1,0,0,0,0,10
reflection,10,447,1,0,4,4,0,14
static_team,10,447,1,0,0,0,0,20
corpus_mesh,10,447,1,0,0,0,0,30
single,10,448,1,0,0,0,0,10
reflection,10,448,1,0,3,3,0,13
static_team,10,448,1,0,0,0,0,20
corpus_mesh,10,448,1,0,0,0,0,30
single,10,449,1,0,0,0,0,10
reflection,10,449,1,0,4,4,0,14
static_team,10,449,1,0,0,0,0,20
corpus_mesh,10,449,1,0,0,0,0,30
single,10,450,0,1,0,0,1,10
reflection,10,450,1,1,3,3,0,13
static_team,10,450,1,0,0,0,0,20
corpus_mesh,10,450,1,0,0,0,0,30
single,10,451,1,0,0,0,0,10
reflection,10,451,1,0,4,4,0,14
static_team,10,451,1,0,0,0,0,20
corpus_mesh,10,451,1,0,0,0,0,30
single,10,452,1,0,0,0,0,10
reflection,10,452,0,1,3,3,1,13
static_team,10,452,1,0,0,0,0,20
corpus_mesh,10,452,1,0,0,0,0,30
single,10,453,1,0,0,0,0,10
reflection,10,453,1,2,2,2,0,12
static_team,10,453,1,0,0,0,0,20
corpus_mesh,10,453,1,0,0,0,0,30
single,10,454,1,0,0,0,0,10
reflection,10,454,1,0,4,4,0,14
static_team,10,454,1,0,0,0,0,20
corpus_mesh,10,454,1,0,0,0,0,30
single,10,455,0,1,0,0,1,10
reflection,10,455,1,0,3,3,0,13
static_team,10,455,1,0,0,0,0,20
corpus_mesh,10,455,1,1,1,1,0,32
single,10,456,1,0,0,0,0,10
reflection,10,456,1,0,2,2,0,12
static_team,10,456,1,0,0,0,0,20
corpus_mesh,10,456,1,0,0,0,0,30
single,10,457,1,0,0,0,0,10
reflection,10,457,1,0,3,3,0,13
static_team,10,457,1,0,0,0,0,20
corpus_mesh,10,457,1,0,0,0,0,32
single,10,458,1,0,0,0,0,10
reflection,10,458,1,0,2,2,0,12
static_team,10,458,1,0,0,0,0,20
corpus_mesh,10,458,1,0,0,0,0,30
single,10,459,1,0,0,0,0,10
reflection,10,459,1,0,1,1,0,11
static_team,10,459,1,0,0,0,0,21
corpus_mesh,10,459,1,0,0,0,0,30
single,10,460,1,0,0,0,0,10
reflection,10,460,1,0,3,3,0,13
static_team,10,460,1,1,1,1,0,21
corpus_mesh,10,460,1,0,0,0,0,30
single,10,461,1,0,0,0,0,10
reflection,10,461,1,0,3,3,0,13
static_team,10,461,1,1,1,1,0,21
corpus_mesh,10,461,1,0,0,0,0,30
single,10,462,1,0,0,0,0,10
reflection,10,462,1,0,2,2,0,12
static_team,10,462,1,0,0,0,0,20
corpus_mesh,10,462,1,0,0,0,0,30
single,10,463,1,0,0,0,0,10
reflection,10,463,1,0,3,3,0,13
static_team,10,463,1,0,0,0,0,21
corpus_mesh,10,463,1,0,0,0,0,30
single,10,464,1,0,0,0,0,10
reflection,10,464,1,0,5,5,0,15
static_team,10,464,1,0,0,0,0,20
corpus_mesh,10,464,1,0,0,0,0,30
single,10,465,1,0,0,0,0,10
reflection,10,465,1,0,2,2,0,12
static_team,10,465,1,1,1,1,0,21
corpus_mesh,10,465,1,0,0,0,0,32
single,10,466,1,0,0,0,0,10
reflection,10,466,1,0,1,1,0,11
static_team,10,466,1,0,0,0,0,20
corpus_mesh,10,466,1,2,2,2,0,34
single,10,467,1,0,0,0,0,10
reflection,10,467,0,1,5,5,1,15
static_team,10,467,1,0,0,0,0,20
corpus_mesh,10,467,1,2,2,2,0,34
single,10,468,1,0,0,0,0,10
reflection,10,468,1,0,4,4,0,14
static_team,10,468,1,0,0,0,0,20
corpus_mesh,10,468,1,0,0,0,0,30
single,10,469,1,0,0,0,0,10
reflection,10,469,1,0,1,1,0,11
static_team,10,469,1,0,0,0,0,20
corpus_mesh,10,469,1,0,0,0,0,30
single,10,470,1,0,0,0,0,10
reflection,10,470,1,0,3,3,0,13
static_team,10,470,1,0,0,0,0,20
corpus_mesh,10,470,1,0,0,0,0,30
single,10,471,1,0,0,0,0,10
reflection,10,471,1,0,2,2,0,12
static_team,10,471,1,0,0,0,0,20
corpus_mesh,10,471,1,1,1,1,0,32
single,10,472,1,0,0,0,0,10
reflection,10,472,1,0,4,4,0,14
static_team,10,472,1,0,0,0,0,20
corpus_mesh,10,472,1,0,0,0,0,32
single,10,473,1,0,0,0,0,10
reflection,10,473,1,0,6,6,0,16
static_team,10,473,1,0,0,0,0,20
corpus_mesh,10,473,1,0,0,0,0,30
single,10,474,1,0,0,0,0,10
reflection,10,474,1,0,2,2,0,12
static_team,10,474,1,0,0,0,0,20
corpus_mesh,10,474,1,0,0,0,0,30
single,10,475,0,1,0,0,1,10
reflection,10,475,1,0,3,3,0,13
static_team,10,475,1,0,0,0,0,20
corpus_mesh,10,475,1,0,0,0,0,30
single,10,476,1,0,0,0,0,10
reflection,10,476,1,0,2,2,0,12
static_team,10,476,1,0,0,0,0,20
corpus_mesh,10,476,1,0,0,0,0,30
single,10,477,1,0,0,0,0,10
reflection,10,477,1,0,1,1,0,11
static_team,10,477,1,0,0,0,0,20
corpus_mesh,10,477,1,0,0,0,0,30
single,10,478,0,1,0,0,1,10
reflection,10,478,0,0,4,3,1,14
static_team,10,478,1,0,0,0,0,20
corpus_mesh,10,478,1,0,0,0,0,30
single,10,479,1,0,0,0,0,10
reflection,10,479,1,0,4,4,0,14
static_team,10,479,1,0,0,0,0,20
corpus_mesh,10,479,1,0,0,0,0,30
single,10,480,1,0,0,0,0,10
reflection,10,480,1,0,1,1,0,11
static_team,10,480,1,0,0,0,0,20
corpus_mesh,10,480,1,1,1,1,0,34
single,10,481,0,1,0,0,1,10
reflection,10,481,1,0,2,2,0,12
static_team,10,481,1,0,0,0,0,20
corpus_mesh,10,481,1,0,0,0,0,32
single,10,482,0,1,0,0,1,10
reflection,10,482,1,0,3,3,0,13
static_team,10,482,1,0,0,0,0,20
corpus_mesh,10,482,1,0,0,0,0,30
single,10,483,1,0,0,0,0,10
reflection,10,483,1,0,5,5,0,15
static_team,10,483,1,0,0,0,0,20
corpus_mesh,10,483,1,0,0,0,0,30
single,10,484,1,0,0,0,0,10
reflection,10,484,1,0,2,2,0,12
static_team,10,484,1,0,0,0,0,20
corpus_mesh,10,484,1,0,0,0,0,30
single,10,485,1,0,0,0,0,10
reflection,10,485,1,0,1,1,0,11
static_team,10,485,1,0,0,0,0,20
corpus_mesh,10,485,1,0,0,0,0,30
single,10,486,0,1,0,0,1,10
reflection,10,486,1,0,3,3,0,13
static_team,10,486,1,0,0,0,0,20
corpus_mesh,10,486,1,0,0,0,0,30
single,10,487,0,1,0,0,1,10
reflection,10,487,1,0,3,3,0,13
static_team,10,487,1,0,0,0,0,20
corpus_mesh,10,487,1,0,0,0,0,30
single,10,488,1,0,0,0,0,10
reflection,10,488,1,0,3,3,0,13
static_team,10,488,1,0,0,0,0,20
corpus_mesh,10,488,1,0,0,0,0,30
single,10,489,0,1,0,0,1,10
reflection,10,489,1,0,2,2,0,12
static_team,10,489,1,0,0,0,0,20
corpus_mesh,10,489,1,0,0,0,0,30
single,10,490,1,0,0,0,0,10
reflection,10,490,0,1,1,1,1,11
static_team,10,490,1,0,0,0,0,20
corpus_mesh,10,490,1,0,0,0,0,30
single,10,491,1,0,0,0,0,10
reflection,10,491,1,0,2,2,0,12
static_team,10,491,1,0,0,0,0,20
corpus_mesh,10,491,1,0,0,0,0,30
single,10,492,1,0,0,0,0,10
reflection,10,492,0,1,2,2,1,12
static_team,10,492,1,0,0,0,0,20
corpus_mesh,10,492,1,0,0,0,0,30
single,10,493,1,0,0,0,0,10
reflection,10,493,1,1,4,3,0,14
static_team,10,493,1,0,0,0,0,20
corpus_mesh,10,493,1,1,1,1,0,32
single,10,494,0,2,0,0,1,10
reflection,10,494,1,0,1,1,0,11
static_team,10,494,1,0,0,0,0,20
corpus_mesh,10,494,1,0,0,0,0,30
single,10,495,1,0,0,0,0,10
reflection,10,495,1,1,5,5,0,15
static_team,10,495,1,0,0,0,0,20
corpus_mesh,10,495,1,0,0,0,0,30
single,10,496,1,0,0,0,0,10
reflection,10,496,1,0,2,2,0,12
static_team,10,496,1,0,0,0,0,20
corpus_mesh,10,496,1,0,0,0,0,30
single,10,497,1,0,0,0,0,10
reflection,10,497,1,0,3,3,0,13
static_team,10,497,1,0,0,0,0,20
corpus_mesh,10,497,1,0,0,0,0,30
single,10,498,1,0,0,0,0,10
reflection,10,498,1,0,1,1,0,11
static_team,10,498,1,0,0,0,0,20
corpus_mesh,10,498,1,1,1,1,0,32
single,10,499,1,0,0,0,0,10
reflection,10,499,1,0,3,3,0,13
static_team,10,499,1,0,0,0,0,20
corpus_mesh,10,499,1,0,0,0,0,30
single,25,0,1,0,0,0,0,25
reflection,25,0,0,2,5,5,1,30
static_team,25,0,1,0,0,0,0,50
corpus_mesh,25,0,1,0,0,0,0,75
single,25,1,1,0,0,0,0,25
reflection,25,1,1,0,7,7,0,32
static_team,25,1,1,1,1,1,0,51
corpus_mesh,25,1,1,1,1,1,0,77
single,25,2,1,0,0,0,0,25
reflection,25,2,1,0,6,6,0,31
static_team,25,2,1,0,0,0,0,50
corpus_mesh,25,2,1,2,2,2,0,79
single,25,3,0,1,0,0,1,25
reflection,25,3,0,1,9,9,1,34
static_team,25,3,1,0,0,0,0,50
corpus_mesh,25,3,1,0,0,0,0,75
single,25,4,1,0,0,0,0,25
reflection,25,4,1,1,7,7,0,32
static_team,25,4,1,2,2,2,0,52
corpus_mesh,25,4,1,2,2,2,0,79
single,25,5,1,0,0,0,0,25
reflection,25,5,1,0,4,4,0,29
static_team,25,5,1,0,0,0,0,50
corpus_mesh,25,5,1,0,0,0,0,75
single,25,6,1,0,0,0,0,25
reflection,25,6,0,1,5,5,1,30
static_team,25,6,1,2,2,2,0,52
corpus_mesh,25,6,1,0,0,0,0,77
single,25,7,1,0,0,0,0,25
reflection,25,7,1,0,4,4,0,29
static_team,25,7,1,0,0,0,0,50
corpus_mesh,25,7,1,0,0,0,0,75
single,25,8,0,1,0,0,1,25
reflection,25,8,0,1,8,8,1,33
static_team,25,8,1,0,0,0,0,50
corpus_mesh,25,8,1,1,1,1,0,77
single,25,9,1,0,0,0,0,25
reflection,25,9,0,1,8,8,1,33
static_team,25,9,1,0,0,0,0,51
corpus_mesh,25,9,1,2,2,2,0,79
single,25,10,1,0,0,0,0,25
reflection,25,10,0,2,10,10,1,35
static_team,25,10,1,1,1,1,0,51
corpus_mesh,25,10,1,1,1,1,0,79
single,25,11,0,2,0,0,1,25
reflection,25,11,1,0,7,7,0,32
static_team,25,11,1,1,1,1,0,51
corpus_mesh,25,11,1,1,1,1,0,77
single,25,12,1,0,0,0,0,25
reflection,25,12,1,0,7,7,0,32
static_team,25,12,1,0,0,0,0,50
corpus_mesh,25,12,1,0,0,0,0,77
single,25,13,1,0,0,0,0,25
reflection,25,13,1,0,6,6,0,31
static_team,25,13,1,0,0,0,0,50
corpus_mesh,25,13,1,0,0,0,0,75
single,25,14,1,0,0,0,0,25
reflection,25,14,1,0,8,8,0,33
static_team,25,14,1,0,0,0,0,50
corpus_mesh,25,14,1,0,0,0,0,77
single,25,15,0,1,0,0,1,25
reflection,25,15,1,0,10,10,0,35
static_team,25,15,1,0,0,0,0,50
corpus_mesh,25,15,1,0,0,0,0,77
single,25,16,1,0,0,0,0,25
reflection,25,16,1,0,7,7,0,32
static_team,25,16,1,1,1,1,0,51
corpus_mesh,25,16,1,0,0,0,0,77
single,25,17,0,1,0,0,1,25
reflection,25,17,1,1,9,9,0,34
static_team,25,17,1,0,0,0,0,50
corpus_mesh,25,17,1,1,1,1,0,77
single,25,18,1,0,0,0,0,25
reflection,25,18,1,0,7,7,0,32
static_team,25,18,1,0,0,0,0,50
corpus_mesh,25,18,1,0,0,0,0,75
single,25,19,1,0,0,0,0,25
reflection,25,19,1,2,9,9,0,34
static_team,25,19,1,1,1,1,0,51
corpus_mesh,25,19,1,0,0,0,0,75
single,25,20,1,0,0,0,0,25
reflection,25,20,1,0,5,5,0,30
static_team,25,20,1,0,0,0,0,50
corpus_mesh,25,20,1,0,0,0,0,75
single,25,21,1,0,0,0,0,25
reflection,25,21,0,0,9,8,1,34
static_team,25,21,1,0,0,0,0,50
corpus_mesh,25,21,1,0,0,0,0,77
single,25,22,1,0,0,0,0,25
reflection,25,22,0,2,9,9,1,34
static_team,25,22,0,1,1,0,1,51
corpus_mesh,25,22,1,0,0,0,0,75
single,25,23,1,0,0,0,0,25
reflection,25,23,1,0,6,6,0,31
static_team,25,23,1,1,1,1,0,52
corpus_mesh,25,23,1,0,0,0,0,75
single,25,24,1,0,0,0,0,25
reflection,25,24,1,2,10,10,0,35
static_team,25,24,1,0,0,0,0,50
corpus_mesh,25,24,1,0,0,0,0,77
single,25,25,1,0,0,0,0,25
reflection,25,25,1,0,6,6,0,31
static_team,25,25,1,1,1,1,0,51
corpus_mesh,25,25,1,1,1,1,0,77
single,25,26,1,0,0,0,0,25
reflection,25,26,1,0,5,5,0,30
static_team,25,26,1,1,1,1,0,51
corpus_mesh,25,26,1,0,0,0,0,77
single,25,27,1,0,0,0,0,25
reflection,25,27,0,1,11,10,1,36
static_team,25,27,1,0,0,0,0,50
corpus_mesh,25,27,1,1,1,1,0,77
single,25,28,1,0,0,0,0,25
reflection,25,28,0,0,6,5,1,31
static_team,25,28,1,1,1,1,0,51
corpus_mesh,25,28,1,2,2,2,0,81
single,25,29,0,1,0,0,1,25
reflection,25,29,1,0,8,8,0,33
static_team,25,29,1,0,0,0,0,50
corpus_mesh,25,29,1,0,0,0,0,77
single,25,30,1,0,0,0,0,25
reflection,25,30,0,1,5,5,1,30
static_team,25,30,1,0,0,0,0,50
corpus_mesh,25,30,1,0,0,0,0,75
single,25,31,1,0,0,0,0,25
reflection,25,31,1,0,9,9,0,34
static_team,25,31,1,0,0,0,0,50
corpus_mesh,25,31,1,0,0,0,0,75
single,25,32,1,0,0,0,0,25
reflection,25,32,0,1,6,5,1,31
static_team,25,32,1,0,0,0,0,50
corpus_mesh,25,32,1,1,1,1,0,77
single,25,33,1,0,0,0,0,25
reflection,25,33,1,0,5,5,0,30
static_team,25,33,1,0,0,0,0,50
corpus_mesh,25,33,1,0,0,0,0,77
single,25,34,1,0,0,0,0,25
reflection,25,34,0,1,7,7,1,32
static_team,25,34,1,1,1,1,0,51
corpus_mesh,25,34,1,0,0,0,0,75
single,25,35,1,0,0,0,0,25
reflection,25,35,1,0,7,7,0,32
static_team,25,35,1,0,0,0,0,50
corpus_mesh,25,35,1,1,1,1,0,79
single,25,36,1,0,0,0,0,25
reflection,25,36,1,0,10,10,0,35
static_team,25,36,1,1,1,1,0,52
corpus_mesh,25,36,1,0,0,0,0,75
single,25,37,1,0,0,0,0,25
reflection,25,37,1,0,10,10,0,35
static_team,25,37,1,2,2,2,0,53
corpus_mesh,25,37,1,0,0,0,0,75
single,25,38,0,1,0,0,1,25
reflection,25,38,1,0,3,3,0,28
static_team,25,38,1,0,0,0,0,50
corpus_mesh,25,38,1,0,0,0,0,81
single,25,39,1,0,0,0,0,25
reflection,25,39,0,0,11,10,1,36
static_team,25,39,1,0,0,0,0,52
corpus_mesh,25,39,1,0,0,0,0,77
single,25,40,1,0,0,0,0,25
reflection,25,40,1,0,8,8,0,33
static_team,25,40,1,0,0,0,0,50
corpus_mesh,25,40,1,1,1,1,0,77
single,25,41,0,1,0,0,1,25
reflection,25,41,1,1,9,9,0,34
static_team,25,41,1,0,0,0,0,50
corpus_mesh,25,41,1,0,0,0,0,75
single,25,42,1,0,0,0,0,25
reflection,25,42,1,0,8,8,0,33
static_team,25,42,1,0,0,0,0,50
corpus_mesh,25,42,1,0,0,0,0,75
single,25,43,1,0,0,0,0,25
reflection,25,43,1,1,10,10,0,35
static_team,25,43,1,0,0,0,0,50
corpus_mesh,25,43,1,0,0,0,0,75
single,25,44,1,0,0,0,0,25
reflection,25,44,0,1,6,6,1,31
static_team,25,44,1,1,1,1,0,51
corpus_mesh,25,44,1,1,1,1,0,77
single,25,45,0,1,0,0,1,25
reflection,25,45,1,1,11,11,0,36
static_team,25,45,1,0,0,0,0,50
corpus_mesh,25,45,1,0,0,0,0,75
single,25,46,0,1,0,0,1,25
reflection,25,46,1,1,7,6,0,32
static_team,25,46,1,0,0,0,0,50
corpus_mesh,25,46,1,1,1,1,0,77
single,25,47,1,0,0,0,0,25
reflection,25,47,1,0,8,8,0,33
static_team,25,47,1,0,0,0,0,50
corpus_mesh,25,47,1,0,0,0,0,75
single,25,48,1,0,0,0,0,25
reflection,25,48,0,1,11,10,1,36
static_team,25,48,1,0,0,0,0,50
corpus_mesh,25,48,1,0,0,0,0,75
single,25,49,1,0,0,0,0,25
reflection,25,49,0,1,13,12,1,38
static_team,25,49,1,0,0,0,0,50
corpus_mesh,25,49,1,1,1,1,0,79
single,25,50,1,0,0,0,0,25
reflection,25,50,1,0,6,6,0,31
static_team,25,50,1,0,0,0,0,51
corpus_mesh,25,50,1,0,0,0,0,75
single,25,51,0,1,0,0,1,25
reflection,25,51,0,2,7,7,1,32
static_team,25,51,1,1,1,1,0,51
corpus_mesh,25,51,1,0,0,0,0,77
single,25,52,1,0,0,0,0,25
reflection,25,52,1,0,7,7,0,32
static_team,25,52,1,2,2,2,0,53
corpus_mesh,25,52,1,0,0,0,0,75
single,25,53,1,0,0,0,0,25
reflection,25,53,1,0,11,11,0,36
static_team,25,53,1,0,0,0,0,50
corpus_mesh,25,53,1,0,0,0,0,75
single,25,54,1,0,0,0,0,25
reflection,25,54,0,2,5,5,1,30
static_team,25,54,1,2,2,2,0,52
corpus_mesh,25,54,1,0,0,0,0,75
single,25,55,1,0,0,0,0,25
reflection,25,55,1,0,8,8,0,33
static_team,25,55,1,0,0,0,0,50
corpus_mesh,25,55,1,0,0,0,0,75
single,25,56,1,0,0,0,0,25
reflection,25,56,0,2,10,10,1,35
static_team,25,56,1,0,0,0,0,50
corpus_mesh,25,56,1,1,1,1,0,81
single,25,57,0,1,0,0,1,25
reflection,25,57,1,0,3,3,0,28
static_team,25,57,1,0,0,0,0,50
corpus_mesh,25,57,1,0,0,0,0,75
single,25,58,1,0,0,0,0,25
reflection,25,58,1,0,7,7,0,32
static_team,25,58,1,1,1,1,0,52
corpus_mesh,25,58,1,0,0,0,0,77
single,25,59,1,0,0,0,0,25
reflection,25,59,1,0,8,8,0,33
static_team,25,59,1,2,2,2,0,52
corpus_mesh,25,59,1,0,0,0,0,75
single,25,60,0,2,0,0,1,25
reflection,25,60,0,1,4,4,1,29
static_team,25,60,1,1,1,1,0,51
corpus_mesh,25,60,1,1,1,1,0,79
single,25,61,1,0,0,0,0,25
reflection,25,61,0,2,8,8,1,33
static_team,25,61,1,1,1,1,0,51
corpus_mesh,25,61,1,1,1,1,0,77
single,25,62,0,2,0,0,1,25
reflection,25,62,1,0,10,10,0,35
static_team,25,62,1,0,0,0,0,50
corpus_mesh,25,62,1,0,0,0,0,77
single,25,63,1,0,0,0,0,25
reflection,25,63,1,0,12,12,0,37
static_team,25,63,1,0,0,0,0,50
corpus_mesh,25,63,1,0,0,0,0,75
single,25,64,1,0,0,0,0,25
reflection,25,64,0,2,5,5,1,30
static_team,25,64,1,0,0,0,0,50
corpus_mesh,25,64,1,0,0,0,0,75
single,25,65,0,1,0,0,1,25
reflection,25,65,1,0,6,6,0,31
static_team,25,65,1,0,0,0,0,50
corpus_mesh,25,65,1,1,1,1,0,77
single,25,66,0,1,0,0,1,25
reflection,25,66,0,1,7,7,1,32
static_team,25,66,1,0,0,0,0,50
corpus_mesh,25,66,1,0,0,0,0,75
single,25,67,0,1,0,0,1,25
reflection,25,67,1,0,10,10,0,35
static_team,25,67,1,1,1,1,0,51
corpus_mesh,25,67,1,0,0,0,0,75
single,25,68,0,1,0,0,1,25
reflection,25,68,1,0,6,6,0,31
static_team,25,68,1,0,0,0,0,50
corpus_mesh,25,68,1,1,1,1,0,79
single,25,69,1,0,0,0,0,25
reflection,25,69,0,1,6,6,1,31
static_team,25,69,1,0,0,0,0,50
corpus_mesh,25,69,1,0,0,0,0,75
single,25,70,1,0,0,0,0,25
reflection,25,70,1,1,7,7,0,32
static_team,25,70,1,0,0,0,0,50
corpus_mesh,25,70,1,0,0,0,0,75
single,25,71,1,0,0,0,0,25
reflection,25,71,1,0,10,10,0,35
static_team,25,71,1,0,0,0,0,50
corpus_mesh,25,71,1,0,0,0,0,75
single,25,72,1,0,0,0,0,25
reflection,25,72,0,0,9,8,1,34
static_team,25,72,1,0,0,0,0,50
corpus_mesh,25,72,1,0,0,0,0,75
single,25,73,1,0,0,0,0,25
reflection,25,73,0,1,6,6,1,31
static_team,25,73,1,0,0,0,0,50
corpus_mesh,25,73,1,0,0,0,0,75
single,25,74,0,1,0,0,1,25
reflection,25,74,1,0,8,8,0,33
static_team,25,74,1,0,0,0,0,50
corpus_mesh,25,74,1,0,0,0,0,75
single,25,75,1,0,0,0,0,25
reflection,25,75,0,1,6,6,1,31
static_team,25,75,1,1,1,1,0,51
corpus_mesh,25,75,1,0,0,0,0,75
single,25,76,0,1,0,0,1,25
reflection,25,76,0,1,7,7,1,32
static_team,25,76,1,0,0,0,0,50
corpus_mesh,25,76,1,0,0,0,0,77
single,25,77,0,1,0,0,1,25
reflection,25,77,1,0,6,6,0,31
static_team,25,77,1,1,1,1,0,51
corpus_mesh,25,77,1,0,0,0,0,75
single,25,78,1,0,0,0,0,25
reflection,25,78,0,1,11,11,1,36
static_team,25,78,1,2,2,2,0,52
corpus_mesh,25,78,1,1,1,1,0,77
single,25,79,0,1,0,0,1,25
reflection,25,79,1,0,4,4,0,29
static_team,25,79,1,0,0,0,0,50
corpus_mesh,25,79,1,0,0,0,0,75
single,25,80,0,2,0,0,1,25
reflection,25,80,1,0,7,7,0,32
static_team,25,80,1,0,0,0,0,50
corpus_mesh,25,80,1,0,0,0,0,75
single,25,81,1,0,0,0,0,25
reflection,25,81,1,0,6,6,0,31
static_team,25,81,1,0,0,0,0,50
corpus_mesh,25,81,1,0,0,0,0,77
single,25,82,1,0,0,0,0,25
reflection,25,82,1,0,6,6,0,31
static_team,25,82,1,1,1,1,0,51
corpus_mesh,25,82,1,0,0,0,0,79
single,25,83,1,0,0,0,0,25
reflection,25,83,1,0,7,7,0,32
static_team,25,83,1,0,0,0,0,51
corpus_mesh,25,83,1,0,0,0,0,81
single,25,84,1,0,0,0,0,25
reflection,25,84,0,0,10,9,1,35
static_team,25,84,1,0,0,0,0,50
corpus_mesh,25,84,1,0,0,0,0,75
single,25,85,0,2,0,0,1,25
reflection,25,85,1,0,4,4,0,29
static_team,25,85,1,4,4,4,0,54
corpus_mesh,25,85,1,0,0,0,0,75
single,25,86,1,0,0,0,0,25
reflection,25,86,0,1,8,8,1,33
static_team,25,86,1,0,0,0,0,50
corpus_mesh,25,86,1,0,0,0,0,75
single,25,87,1,0,0,0,0,25
reflection,25,87,0,2,7,7,1,32
static_team,25,87,1,0,0,0,0,50
corpus_mesh,25,87,1,0,0,0,0,77
single,25,88,1,0,0,0,0,25
reflection,25,88,1,1,10,10,0,35
static_team,25,88,1,0,0,0,0,50
corpus_mesh,25,88,1,0,0,0,0,77
single,25,89,0,1,0,0,1,25
reflection,25,89,1,0,5,5,0,30
static_team,25,89,1,0,0,0,0,50
corpus_mesh,25,89,1,1,1,1,0,77
single,25,90,1,0,0,0,0,25
reflection,25,90,1,0,7,7,0,32
static_team,25,90,1,1,1,1,0,51
corpus_mesh,25,90,1,0,0,0,0,77
single,25,91,1,0,0,0,0,25
reflection,25,91,1,0,9,9,0,34
static_team,25,91,1,0,0,0,0,51
corpus_mesh,25,91,1,1,1,1,0,79
single,25,92,0,1,0,0,1,25
reflection,25,92,1,0,6,6,0,31
static_team,25,92,1,0,0,0,0,50
corpus_mesh,25,92,1,0,0,0,0,75
single,25,93,1,0,0,0,0,25
reflection,25,93,1,0,4,4,0,29
static_team,25,93,1,0,0,0,0,50
corpus_mesh,25,93,1,0,0,0,0,75
single,25,94,0,1,0,0,1,25
reflection,25,94,1,1,10,10,0,35
static_team,25,94,1,1,1,1,0,51
corpus_mesh,25,94,1,0,0,0,0,75
single,25,95,1,0,0,0,0,25
reflection,25,95,1,0,3,3,0,28
static_team,25,95,1,0,0,0,0,50
corpus_mesh,25,95,1,0,0,0,0,75
single,25,96,0,1,0,0,1,25
reflection,25,96,1,0,5,5,0,30
static_team,25,96,1,1,1,1,0,51
corpus_mesh,25,96,1,1,1,1,0,79
single,25,97,1,0,0,0,0,25
reflection,25,97,1,0,6,6,0,31
static_team,25,97,1,0,0,0,0,50
corpus_mesh,25,97,1,0,0,0,0,75
single,25,98,1,0,0,0,0,25
reflection,25,98,1,0,6,6,0,31
static_team,25,98,1,0,0,0,0,50
corpus_mesh,25,98,1,0,0,0,0,75
single,25,99,1,0,0,0,0,25
reflection,25,99,1,0,6,6,0,31
static_team,25,99,1,1,1,1,0,51
corpus_mesh,25,99,1,1,1,1,0,77
single,25,100,0,2,0,0,1,25
reflection,25,100,1,0,7,7,0,32
static_team,25,100,1,0,0,0,0,50
corpus_mesh,25,100,1,2,2,2,0,79
single,25,101,1,0,0,0,0,25
reflection,25,101,0,0,5,4,1,30
static_team,25,101,1,0,0,0,0,51
corpus_mesh,25,101,1,1,1,1,0,77
single,25,102,1,0,0,0,0,25
reflection,25,102,1,2,6,6,0,31
static_team,25,102,1,0,0,0,0,50
corpus_mesh,25,102,1,0,0,0,0,75
single,25,103,0,1,0,0,1,25
reflection,25,103,1,0,7,7,0,32
static_team,25,103,1,0,0,0,0,50
corpus_mesh,25,103,1,0,0,0,0,75
single,25,104,1,0,0,0,0,25
reflection,25,104,0,3,4,4,1,29
static_team,25,104,1,0,0,0,0,50
corpus_mesh,25,104,1,0,0,0,0,75
single,25,105,1,0,0,0,0,25
reflection,25,105,1,0,4,4,0,29
static_team,25,105,1,0,0,0,0,50
corpus_mesh,25,105,1,0,0,0,0,75
single,25,106,0,1,0,0,1,25
reflection,25,106,1,0,7,7,0,32
static_team,25,106,1,1,1,1,0,51
corpus_mesh,25,106,1,0,0,0,0,75
single,25,107,1,0,0,0,0,25
reflection,25,107,1,0,8,8,0,33
static_team,25,107,1,0,0,0,0,50
corpus_mesh,25,107,1,0,0,0,0,75
single,25,108,1,0,0,0,0,25
reflection,25,108,0,1,10,10,1,35
static_team,25,108,1,0,0,0,0,51
corpus_mesh,25,108,1,1,1,1,0,77
single,25,109,1,0,0,0,0,25
reflection,25,109,0,1,8,7,1,33
static_team,25,109,1,0,0,0,0,50
corpus_mesh,25,109,1,1,1,1,0,77
single,25,110,0,1,0,0,1,25
reflection,25,110,0,1,7,7,1,32
static_team,25,110,1,1,1,1,0,52
corpus_mesh,25,110,1,1,1,1,0,79
single,25,111,1,0,0,0,0,25
reflection,25,111,0,1,8,8,1,33
static_team,25,111,1,1,1,1,0,51
corpus_mesh,25,111,1,0,0,0,0,75
single,25,112,1,0,0,0,0,25
reflection,25,112,1,0,7,7,0,32
static_team,25,112,1,0,0,0,0,50
corpus_mesh,25,112,1,0,0,0,0,75
single,25,113,1,0,0,0,0,25
reflection,25,113,1,0,6,6,0,31
static_team,25,113,1,0,0,0,0,50
corpus_mesh,25,113,1,0,0,0,0,75
single,25,114,1,0,0,0,0,25
reflection,25,114,1,0,6,6,0,31
static_team,25,114,1,0,0,0,0,50
corpus_mesh,25,114,1,0,0,0,0,75
single,25,115,1,0,0,0,0,25
reflection,25,115,1,0,9,9,0,34
static_team,25,115,1,1,1,1,0,51
corpus_mesh,25,115,1,0,0,0,0,75
single,25,116,1,0,0,0,0,25
reflection,25,116,1,0,8,8,0,33
static_team,25,116,1,0,0,0,0,50
corpus_mesh,25,116,1,0,0,0,0,75
single,25,117,1,0,0,0,0,25
reflection,25,117,1,1,3,3,0,28
static_team,25,117,1,0,0,0,0,50
corpus_mesh,25,117,1,0,0,0,0,75
single,25,118,1,0,0,0,0,25
reflection,25,118,1,0,10,10,0,35
static_team,25,118,1,1,1,1,0,51
corpus_mesh,25,118,1,0,0,0,0,77
single,25,119,0,2,0,0,1,25
reflection,25,119,1,0,9,9,0,34
static_team,25,119,1,0,0,0,0,50
corpus_mesh,25,119,1,0,0,0,0,75
single,25,120,1,0,0,0,0,25
reflection,25,120,1,0,7,7,0,32
static_team,25,120,1,0,0,0,0,50
corpus_mesh,25,120,1,1,1,1,0,77
single,25,121,0,1,0,0,1,25
reflection,25,121,1,0,9,9,0,34
static_team,25,121,1,0,0,0,0,50
corpus_mesh,25,121,1,0,0,0,0,79
single,25,122,0,2,0,0,1,25
reflection,25,122,1,0,8,8,0,33
static_team,25,122,1,0,0,0,0,50
corpus_mesh,25,122,1,0,0,0,0,75
single,25,123,1,0,0,0,0,25
reflection,25,123,1,0,3,3,0,28
static_team,25,123,1,0,0,0,0,50
corpus_mesh,25,123,1,0,0,0,0,75
single,25,124,0,1,0,0,1,25
reflection,25,124,1,0,8,8,0,33
static_team,25,124,1,0,0,0,0,50
corpus_mesh,25,124,1,0,0,0,0,75
single,25,125,1,0,0,0,0,25
reflection,25,125,0,0,5,4,1,30
static_team,25,125,1,0,0,0,0,50
corpus_mesh,25,125,1,1,1,1,0,77
single,25,126,1,0,0,0,0,25
reflection,25,126,1,0,9,9,0,34
static_team,25,126,1,0,0,0,0,50
corpus_mesh,25,126,1,0,0,0,0,75
single,25,127,0,1,0,0,1,25
reflection,25,127,0,0,8,7,1,33
static_team,25,127,1,0,0,0,0,50
corpus_mesh,25,127,1,0,0,0,0,75
single,25,128,0,1,0,0,1,25
reflection,25,128,0,1,6,5,1,31
static_team,25,128,1,1,1,1,0,51
corpus_mesh,25,128,1,0,0,0,0,75
single,25,129,1,0,0,0,0,25
reflection,25,129,1,0,8,8,0,33
static_team,25,129,1,0,0,0,0,50
corpus_mesh,25,129,1,0,0,0,0,77
single,25,130,0,1,0,0,1,25
reflection,25,130,1,0,7,7,0,32
static_team,25,130,1,0,0,0,0,50
corpus_mesh,25,130,1,0,0,0,0,77
single,25,131,1,0,0,0,0,25
reflection,25,131,1,0,8,8,0,33
static_team,25,131,1,0,0,0,0,50
corpus_mesh,25,131,1,0,0,0,0,75
single,25,132,0,2,0,0,1,25
reflection,25,132,0,0,12,11,1,37
static_team,25,132,1,0,0,0,0,50
corpus_mesh,25,132,1,0,0,0,0,75
single,25,133,1,0,0,0,0,25
reflection,25,133,1,0,10,10,0,35
static_team,25,133,1,0,0,0,0,50
corpus_mesh,25,133,1,0,0,0,0,79
single,25,134,1,0,0,0,0,25
reflection,25,134,1,0,4,4,0,29
static_team,25,134,1,0,0,0,0,50
corpus_mesh,25,134,1,0,0,0,0,75
single,25,135,1,0,0,0,0,25
reflection,25,135,0,3,6,5,1,31
static_team,25,135,1,0,0,0,0,50
corpus_mesh,25,135,1,0,0,0,0,75
single,25,136,1,0,0,0,0,25
reflection,25,136,1,0,8,8,0,33
static_team,25,136,1,0,0,0,0,50
corpus_mesh,25,136,1,0,0,0,0,75
single,25,137,1,0,0,0,0,25
reflection,25,137,1,0,7,7,0,32
static_team,25,137,1,0,0,0,0,50
corpus_mesh,25,137,1,0,0,0,0,77
single,25,138,1,0,0,0,0,25
reflection,25,138,1,0,7,7,0,32
static_team,25,138,1,0,0,0,0,50
corpus_mesh,25,138,1,0,0,0,0,75
single,25,139,0,1,0,0,1,25
reflection,25,139,1,0,5,5,0,30
static_team,25,139,1,1,1,1,0,51
corpus_mesh,25,139,1,1,1,1,0,77
single,25,140,1,0,0,0,0,25
reflection,25,140,0,1,7,7,1,32
static_team,25,140,1,0,0,0,0,50
corpus_mesh,25,140,1,0,0,0,0,75
single,25,141,0,1,0,0,1,25
reflection,25,141,1,0,4,4,0,29
static_team,25,141,1,1,1,1,0,51
corpus_mesh,25,141,1,1,1,1,0,77
single,25,142,1,0,0,0,0,25
reflection,25,142,1,0,12,12,0,37
static_team,25,142,1,0,0,0,0,50
corpus_mesh,25,142,1,0,0,0,0,75
single,25,143,0,1,0,0,1,25
reflection,25,143,1,0,8,8,0,33
static_team,25,143,1,0,0,0,0,50
corpus_mesh,25,143,1,1,1,1,0,77
single,25,144,0,1,0,0,1,25
reflection,25,144,1,1,12,12,0,37
static_team,25,144,1,0,0,0,0,50
corpus_mesh,25,144,1,0,0,0,0,75
single,25,145,0,1,0,0,1,25
reflection,25,145,1,0,7,7,0,32
static_team,25,145,1,0,0,0,0,50
corpus_mesh,25,145,1,1,1,1,0,79
single,25,146,1,0,0,0,0,25
reflection,25,146,0,1,5,5,1,30
static_team,25,146,1,1,1,1,0,51
corpus_mesh,25,146,1,3,3,3,0,81
single,25,147,1,0,0,0,0,25
reflection,25,147,1,0,9,9,0,34
static_team,25,147,1,0,0,0,0,51
corpus_mesh,25,147,1,0,0,0,0,75
single,25,148,0,1,0,0,1,25
reflection,25,148,1,0,6,6,0,31
static_team,25,148,1,0,0,0,0,50
corpus_mesh,25,148,1,0,0,0,0,75
single,25,149,0,2,0,0,1,25
reflection,25,149,0,1,5,5,1,30
static_team,25,149,1,1,1,1,0,52
corpus_mesh,25,149,1,2,2,2,0,81
single,25,150,1,0,0,0,0,25
reflection,25,150,1,0,6,6,0,31
static_team,25,150,1,2,2,2,0,52
corpus_mesh,25,150,1,0,0,0,0,75
single,25,151,0,1,0,0,1,25
reflection,25,151,1,0,9,9,0,34
static_team,25,151,1,1,1,1,0,51
corpus_mesh,25,151,1,0,0,0,0,77
single,25,152,1,0,0,0,0,25
reflection,25,152,1,0,4,4,0,29
static_team,25,152,1,0,0,0,0,50
corpus_mesh,25,152,1,1,1,1,0,77
single,25,153,1,0,0,0,0,25
reflection,25,153,1,0,5,5,0,30
static_team,25,153,1,0,0,0,0,50
corpus_mesh,25,153,1,0,0,0,0,75
single,25,154,0,2,0,0,1,25
reflection,25,154,1,0,7,7,0,32
static_team,25,154,1,0,0,0,0,50
corpus_mesh,25,154,1,1,1,1,0,77
single,25,155,1,0,0,0,0,25
reflection,25,155,1,0,6,6,0,31
static_team,25,155,1,0,0,0,0,50
corpus_mesh,25,155,1,0,0,0,0,75
single,25,156,0,2,0,0,1,25
reflection,25,156,0,1,5,5,1,30
static_team,25,156,1,0,0,0,0,51
corpus_mesh,25,156,1,0,0,0,0,75
single,25,157,1,0,0,0,0,25
reflection,25,157,0,2,5,5,1,30
static_team,25,157,1,0,0,0,0,50
corpus_mesh,25,157,1,0,0,0,0,75
single,25,158,1,0,0,0,0,25
reflection,25,158,1,0,3,3,0,28
static_team,25,158,1,1,1,1,0,52
corpus_mesh,25,158,1,2,2,2,0,79
single,25,159,1,0,0,0,0,25
reflection,25,159,1,0,7,7,0,32
static_team,25,159,1,1,1,1,0,51
corpus_mesh,25,159,1,0,0,0,0,75
single,25,160,0,1,0,0,1,25
reflection,25,160,0,1,12,12,1,37
static_team,25,160,1,1,1,1,0,51
corpus_mesh,25,160,1,0,0,0,0,75
single,25,161,0,1,0,0,1,25
reflection,25,161,0,2,7,7,1,32
static_team,25,161,1,0,0,0,0,51
corpus_mesh,25,161,1,0,0,0,0,77
single,25,162,1,0,0,0,0,25
reflection,25,162,1,0,4,4,0,29
static_team,25,162,1,0,0,0,0,50
corpus_mesh,25,162,1,0,0,0,0,79
single,25,163,1,0,0,0,0,25
reflection,25,163,1,0,6,6,0,31
static_team,25,163,1,0,0,0,0,50
corpus_mesh,25,163,1,0,0,0,0,75
single,25,164,1,0,0,0,0,25
reflection,25,164,1,0,8,8,0,33
static_team,25,164,1,0,0,0,0,50
corpus_mesh,25,164,1,0,0,0,0,75
single,25,165,1,0,0,0,0,25
reflection,25,165,1,1,10,10,0,35
static_team,25,165,1,0,0,0,0,50
corpus_mesh,25,165,1,0,0,0,0,75
single,25,166,0,1,0,0,1,25
reflection,25,166,1,1,4,4,0,29
static_team,25,166,1,0,0,0,0,50
corpus_mesh,25,166,1,2,2,2,0,79
single,25,167,1,0,0,0,0,25
reflection,25,167,1,0,4,4,0,29
static_team,25,167,1,0,0,0,0,51
corpus_mesh,25,167,1,0,0,0,0,75
single,25,168,1,0,0,0,0,25
reflection,25,168,0,0,7,6,1,32
static_team,25,168,1,0,0,0,0,50
corpus_mesh,25,168,1,1,1,1,0,79
single,25,169,0,1,0,0,1,25
reflection,25,169,1,0,6,6,0,31
static_team,25,169,1,0,0,0,0,50
corpus_mesh,25,169,1,0,0,0,0,75
single,25,170,1,0,0,0,0,25
reflection,25,170,1,0,10,10,0,35
static_team,25,170,1,1,1,1,0,51
corpus_mesh,25,170,1,0,0,0,0,75
single,25,171,1,0,0,0,0,25
reflection,25,171,1,0,6,6,0,31
static_team,25,171,1,0,0,0,0,50
corpus_mesh,25,171,1,2,2,2,0,79
single,25,172,0,1,0,0,1,25
reflection,25,172,1,0,12,12,0,37
static_team,25,172,1,0,0,0,0,50
corpus_mesh,25,172,1,0,0,0,0,75
single,25,173,0,1,0,0,1,25
reflection,25,173,1,0,8,8,0,33
static_team,25,173,1,0,0,0,0,50
corpus_mesh,25,173,1,0,0,0,0,77
single,25,174,1,0,0,0,0,25
reflection,25,174,1,0,4,4,0,29
static_team,25,174,1,0,0,0,0,50
corpus_mesh,25,174,1,0,0,0,0,75
single,25,175,0,1,0,0,1,25
reflection,25,175,1,0,4,4,0,29
static_team,25,175,1,1,1,1,0,51
corpus_mesh,25,175,1,0,0,0,0,77
single,25,176,0,1,0,0,1,25
reflection,25,176,1,0,4,4,0,29
static_team,25,176,1,0,0,0,0,50
corpus_mesh,25,176,1,0,0,0,0,77
single,25,177,1,0,0,0,0,25
reflection,25,177,1,0,9,9,0,34
static_team,25,177,1,0,0,0,0,50
corpus_mesh,25,177,1,1,1,1,0,77
single,25,178,0,1,0,0,1,25
reflection,25,178,1,1,4,4,0,29
static_team,25,178,1,0,0,0,0,50
corpus_mesh,25,178,1,0,0,0,0,75
single,25,179,1,0,0,0,0,25
reflection,25,179,1,0,8,8,0,33
static_team,25,179,1,0,0,0,0,50
corpus_mesh,25,179,1,0,0,0,0,75
single,25,180,1,0,0,0,0,25
reflection,25,180,1,0,5,5,0,30
static_team,25,180,1,0,0,0,0,50
corpus_mesh,25,180,1,1,1,1,0,77
single,25,181,1,0,0,0,0,25
reflection,25,181,0,0,9,8,1,34
static_team,25,181,1,0,0,0,0,50
corpus_mesh,25,181,1,0,0,0,0,75
single,25,182,1,0,0,0,0,25
reflection,25,182,1,0,2,2,0,27
static_team,25,182,1,0,0,0,0,50
corpus_mesh,25,182,1,1,1,1,0,79
single,25,183,1,0,0,0,0,25
reflection,25,183,1,0,8,8,0,33
static_team,25,183,1,0,0,0,0,51
corpus_mesh,25,183,1,1,1,1,0,77
single,25,184,0,1,0,0,1,25
reflection,25,184,1,0,2,2,0,27
static_team,25,184,1,0,0,0,0,50
corpus_mesh,25,184,1,0,0,0,0,75
single,25,185,1,0,0,0,0,25
reflection,25,185,1,0,7,7,0,32
static_team,25,185,1,0,0,0,0,50
corpus_mesh,25,185,1,0,0,0,0,75
single,25,186,0,1,0,0,1,25
reflection,25,186,0,1,11,11,1,36
static_team,25,186,1,0,0,0,0,50
corpus_mesh,25,186,1,1,1,1,0,77
single,25,187,0,2,0,0,1,25
reflection,25,187,1,0,5,5,0,30
static_team,25,187,1,0,0,0,0,50
corpus_mesh,25,187,1,1,1,1,0,77
single,25,188,1,0,0,0,0,25
reflection,25,188,0,1,7,7,1,32
static_team,25,188,1,0,0,0,0,51
corpus_mesh,25,188,1,0,0,0,0,77
single,25,189,1,0,0,0,0,25
reflection,25,189,0,1,10,10,1,35
static_team,25,189,1,1,1,1,0,51
corpus_mesh,25,189,1,1,1,1,0,77
single,25,190,1,0,0,0,0,25
reflection,25,190,1,0,6,6,0,31
static_team,25,190,1,0,0,0,0,50
corpus_mesh,25,190,1,0,0,0,0,77
single,25,191,1,0,0,0,0,25
reflection,25,191,0,1,5,5,1,30
static_team,25,191,1,1,1,1,0,51
corpus_mesh,25,191,1,1,1,1,0,77
single,25,192,1,0,0,0,0,25
reflection,25,192,1,0,8,8,0,33
static_team,25,192,1,0,0,0,0,50
corpus_mesh,25,192,1,0,0,0,0,75
single,25,193,1,0,0,0,0,25
reflection,25,193,1,0,6,6,0,31
static_team,25,193,1,2,2,2,0,52
corpus_mesh,25,193,1,0,0,0,0,75
single,25,194,0,1,0,0,1,25
reflection,25,194,1,0,5,5,0,30
static_team,25,194,1,0,0,0,0,50
corpus_mesh,25,194,1,0,0,0,0,75
single,25,195,1,0,0,0,0,25
reflection,25,195,1,0,6,6,0,31
static_team,25,195,1,1,1,1,0,51
corpus_mesh,25,195,1,1,1,1,0,77
single,25,196,1,0,0,0,0,25
reflection,25,196,1,1,6,6,0,31
static_team,25,196,1,3,3,3,0,53
corpus_mesh,25,196,1,0,0,0,0,75
single,25,197,1,0,0,0,0,25
reflection,25,197,1,0,3,3,0,28
static_team,25,197,1,0,0,0,0,51
corpus_mesh,25,197,1,0,0,0,0,75
single,25,198,1,0,0,0,0,25
reflection,25,198,1,0,5,5,0,30
static_team,25,198,1,0,0,0,0,50
corpus_mesh,25,198,1,0,0,0,0,75
single,25,199,1,0,0,0,0,25
reflection,25,199,0,0,10,9,1,35
static_team,25,199,1,2,2,2,0,52
corpus_mesh,25,199,1,3,3,3,0,81
single,25,200,1,0,0,0,0,25
reflection,25,200,0,1,10,9,1,35
static_team,25,200,1,0,0,0,0,50
corpus_mesh,25,200,1,0,0,0,0,75
single,25,201,0,1,0,0,1,25
reflection,25,201,0,1,9,9,1,34
static_team,25,201,1,0,0,0,0,50
corpus_mesh,25,201,1,0,0,0,0,75
single,25,202,0,2,0,0,1,25
reflection,25,202,1,0,8,8,0,33
static_team,25,202,1,1,1,1,0,52
corpus_mesh,25,202,1,0,0,0,0,75
single,25,203,1,0,0,0,0,25
reflection,25,203,1,0,4,4,0,29
static_team,25,203,1,0,0,0,0,50
corpus_mesh,25,203,1,1,1,1,0,77
single,25,204,0,2,0,0,1,25
reflection,25,204,0,1,8,8,1,33
static_team,25,204,1,1,1,1,0,51
corpus_mesh,25,204,1,1,1,1,0,79
single,25,205,1,0,0,0,0,25
reflection,25,205,1,0,2,2,0,27
static_team,25,205,1,0,0,0,0,50
corpus_mesh,25,205,1,0,0,0,0,75
single,25,206,1,0,0,0,0,25
reflection,25,206,1,0,8,8,0,33
static_team,25,206,1,0,0,0,0,50
corpus_mesh,25,206,1,1,1,1,0,77
single,25,207,1,0,0,0,0,25
reflection,25,207,1,0,6,6,0,31
static_team,25,207,1,0,0,0,0,50
corpus_mesh,25,207,1,1,1,1,0,81
single,25,208,0,1,0,0,1,25
reflection,25,208,0,0,7,6,1,32
static_team,25,208,1,2,2,2,0,52
corpus_mesh,25,208,1,0,0,0,0,75
single,25,209,1,2,0,0,0,25
reflection,25,209,0,1,12,12,1,37
static_team,25,209,1,0,0,0,0,50
corpus_mesh,25,209,1,1,1,1,0,77
single,25,210,0,1,0,0,1,25
reflection,25,210,1,1,5,5,0,30
static_team,25,210,1,0,0,0,0,50
corpus_mesh,25,210,1,1,1,1,0,77
single,25,211,0,1,0,0,1,25
reflection,25,211,1,0,4,4,0,29
static_team,25,211,1,0,0,0,0,50
corpus_mesh,25,211,1,0,0,0,0,75
single,25,212,1,0,0,0,0,25
reflection,25,212,1,0,7,7,0,32
static_team,25,212,1,0,0,0,0,50
corpus_mesh,25,212,1,2,2,2,0,79
single,25,213,1,0,0,0,0,25
reflection,25,213,1,0,6,6,0,31
static_team,25,213,1,0,0,0,0,50
corpus_mesh,25,213,1,0,0,0,0,75
single,25,214,1,0,0,0,0,25
reflection,25,214,1,0,3,3,0,28
static_team,25,214,1,0,0,0,0,50
corpus_mesh,25,214,1,0,0,0,0,75
single,25,215,1,0,0,0,0,25
reflection,25,215,1,0,5,5,0,30
static_team,25,215,1,0,0,0,0,50
corpus_mesh,25,215,1,0,0,0,0,75
single,25,216,1,0,0,0,0,25
reflection,25,216,1,0,4,4,0,29
static_team,25,216,1,2,2,2,0,52
corpus_mesh,25,216,1,0,0,0,0,75
single,25,217,0,1,0,0,1,25
reflection,25,217,0,1,7,7,1,32
static_team,25,217,1,0,0,0,0,50
corpus_mesh,25,217,1,0,0,0,0,75
single,25,218,1,0,0,0,0,25
reflection,25,218,1,0,8,8,0,33
static_team,25,218,1,1,1,1,0,51
corpus_mesh,25,218,1,0,0,0,0,79
single,25,219,1,0,0,0,0,25
reflection,25,219,1,0,4,4,0,29
static_team,25,219,1,0,0,0,0,50
corpus_mesh,25,219,1,1,1,1,0,77
single,25,220,1,0,0,0,0,25
reflection,25,220,0,0,11,10,1,36
static_team,25,220,1,0,0,0,0,50
corpus_mesh,25,220,1,0,0,0,0,75
single,25,221,1,0,0,0,0,25
reflection,25,221,1,0,8,8,0,33
static_team,25,221,1,2,2,2,0,52
corpus_mesh,25,221,1,0,0,0,0,77
single,25,222,1,0,0,0,0,25
reflection,25,222,0,1,8,8,1,33
static_team,25,222,1,0,0,0,0,50
corpus_mesh,25,222,1,0,0,0,0,75
single,25,223,1,0,0,0,0,25
reflection,25,223,1,0,9,9,0,34
static_team,25,223,1,0,0,0,0,50
corpus_mesh,25,223,1,0,0,0,0,75
single,25,224,1,0,0,0,0,25
reflection,25,224,1,0,8,8,0,33
static_team,25,224,1,0,0,0,0,50
corpus_mesh,25,224,1,0,0,0,0,75
single,25,225,0,1,0,0,1,25
reflection,25,225,0,1,3,3,1,28
static_team,25,225,1,0,0,0,0,50
corpus_mesh,25,225,1,0,0,0,0,75
single,25,226,1,0,0,0,0,25
reflection,25,226,1,0,5,5,0,30
static_team,25,226,1,0,0,0,0,50
corpus_mesh,25,226,1,0,0,0,0,75
single,25,227,0,1,0,0,1,25
reflection,25,227,0,1,6,6,1,31
static_team,25,227,1,1,1,1,0,51
corpus_mesh,25,227,1,0,0,0,0,75
single,25,228,0,2,0,0,1,25
reflection,25,228,1,0,5,5,0,30
static_team,25,228,1,0,0,0,0,50
corpus_mesh,25,228,1,1,1,1,0,77
single,25,229,1,0,0,0,0,25
reflection,25,229,1,0,14,14,0,39
static_team,25,229,1,0,0,0,0,50
corpus_mesh,25,229,1,1,1,1,0,77
single,25,230,1,0,0,0,0,25
reflection,25,230,1,0,8,8,0,33
static_team,25,230,1,1,1,1,0,52
corpus_mesh,25,230,1,0,0,0,0,77
single,25,231,1,0,0,0,0,25
reflection,25,231,1,0,4,4,0,29
static_team,25,231,1,0,0,0,0,50
corpus_mesh,25,231,1,1,1,1,0,79
single,25,232,0,1,0,0,1,25
reflection,25,232,1,0,10,10,0,35
static_team,25,232,1,1,1,1,0,51
corpus_mesh,25,232,1,0,0,0,0,75
single,25,233,1,0,0,0,0,25
reflection,25,233,1,0,5,5,0,30
static_team,25,233,1,1,1,1,0,51
corpus_mesh,25,233,1,0,0,0,0,75
single,25,234,1,0,0,0,0,25
reflection,25,234,1,0,5,5,0,30
static_team,25,234,1,0,0,0,0,51
corpus_mesh,25,234,1,0,0,0,0,79
single,25,235,0,4,0,0,1,25
reflection,25,235,1,0,8,8,0,33
static_team,25,235,1,0,0,0,0,50
corpus_mesh,25,235,1,0,0,0,0,75
single,25,236,1,0,0,0,0,25
reflection,25,236,1,0,4,4,0,29
static_team,25,236,1,1,1,1,0,51
corpus_mesh,25,236,1,1,1,1,0,77
single,25,237,1,0,0,0,0,25
reflection,25,237,1,0,7,7,0,32
static_team,25,237,1,1,1,1,0,51
corpus_mesh,25,237,1,2,2,2,0,81
single,25,238,1,0,0,0,0,25
reflection,25,238,1,0,9,9,0,34
static_team,25,238,1,0,0,0,0,50
corpus_mesh,25,238,1,1,1,1,0,77
single,25,239,1,0,0,0,0,25
reflection,25,239,0,0,9,8,1,34
static_team,25,239,1,1,1,1,0,51
corpus_mesh,25,239,1,0,0,0,0,75
single,25,240,0,1,0,0,1,25
reflection,25,240,1,0,8,8,0,33
static_team,25,240,1,0,0,0,0,50
corpus_mesh,25,240,1,0,0,0,0,77
single,25,241,1,0,0,0,0,25
reflection,25,241,1,1,10,10,0,35
static_team,25,241,1,1,1,1,0,51
corpus_mesh,25,241,1,0,0,0,0,75
single,25,242,1,0,0,0,0,25
reflection,25,242,1,0,8,8,0,33
static_team,25,242,1,0,0,0,0,50
corpus_mesh,25,242,1,0,0,0,0,77
single,25,243,1,0,0,0,0,25
reflection,25,243,0,2,5,5,1,30
static_team,25,243,1,0,0,0,0,50
corpus_mesh,25,243,1,0,0,0,0,75
single,25,244,0,1,0,0,1,25
reflection,25,244,1,0,6,6,0,31
static_team,25,244,1,0,0,0,0,50
corpus_mesh,25,244,1,0,0,0,0,75
single,25,245,1,0,0,0,0,25
reflection,25,245,0,1,10,10,1,35
static_team,25,245,1,1,1,1,0,51
corpus_mesh,25,245,1,0,0,0,0,77
single,25,246,0,1,0,0,1,25
reflection,25,246,0,3,8,8,1,33
static_team,25,246,1,0,0,0,0,50
corpus_mesh,25,246,1,0,0,0,0,75
single,25,247,1,0,0,0,0,25
reflection,25,247,1,0,11,11,0,36
static_team,25,247,1,0,0,0,0,51
corpus_mesh,25,247,1,0,0,0,0,75
single,25,248,1,0,0,0,0,25
reflection,25,248,1,0,9,9,0,34
static_team,25,248,1,0,0,0,0,50
corpus_mesh,25,248,1,0,0,0,0,77
single,25,249,0,1,0,0,1,25
reflection,25,249,0,1,10,9,1,35
static_team,25,249,1,4,4,4,0,54
corpus_mesh,25,249,1,0,0,0,0,75
single,25,250,1,0,0,0,0,25
reflection,25,250,0,1,8,8,1,33
static_team,25,250,1,0,0,0,0,50
corpus_mesh,25,250,1,1,1,1,0,77
single,25,251,1,0,0,0,0,25
reflection,25,251,1,0,5,5,0,30
static_team,25,251,1,0,0,0,0,50
corpus_mesh,25,251,1,0,0,0,0,77
single,25,252,1,0,0,0,0,25
reflection,25,252,1,1,3,3,0,28
static_team,25,252,1,0,0,0,0,50
corpus_mesh,25,252,1,1,1,1,0,77
single,25,253,1,0,0,0,0,25
reflection,25,253,1,0,10,10,0,35
static_team,25,253,1,1,1,1,0,51
corpus_mesh,25,253,1,0,0,0,0,75
single,25,254,1,0,0,0,0,25
reflection,25,254,0,1,8,8,1,33
static_team,25,254,1,1,1,1,0,51
corpus_mesh,25,254,1,0,0,0,0,79
single,25,255,1,0,0,0,0,25
reflection,25,255,1,0,6,6,0,31
static_team,25,255,1,0,0,0,0,50
corpus_mesh,25,255,1,0,0,0,0,77
single,25,256,0,1,0,0,1,25
reflection,25,256,1,0,10,10,0,35
static_team,25,256,1,1,1,1,0,51
corpus_mesh,25,256,1,0,0,0,0,77
single,25,257,1,0,0,0,0,25
reflection,25,257,1,0,9,9,0,34
static_team,25,257,1,1,1,1,0,51
corpus_mesh,25,257,1,1,1,1,0,79
single,25,258,1,0,0,0,0,25
reflection,25,258,0,2,8,8,1,33
static_team,25,258,1,0,0,0,0,50
corpus_mesh,25,258,1,1,1,1,0,77
single,25,259,1,0,0,0,0,25
reflection,25,259,1,0,5,5,0,30
static_team,25,259,1,1,1,1,0,51
corpus_mesh,25,259,1,0,0,0,0,75
single,25,260,0,1,0,0,1,25
reflection,25,260,1,0,2,2,0,27
static_team,25,260,1,1,1,1,0,52
corpus_mesh,25,260,1,0,0,0,0,77
single,25,261,0,1,0,0,1,25
reflection,25,261,1,0,8,8,0,33
static_team,25,261,1,0,0,0,0,50
corpus_mesh,25,261,1,2,2,1,0,81
single,25,262,1,0,0,0,0,25
reflection,25,262,1,0,11,11,0,36
static_team,25,262,1,1,1,1,0,51
corpus_mesh,25,262,1,0,0,0,0,77
single,25,263,1,0,0,0,0,25
reflection,25,263,1,0,9,9,0,34
static_team,25,263,1,0,0,0,0,51
corpus_mesh,25,263,1,0,0,0,0,75
single,25,264,1,0,0,0,0,25
reflection,25,264,1,1,9,9,0,34
static_team,25,264,1,0,0,0,0,51
corpus_mesh,25,264,1,0,0,0,0,75
single,25,265,0,1,0,0,1,25
reflection,25,265,1,0,9,9,0,34
static_team,25,265,1,0,0,0,0,50
corpus_mesh,25,265,1,0,0,0,0,75
single,25,266,1,0,0,0,0,25
reflection,25,266,0,1,9,7,1,34
static_team,25,266,1,0,0,0,0,50
corpus_mesh,25,266,1,0,0,0,0,75
single,25,267,1,0,0,0,0,25
reflection,25,267,1,0,7,7,0,32
static_team,25,267,1,0,0,0,0,50
corpus_mesh,25,267,1,2,2,2,0,79
single,25,268,0,1,0,0,1,25
reflection,25,268,1,1,8,8,0,33
static_team,25,268,1,0,0,0,0,50
corpus_mesh,25,268,1,1,1,1,0,77
single,25,269,1,0,0,0,0,25
reflection,25,269,1,0,8,8,0,33
static_team,25,269,1,1,1,1,0,51
corpus_mesh,25,269,1,1,1,1,0,77
single,25,270,1,0,0,0,0,25
reflection,25,270,1,0,10,10,0,35
static_team,25,270,1,0,0,0,0,50
corpus_mesh,25,270,1,0,0,0,0,75
single,25,271,1,0,0,0,0,25
reflection,25,271,1,2,9,9,0,34
static_team,25,271,1,0,0,0,0,50
corpus_mesh,25,271,1,1,1,1,0,79
single,25,272,1,0,0,0,0,25
reflection,25,272,1,0,6,6,0,31
static_team,25,272,1,0,0,0,0,50
corpus_mesh,25,272,1,0,0,0,0,75
single,25,273,1,0,0,0,0,25
reflection,25,273,1,0,4,4,0,29
static_team,25,273,1,0,0,0,0,50
corpus_mesh,25,273,1,1,1,1,0,79
single,25,274,1,0,0,0,0,25
reflection,25,274,1,0,6,6,0,31
static_team,25,274,1,0,0,0,0,51
corpus_mesh,25,274,1,0,0,0,0,75
single,25,275,1,0,0,0,0,25
reflection,25,275,1,0,4,4,0,29
static_team,25,275,1,0,0,0,0,50
corpus_mesh,25,275,1,2,2,2,0,83
single,25,276,1,0,0,0,0,25
reflection,25,276,1,0,8,8,0,33
static_team,25,276,1,0,0,0,0,51
corpus_mesh,25,276,1,0,0,0,0,75
single,25,277,1,0,0,0,0,25
reflection,25,277,0,0,6,5,1,31
static_team,25,277,1,0,0,0,0,50
corpus_mesh,25,277,1,0,0,0,0,75
single,25,278,0,1,0,0,1,25
reflection,25,278,1,0,10,10,0,35
static_team,25,278,1,1,1,1,0,51
corpus_mesh,25,278,1,0,0,0,0,75
single,25,279,1,0,0,0,0,25
reflection,25,279,1,1,6,6,0,31
static_team,25,279,1,1,1,1,0,51
corpus_mesh,25,279,1,0,0,0,0,75
single,25,280,1,0,0,0,0,25
reflection,25,280,0,2,7,7,1,32
static_team,25,280,1,0,0,0,0,50
corpus_mesh,25,280,1,0,0,0,0,75
single,25,281,1,0,0,0,0,25
reflection,25,281,1,0,4,4,0,29
static_team,25,281,1,1,1,1,0,51
corpus_mesh,25,281,1,2,2,2,0,79
single,25,282,1,0,0,0,0,25
reflection,25,282,0,0,8,7,1,33
static_team,25,282,1,0,0,0,0,50
corpus_mesh,25,282,1,0,0,0,0,79
single,25,283,1,0,0,0,0,25
reflection,25,283,1,2,9,9,0,34
static_team,25,283,1,0,0,0,0,50
corpus_mesh,25,283,1,1,1,1,0,77
single,25,284,1,0,0,0,0,25
reflection,25,284,1,0,8,8,0,33
static_team,25,284,1,0,0,0,0,50
corpus_mesh,25,284,1,0,0,0,0,75
single,25,285,1,0,0,0,0,25
reflection,25,285,1,0,7,7,0,32
static_team,25,285,1,0,0,0,0,50
corpus_mesh,25,285,1,0,0,0,0,75
single,25,286,1,0,0,0,0,25
reflection,25,286,0,1,4,4,1,29
static_team,25,286,0,1,1,0,1,52
corpus_mesh,25,286,1,1,1,1,0,77
single,25,287,1,0,0,0,0,25
reflection,25,287,0,1,8,8,1,33
static_team,25,287,1,1,1,1,0,51
corpus_mesh,25,287,0,1,1,0,1,77
single,25,288,1,0,0,0,0,25
reflection,25,288,1,0,9,9,0,34
static_team,25,288,1,1,1,1,0,51
corpus_mesh,25,288,1,1,1,1,0,77
single,25,289,0,1,0,0,1,25
reflection,25,289,0,1,9,9,1,34
static_team,25,289,1,0,0,0,0,50
corpus_mesh,25,289,1,0,0,0,0,75
single,25,290,1,0,0,0,0,25
reflection,25,290,1,0,10,10,0,35
static_team,25,290,1,0,0,0,0,50
corpus_mesh,25,290,1,0,0,0,0,75
single,25,291,0,1,0,0,1,25
reflection,25,291,0,1,9,9,1,34
static_team,25,291,1,0,0,0,0,50
corpus_mesh,25,291,0,0,0,0,1,77
single,25,292,1,0,0,0,0,25
reflection,25,292,1,0,11,11,0,36
static_team,25,292,1,0,0,0,0,50
corpus_mesh,25,292,1,0,0,0,0,77
single,25,293,1,0,0,0,0,25
reflection,25,293,0,1,10,10,1,35
static_team,25,293,1,0,0,0,0,50
corpus_mesh,25,293,1,1,1,1,0,77
single,25,294,1,0,0,0,0,25
reflection,25,294,1,0,4,4,0,29
static_team,25,294,1,0,0,0,0,50
corpus_mesh,25,294,1,0,0,0,0,75
single,25,295,1,0,0,0,0,25
reflection,25,295,0,1,10,10,1,35
static_team,25,295,1,0,0,0,0,50
corpus_mesh,25,295,1,0,0,0,0,75
single,25,296,0,1,0,0,1,25
reflection,25,296,1,0,6,6,0,31
static_team,25,296,1,0,0,0,0,50
corpus_mesh,25,296,1,0,0,0,0,75
single,25,297,1,0,0,0,0,25
reflection,25,297,1,0,8,8,0,33
static_team,25,297,1,0,0,0,0,50
corpus_mesh,25,297,1,0,0,0,0,75
single,25,298,1,0,0,0,0,25
reflection,25,298,1,0,4,4,0,29
static_team,25,298,1,0,0,0,0,50
corpus_mesh,25,298,1,0,0,0,0,75
single,25,299,0,1,0,0,1,25
reflection,25,299,0,3,7,6,1,32
static_team,25,299,1,0,0,0,0,50
corpus_mesh,25,299,1,1,1,1,0,77
single,25,300,0,2,0,0,1,25
reflection,25,300,1,0,7,7,0,32
static_team,25,300,1,1,1,1,0,51
corpus_mesh,25,300,1,1,1,1,0,77
single,25,301,0,1,0,0,1,25
reflection,25,301,1,0,9,9,0,34
static_team,25,301,1,0,0,0,0,50
corpus_mesh,25,301,1,0,0,0,0,75
single,25,302,1,0,0,0,0,25
reflection,25,302,1,0,9,9,0,34
static_team,25,302,1,1,1,1,0,51
corpus_mesh,25,302,1,0,0,0,0,77
single,25,303,1,0,0,0,0,25
reflection,25,303,0,1,7,7,1,32
static_team,25,303,1,0,0,0,0,50
corpus_mesh,25,303,1,0,0,0,0,77
single,25,304,1,0,0,0,0,25
reflection,25,304,0,1,2,2,1,27
static_team,25,304,1,0,0,0,0,50
corpus_mesh,25,304,1,0,0,0,0,77
single,25,305,1,0,0,0,0,25
reflection,25,305,1,0,7,7,0,32
static_team,25,305,1,0,0,0,0,50
corpus_mesh,25,305,1,0,0,0,0,75
single,25,306,1,0,0,0,0,25
reflection,25,306,1,1,8,8,0,33
static_team,25,306,1,0,0,0,0,51
corpus_mesh,25,306,1,1,1,1,0,77
single,25,307,1,0,0,0,0,25
reflection,25,307,0,1,3,3,1,28
static_team,25,307,1,1,1,1,0,51
corpus_mesh,25,307,1,0,0,0,0,75
single,25,308,0,1,0,0,1,25
reflection,25,308,0,1,9,9,1,34
static_team,25,308,1,1,1,1,0,51
corpus_mesh,25,308,1,0,0,0,0,75
single,25,309,0,1,0,0,1,25
reflection,25,309,0,1,8,8,1,33
static_team,25,309,1,0,0,0,0,50
corpus_mesh,25,309,1,1,1,1,0,77
single,25,310,0,1,0,0,1,25
reflection,25,310,0,1,8,8,1,33
static_team,25,310,1,0,0,0,0,50
corpus_mesh,25,310,1,1,1,1,0,79
single,25,311,1,0,0,0,0,25
reflection,25,311,1,0,5,5,0,30
static_team,25,311,1,1,1,1,0,51
corpus_mesh,25,311,1,0,0,0,0,75
single,25,312,1,0,0,0,0,25
reflection,25,312,0,2,8,8,1,33
static_team,25,312,1,0,0,0,0,50
corpus_mesh,25,312,1,1,1,1,0,77
single,25,313,1,0,0,0,0,25
reflection,25,313,1,0,10,10,0,35
static_team,25,313,1,0,0,0,0,50
corpus_mesh,25,313,1,0,0,0,0,75
single,25,314,1,0,0,0,0,25
reflection,25,314,1,0,5,5,0,30
static_team,25,314,1,0,0,0,0,50
corpus_mesh,25,314,1,1,1,1,0,77
single,25,315,1,0,0,0,0,25
reflection,25,315,1,0,7,7,0,32
static_team,25,315,1,0,0,0,0,50
corpus_mesh,25,315,1,0,0,0,0,75
single,25,316,1,0,0,0,0,25
reflection,25,316,1,0,9,9,0,34
static_team,25,316,1,0,0,0,0,50
corpus_mesh,25,316,1,0,0,0,0,75
single,25,317,1,0,0,0,0,25
reflection,25,317,0,2,7,7,1,32
static_team,25,317,1,1,1,1,0,51
corpus_mesh,25,317,1,0,0,0,0,75
single,25,318,1,0,0,0,0,25
reflection,25,318,1,0,11,11,0,36
static_team,25,318,1,1,1,1,0,51
corpus_mesh,25,318,1,1,1,1,0,77
single,25,319,1,0,0,0,0,25
reflection,25,319,0,1,6,6,1,31
static_team,25,319,1,1,1,1,0,51
corpus_mesh,25,319,1,0,0,0,0,75
single,25,320,0,1,0,0,1,25
reflection,25,320,1,0,6,6,0,31
static_team,25,320,1,0,0,0,0,50
corpus_mesh,25,320,1,0,0,0,0,75
single,25,321,1,0,0,0,0,25
reflection,25,321,1,0,6,6,0,31
static_team,25,321,1,1,1,1,0,51
corpus_mesh,25,321,1,0,0,0,0,75
single,25,322,1,0,0,0,0,25
reflection,25,322,1,0,4,4,0,29
static_team,25,322,1,0,0,0,0,50
corpus_mesh,25,322,1,1,1,1,0,77
single,25,323,1,0,0,0,0,25
reflection,25,323,1,0,12,12,0,37
static_team,25,323,1,1,1,1,0,51
corpus_mesh,25,323,1,1,1,1,0,77
single,25,324,1,0,0,0,0,25
reflection,25,324,1,0,8,8,0,33
static_team,25,324,1,0,0,0,0,50
corpus_mesh,25,324,1,1,1,1,0,77
single,25,325,0,1,0,0,1,25
reflection,25,325,1,0,7,7,0,32
static_team,25,325,1,2,2,2,0,52
corpus_mesh,25,325,1,0,0,0,0,77
single,25,326,1,0,0,0,0,25
reflection,25,326,1,0,9,9,0,34
static_team,25,326,1,0,0,0,0,50
corpus_mesh,25,326,1,0,0,0,0,75
single,25,327,1,0,0,0,0,25
reflection,25,327,1,0,8,8,0,33
static_team,25,327,1,0,0,0,0,50
corpus_mesh,25,327,1,0,0,0,0,75
single,25,328,1,0,0,0,0,25
reflection,25,328,0,0,6,5,1,31
static_team,25,328,1,0,0,0,0,50
corpus_mesh,25,328,1,0,0,0,0,75
single,25,329,1,0,0,0,0,25
reflection,25,329,0,0,7,6,1,32
static_team,25,329,1,0,0,0,0,51
corpus_mesh,25,329,1,1,1,1,0,77
single,25,330,1,0,0,0,0,25
reflection,25,330,0,1,7,7,1,32
static_team,25,330,1,0,0,0,0,51
corpus_mesh,25,330,1,0,0,0,0,77
single,25,331,1,0,0,0,0,25
reflection,25,331,0,0,11,10,1,36
static_team,25,331,1,1,1,1,0,53
corpus_mesh,25,331,1,0,0,0,0,75
single,25,332,1,0,0,0,0,25
reflection,25,332,1,0,7,7,0,32
static_team,25,332,1,0,0,0,0,50
corpus_mesh,25,332,1,0,0,0,0,75
single,25,333,1,0,0,0,0,25
reflection,25,333,1,0,6,6,0,31
static_team,25,333,1,1,1,1,0,51
corpus_mesh,25,333,1,1,1,1,0,77
single,25,334,1,0,0,0,0,25
reflection,25,334,1,0,5,5,0,30
static_team,25,334,1,0,0,0,0,50
corpus_mesh,25,334,1,0,0,0,0,79
single,25,335,1,0,0,0,0,25
reflection,25,335,1,0,5,5,0,30
static_team,25,335,1,0,0,0,0,51
corpus_mesh,25,335,1,1,1,1,0,77
single,25,336,1,0,0,0,0,25
reflection,25,336,0,1,6,6,1,31
static_team,25,336,1,1,1,1,0,51
corpus_mesh,25,336,1,0,0,0,0,77
single,25,337,1,0,0,0,0,25
reflection,25,337,0,0,7,6,1,32
static_team,25,337,1,1,1,1,0,51
corpus_mesh,25,337,0,1,1,0,1,77
single,25,338,1,0,0,0,0,25
reflection,25,338,0,1,5,5,1,30
static_team,25,338,1,1,1,1,0,51
corpus_mesh,25,338,1,1,1,1,0,77
single,25,339,0,1,0,0,1,25
reflection,25,339,1,0,11,11,0,36
static_team,25,339,1,0,0,0,0,50
corpus_mesh,25,339,1,0,0,0,0,75
single,25,340,1,0,0,0,0,25
reflection,25,340,0,1,8,7,1,33
static_team,25,340,1,0,0,0,0,50
corpus_mesh,25,340,1,0,0,0,0,79
single,25,341,0,1,0,0,1,25
reflection,25,341,1,0,10,10,0,35
static_team,25,341,1,0,0,0,0,50
corpus_mesh,25,341,1,0,0,0,0,75
single,25,342,1,0,0,0,0,25
reflection,25,342,1,0,8,8,0,33
static_team,25,342,1,0,0,0,0,50
corpus_mesh,25,342,1,0,0,0,0,75
single,25,343,0,2,0,0,1,25
reflection,25,343,1,0,6,6,0,31
static_team,25,343,1,1,1,1,0,51
corpus_mesh,25,343,1,0,0,0,0,75
single,25,344,1,0,0,0,0,25
reflection,25,344,1,0,6,6,0,31
static_team,25,344,1,0,0,0,0,50
corpus_mesh,25,344,1,1,1,1,0,77
single,25,345,0,1,0,0,1,25
reflection,25,345,1,0,6,6,0,31
static_team,25,345,1,0,0,0,0,50
corpus_mesh,25,345,1,0,0,0,0,75
single,25,346,0,3,0,0,1,25
reflection,25,346,1,0,9,9,0,34
static_team,25,346,1,0,0,0,0,50
corpus_mesh,25,346,1,1,1,1,0,77
single,25,347,1,0,0,0,0,25
reflection,25,347,1,0,8,8,0,33
static_team,25,347,1,0,0,0,0,50
corpus_mesh,25,347,1,0,0,0,0,75
single,25,348,1,0,0,0,0,25
reflection,25,348,1,0,3,3,0,28
static_team,25,348,1,0,0,0,0,50
corpus_mesh,25,348,1,0,0,0,0,79
single,25,349,1,2,0,0,0,25
reflection,25,349,1,0,7,7,0,32
static_team,25,349,1,1,1,1,0,51
corpus_mesh,25,349,1,1,1,1,0,77
single,25,350,1,0,0,0,0,25
reflection,25,350,0,0,6,5,1,31
static_team,25,350,1,1,1,1,0,51
corpus_mesh,25,350,1,1,1,1,0,77
single,25,351,1,0,0,0,0,25
reflection,25,351,1,0,7,7,0,32
static_team,25,351,1,0,0,0,0,50
corpus_mesh,25,351,1,1,1,1,0,77
single,25,352,0,1,0,0,1,25
reflection,25,352,0,1,9,9,1,34
static_team,25,352,1,0,0,0,0,50
corpus_mesh,25,352,1,0,0,0,0,77
single,25,353,1,0,0,0,0,25
reflection,25,353,1,0,5,5,0,30
static_team,25,353,1,0,0,0,0,50
corpus_mesh,25,353,1,0,0,0,0,77
single,25,354,0,1,0,0,1,25
reflection,25,354,1,0,9,9,0,34
static_team,25,354,1,0,0,0,0,50
corpus_mesh,25,354,1,0,0,0,0,79
single,25,355,1,0,0,0,0,25
reflection,25,355,1,0,7,7,0,32
static_team,25,355,1,0,0,0,0,50
corpus_mesh,25,355,1,0,0,0,0,77
single,25,356,1,0,0,0,0,25
reflection,25,356,1,0,5,5,0,30
static_team,25,356,1,1,1,1,0,51
corpus_mesh,25,356,1,2,2,2,0,83
single,25,357,1,0,0,0,0,25
reflection,25,357,0,1,6,6,1,31
static_team,25,357,1,0,0,0,0,50
corpus_mesh,25,357,1,0,0,0,0,77
single,25,358,0,2,0,0,1,25
reflection,25,358,1,1,10,10,0,35
static_team,25,358,1,0,0,0,0,51
corpus_mesh,25,358,1,0,0,0,0,75
single,25,359,1,0,0,0,0,25
reflection,25,359,1,0,5,5,0,30
static_team,25,359,1,1,1,1,0,51
corpus_mesh,25,359,1,0,0,0,0,77
single,25,360,1,0,0,0,0,25
reflection,25,360,1,0,8,8,0,33
static_team,25,360,1,1,1,1,0,51
corpus_mesh,25,360,1,1,1,1,0,79
single,25,361,1,0,0,0,0,25
reflection,25,361,0,0,6,5,1,31
static_team,25,361,1,0,0,0,0,50
corpus_mesh,25,361,1,1,1,1,0,79
single,25,362,1,0,0,0,0,25
reflection,25,362,1,0,6,6,0,31
static_team,25,362,1,1,1,1,0,51
corpus_mesh,25,362,1,0,0,0,0,75
single,25,363,1,0,0,0,0,25
reflection,25,363,1,0,3,3,0,28
static_team,25,363,1,0,0,0,0,50
corpus_mesh,25,363,1,0,0,0,0,75
single,25,364,1,0,0,0,0,25
reflection,25,364,1,0,11,11,0,36
static_team,25,364,1,2,2,2,0,52
corpus_mesh,25,364,1,0,0,0,0,75
single,25,365,1,0,0,0,0,25
reflection,25,365,1,0,9,9,0,34
static_team,25,365,1,0,0,0,0,50
corpus_mesh,25,365,1,2,2,2,0,81
single,25,366,0,2,0,0,1,25
reflection,25,366,1,0,9,9,0,34
static_team,25,366,1,0,0,0,0,50
corpus_mesh,25,366,1,1,1,1,0,77
single,25,367,1,0,0,0,0,25
reflection,25,367,0,2,9,9,1,34
static_team,25,367,1,0,0,0,0,50
corpus_mesh,25,367,1,1,1,1,0,77
single,25,368,0,1,0,0,1,25
reflection,25,368,0,0,5,4,1,30
static_team,25,368,1,1,1,1,0,51
corpus_mesh,25,368,1,1,1,1,0,77
single,25,369,1,0,0,0,0,25
reflection,25,369,0,0,8,7,1,33
static_team,25,369,1,0,0,0,0,51
corpus_mesh,25,369,1,0,0,0,0,75
single,25,370,1,0,0,0,0,25
reflection,25,370,1,0,6,6,0,31
static_team,25,370,1,0,0,0,0,50
corpus_mesh,25,370,1,0,0,0,0,75
single,25,371,0,2,0,0,1,25
reflection,25,371,0,1,6,6,1,31
static_team,25,371,1,0,0,0,0,50
corpus_mesh,25,371,1,0,0,0,0,77
single,25,372,1,0,0,0,0,25
reflection,25,372,1,0,5,5,0,30
static_team,25,372,1,1,1,1,0,51
corpus_mesh,25,372,1,0,0,0,0,75
single,25,373,1,0,0,0,0,25
reflection,25,373,0,0,6,5,1,31
static_team,25,373,1,1,1,1,0,51
corpus_mesh,25,373,1,2,2,2,0,79
single,25,374,1,0,0,0,0,25
reflection,25,374,1,0,9,9,0,34
static_team,25,374,1,1,1,1,0,51
corpus_mesh,25,374,1,0,0,0,0,75
single,25,375,1,0,0,0,0,25
reflection,25,375,0,2,9,9,1,34
static_team,25,375,1,0,0,0,0,50
corpus_mesh,25,375,1,0,0,0,0,77
single,25,376,1,0,0,0,0,25
reflection,25,376,1,0,5,5,0,30
static_team,25,376,1,0,0,0,0,50
corpus_mesh,25,376,1,0,0,0,0,75
single,25,377,0,1,0,0,1,25
reflection,25,377,1,0,8,8,0,33
static_team,25,377,1,0,0,0,0,51
corpus_mesh,25,377,1,1,1,1,0,77
single,25,378,1,0,0,0,0,25
reflection,25,378,1,0,6,6,0,31
static_team,25,378,1,0,0,0,0,50
corpus_mesh,25,378,1,0,0,0,0,75
single,25,379,1,0,0,0,0,25
reflection,25,379,1,0,4,4,0,29
static_team,25,379,1,1,1,1,0,51
corpus_mesh,25,379,1,0,0,0,0,75
single,25,380,0,1,0,0,1,25
reflection,25,380,1,0,6,6,0,31
static_team,25,380,1,0,0,0,0,50
corpus_mesh,25,380,1,0,0,0,0,75
single,25,381,1,0,0,0,0,25
reflection,25,381,0,1,7,7,1,32
static_team,25,381,1,0,0,0,0,51
corpus_mesh,25,381,1,1,1,1,0,77
single,25,382,0,1,0,0,1,25
reflection,25,382,1,0,7,7,0,32
static_team,25,382,1,0,0,0,0,50
corpus_mesh,25,382,1,1,1,1,0,79
single,25,383,0,1,0,0,1,25
reflection,25,383,0,0,5,4,1,30
static_team,25,383,1,1,1,1,0,51
corpus_mesh,25,383,1,0,0,0,0,77
single,25,384,1,0,0,0,0,25
reflection,25,384,1,0,7,7,0,32
static_team,25,384,1,0,0,0,0,50
corpus_mesh,25,384,1,0,0,0,0,75
single,25,385,1,0,0,0,0,25
reflection,25,385,1,0,8,8,0,33
static_team,25,385,1,2,2,2,0,52
corpus_mesh,25,385,1,0,0,0,0,75
single,25,386,0,1,0,0,1,25
reflection,25,386,0,1,6,6,1,31
static_team,25,386,1,0,0,0,0,50
corpus_mesh,25,386,1,0,0,0,0,75
single,25,387,0,1,0,0,1,25
reflection,25,387,0,1,13,13,1,38
static_team,25,387,1,1,1,1,0,51
corpus_mesh,25,387,1,1,1,1,0,77
single,25,388,1,0,0,0,0,25
reflection,25,388,1,1,7,7,0,32
static_team,25,388,1,1,1,1,0,51
corpus_mesh,25,388,1,0,0,0,0,75
single,25,389,0,1,0,0,1,25
reflection,25,389,1,0,9,9,0,34
static_team,25,389,1,0,0,0,0,50
corpus_mesh,25,389,1,0,0,0,0,75
single,25,390,1,0,0,0,0,25
reflection,25,390,1,0,7,7,0,32
static_team,25,390,1,0,0,0,0,50
corpus_mesh,25,390,1,0,0,0,0,75
single,25,391,0,1,0,0,1,25
reflection,25,391,0,1,7,7,1,32
static_team,25,391,1,0,0,0,0,50
corpus_mesh,25,391,1,1,1,1,0,77
single,25,392,1,0,0,0,0,25
reflection,25,392,1,0,8,8,0,33
static_team,25,392,1,0,0,0,0,50
corpus_mesh,25,392,1,0,0,0,0,79
single,25,393,1,0,0,0,0,25
reflection,25,393,1,2,5,5,0,30
static_team,25,393,1,0,0,0,0,50
corpus_mesh,25,393,1,0,0,0,0,77
single,25,394,1,0,0,0,0,25
reflection,25,394,1,0,8,8,0,33
static_team,25,394,1,1,1,1,0,51
corpus_mesh,25,394,1,1,1,1,0,77
single,25,395,0,1,0,0,1,25
reflection,25,395,1,0,9,9,0,34
static_team,25,395,1,0,0,0,0,50
corpus_mesh,25,395,1,0,0,0,0,75
single,25,396,1,0,0,0,0,25
reflection,25,396,1,0,7,7,0,32
static_team,25,396,1,1,1,1,0,51
corpus_mesh,25,396,1,1,1,1,0,77
single,25,397,1,0,0,0,0,25
reflection,25,397,1,0,4,4,0,29
static_team,25,397,1,0,0,0,0,51
corpus_mesh,25,397,1,0,0,0,0,75
single,25,398,1,0,0,0,0,25
reflection,25,398,0,1,11,11,1,36
static_team,25,398,1,0,0,0,0,50
corpus_mesh,25,398,1,1,1,1,0,77
single,25,399,0,4,0,0,1,25
reflection,25,399,0,0,8,7,1,33
static_team,25,399,1,1,1,1,0,52
corpus_mesh,25,399,1,0,0,0,0,75
single,25,400,1,0,0,0,0,25
reflection,25,400,0,1,10,10,1,35
static_team,25,400,1,1,1,1,0,51
corpus_mesh,25,400,1,1,1,1,0,77
single,25,401,1,0,0,0,0,25
reflection,25,401,1,0,8,8,0,33
static_team,25,401,1,1,1,1,0,51
corpus_mesh,25,401,1,0,0,0,0,75
single,25,402,1,0,0,0,0,25
reflection,25,402,1,0,6,6,0,31
static_team,25,402,1,0,0,0,0,50
corpus_mesh,25,402,1,1,1,1,0,81
single,25,403,0,1,0,0,1,25
reflection,25,403,1,0,8,8,0,33
static_team,25,403,1,0,0,0,0,50
corpus_mesh,25,403,1,1,1,1,0,79
single,25,404,0,1,0,0,1,25
reflection,25,404,1,0,10,10,0,35
static_team,25,404,1,0,0,0,0,50
corpus_mesh,25,404,1,0,0,0,0,75
single,25,405,1,0,0,0,0,25
reflection,25,405,1,1,5,5,0,30
static_team,25,405,1,0,0,0,0,50
corpus_mesh,25,405,1,0,0,0,0,75
single,25,406,0,1,0,0,1,25
reflection,25,406,0,0,8,7,1,33
static_team,25,406,1,2,2,2,0,52
corpus_mesh,25,406,1,2,2,2,0,79
single,25,407,0,1,0,0,1,25
reflection,25,407,1,0,7,7,0,32
static_team,25,407,1,0,0,0,0,50
corpus_mesh,25,407,1,0,0,0,0,75
single,25,408,1,0,0,0,0,25
reflection,25,408,1,0,7,7,0,32
static_team,25,408,1,0,0,0,0,50
corpus_mesh,25,408,1,0,0,0,0,75
single,25,409,0,1,0,0,1,25
reflection,25,409,1,1,7,7,0,32
static_team,25,409,1,0,0,0,0,50
corpus_mesh,25,409,1,0,0,0,0,75
single,25,410,0,1,0,0,1,25
reflection,25,410,0,1,7,6,1,32
static_team,25,410,1,1,1,1,0,52
corpus_mesh,25,410,1,0,0,0,0,77
single,25,411,1,0,0,0,0,25
reflection,25,411,1,0,5,5,0,30
static_team,25,411,1,1,1,1,0,51
corpus_mesh,25,411,1,0,0,0,0,75
single,25,412,0,1,0,0,1,25
reflection,25,412,0,1,7,7,1,32
static_team,25,412,1,0,0,0,0,50
corpus_mesh,25,412,1,0,0,0,0,75
single,25,413,1,0,0,0,0,25
reflection,25,413,1,0,7,7,0,32
static_team,25,413,1,0,0,0,0,50
corpus_mesh,25,413,1,0,0,0,0,77
single,25,414,1,0,0,0,0,25
reflection,25,414,0,1,7,5,1,32
static_team,25,414,1,0,0,0,0,50
corpus_mesh,25,414,1,0,0,0,0,77
single,25,415,1,0,0,0,0,25
reflection,25,415,1,0,11,11,0,36
static_team,25,415,1,2,2,2,0,52
corpus_mesh,25,415,1,1,1,1,0,77
single,25,416,1,0,0,0,0,25
reflection,25,416,1,0,5,5,0,30
static_team,25,416,1,1,1,1,0,52
corpus_mesh,25,416,1,1,1,1,0,77
single,25,417,1,0,0,0,0,25
reflection,25,417,1,0,6,6,0,31
static_team,25,417,1,1,1,1,0,51
corpus_mesh,25,417,1,0,0,0,0,79
single,25,418,1,0,0,0,0,25
reflection,25,418,1,1,11,11,0,36
static_team,25,418,1,1,1,1,0,51
corpus_mesh,25,418,1,1,1,1,0,77
single,25,419,0,1,0,0,1,25
reflection,25,419,1,0,5,5,0,30
static_team,25,419,1,0,0,0,0,50
corpus_mesh,25,419,1,1,1,1,0,77
single,25,420,1,0,0,0,0,25
reflection,25,420,1,0,2,2,0,27
static_team,25,420,1,0,0,0,0,50
corpus_mesh,25,420,1,0,0,0,0,75
single,25,421,1,0,0,0,0,25
reflection,25,421,1,0,10,10,0,35
static_team,25,421,1,0,0,0,0,50
corpus_mesh,25,421,1,0,0,0,0,75
single,25,422,1,0,0,0,0,25
reflection,25,422,0,1,10,10,1,35
static_team,25,422,1,0,0,0,0,50
corpus_mesh,25,422,1,0,0,0,0,75
single,25,423,1,0,0,0,0,25
reflection,25,423,1,1,10,10,0,35
static_team,25,423,1,2,2,2,0,52
corpus_mesh,25,423,1,0,0,0,0,75
single,25,424,1,0,0,0,0,25
reflection,25,424,1,1,13,13,0,38
static_team,25,424,1,0,0,0,0,50
corpus_mesh,25,424,1,2,2,2,0,79
single,25,425,1,0,0,0,0,25
reflection,25,425,1,0,5,5,0,30
static_team,25,425,1,0,0,0,0,50
corpus_mesh,25,425,1,0,0,0,0,77
single,25,426,1,0,0,0,0,25
reflection,25,426,1,0,4,4,0,29
static_team,25,426,1,0,0,0,0,50
corpus_mesh,25,426,1,0,0,0,0,75
single,25,427,1,0,0,0,0,25
reflection,25,427,1,0,4,4,0,29
static_team,25,427,1,1,1,1,0,51
corpus_mesh,25,427,1,0,0,0,0,75
single,25,428,0,1,0,0,1,25
reflection,25,428,1,0,9,9,0,34
static_team,25,428,1,0,0,0,0,50
corpus_mesh,25,428,1,0,0,0,0,75
single,25,429,0,1,0,0,1,25
reflection,25,429,0,1,2,2,1,27
static_team,25,429,1,0,0,0,0,50
corpus_mesh,25,429,1,0,0,0,0,75
single,25,430,1,0,0,0,0,25
reflection,25,430,1,0,4,4,0,29
static_team,25,430,1,0,0,0,0,51
corpus_mesh,25,430,1,0,0,0,0,75
single,25,431,0,1,0,0,1,25
reflection,25,431,1,0,5,5,0,30
static_team,25,431,1,1,1,1,0,51
corpus_mesh,25,431,1,0,0,0,0,77
single,25,432,1,0,0,0,0,25
reflection,25,432,1,0,7,7,0,32
static_team,25,432,1,1,1,1,0,51
corpus_mesh,25,432,1,1,1,1,0,79
single,25,433,1,0,0,0,0,25
reflection,25,433,1,1,9,9,0,34
static_team,25,433,1,0,0,0,0,50
corpus_mesh,25,433,1,1,1,1,0,79
single,25,434,1,0,0,0,0,25
reflection,25,434,1,1,6,6,0,31
static_team,25,434,1,0,0,0,0,50
corpus_mesh,25,434,0,0,0,0,1,77
single,25,435,1,0,0,0,0,25
reflection,25,435,0,2,7,7,1,32
static_team,25,435,1,0,0,0,0,50
corpus_mesh,25,435,1,0,0,0,0,75
single,25,436,0,1,0,0,1,25
reflection,25,436,1,0,5,5,0,30
static_team,25,436,0,0,0,0,1,51
corpus_mesh,25,436,1,0,0,0,0,75
single,25,437,0,1,0,0,1,25
reflection,25,437,1,1,9,9,0,34
static_team,25,437,1,1,1,1,0,51
corpus_mesh,25,437,1,1,1,1,0,79
single,25,438,0,1,0,0,1,25
reflection,25,438,0,1,5,5,1,30
static_team,25,438,1,0,0,0,0,51
corpus_mesh,25,438,1,0,0,0,0,75
single,25,439,1,0,0,0,0,25
reflection,25,439,1,0,6,6,0,31
static_team,25,439,1,0,0,0,0,50
corpus_mesh,25,439,1,0,0,0,0,75
single,25,440,1,0,0,0,0,25
reflection,25,440,1,0,3,3,0,28
static_team,25,440,1,0,0,0,0,50
corpus_mesh,25,440,1,0,0,0,0,75
single,25,441,1,0,0,0,0,25
reflection,25,441,1,0,7,7,0,32
static_team,25,441,1,1,1,1,0,51
corpus_mesh,25,441,1,0,0,0,0,75
single,25,442,1,0,0,0,0,25
reflection,25,442,1,0,6,6,0,31
static_team,25,442,1,0,0,0,0,50
corpus_mesh,25,442,1,0,0,0,0,75
single,25,443,1,0,0,0,0,25
reflection,25,443,1,0,6,6,0,31
static_team,25,443,1,0,0,0,0,50
corpus_mesh,25,443,1,0,0,0,0,75
single,25,444,1,0,0,0,0,25
reflection,25,444,0,1,7,7,1,32
static_team,25,444,1,1,1,1,0,51
corpus_mesh,25,444,1,1,1,1,0,81
single,25,445,1,0,0,0,0,25
reflection,25,445,1,0,4,4,0,29
static_team,25,445,1,0,0,0,0,50
corpus_mesh,25,445,1,1,1,1,0,77
single,25,446,1,0,0,0,0,25
reflection,25,446,1,1,9,9,0,34
static_team,25,446,1,1,1,1,0,51
corpus_mesh,25,446,1,0,0,0,0,75
single,25,447,1,0,0,0,0,25
reflection,25,447,1,0,4,4,0,29
static_team,25,447,1,0,0,0,0,50
corpus_mesh,25,447,1,0,0,0,0,75
single,25,448,1,0,0,0,0,25
reflection,25,448,1,0,6,6,0,31
static_team,25,448,1,1,1,1,0,51
corpus_mesh,25,448,0,1,1,1,1,79
single,25,449,1,0,0,0,0,25
reflection,25,449,0,1,6,6,1,31
static_team,25,449,1,0,0,0,0,50
corpus_mesh,25,449,1,0,0,0,0,75
single,25,450,0,1,0,0,1,25
reflection,25,450,1,1,9,9,0,34
static_team,25,450,1,1,1,1,0,51
corpus_mesh,25,450,1,0,0,0,0,75
single,25,451,1,0,0,0,0,25
reflection,25,451,1,1,4,4,0,29
static_team,25,451,1,0,0,0,0,50
corpus_mesh,25,451,1,1,1,1,0,77
single,25,452,0,1,0,0,1,25
reflection,25,452,1,1,8,8,0,33
static_team,25,452,1,1,1,1,0,51
corpus_mesh,25,452,1,0,0,0,0,77
single,25,453,1,0,0,0,0,25
reflection,25,453,1,0,7,7,0,32
static_team,25,453,1,1,1,1,0,51
corpus_mesh,25,453,1,0,0,0,0,75
single,25,454,1,0,0,0,0,25
reflection,25,454,1,0,5,5,0,30
static_team,25,454,1,0,0,0,0,50
corpus_mesh,25,454,1,0,0,0,0,75
single,25,455,1,0,0,0,0,25
reflection,25,455,1,0,9,9,0,34
static_team,25,455,1,0,0,0,0,50
corpus_mesh,25,455,1,1,1,1,0,77
single,25,456,1,0,0,0,0,25
reflection,25,456,0,2,8,8,1,33
static_team,25,456,1,2,2,2,0,52
corpus_mesh,25,456,1,1,1,1,0,79
single,25,457,0,1,0,0,1,25
reflection,25,457,1,0,8,8,0,33
static_team,25,457,1,0,0,0,0,50
corpus_mesh,25,457,0,0,0,0,1,77
single,25,458,0,1,0,0,1,25
reflection,25,458,1,0,5,5,0,30
static_team,25,458,1,0,0,0,0,50
corpus_mesh,25,458,1,0,0,0,0,77
single,25,459,1,0,0,0,0,25
reflection,25,459,1,0,7,7,0,32
static_team,25,459,1,0,0,0,0,50
corpus_mesh,25,459,1,0,0,0,0,77
single,25,460,1,0,0,0,0,25
reflection,25,460,1,1,9,9,0,34
static_team,25,460,1,0,0,0,0,50
corpus_mesh,25,460,1,0,0,0,0,77
single,25,461,0,1,0,0,1,25
reflection,25,461,1,1,7,7,0,32
static_team,25,461,1,0,0,0,0,50
corpus_mesh,25,461,1,0,0,0,0,77
single,25,462,1,0,0,0,0,25
reflection,25,462,1,0,6,6,0,31
static_team,25,462,1,0,0,0,0,50
corpus_mesh,25,462,1,1,1,1,0,77
single,25,463,1,0,0,0,0,25
reflection,25,463,1,0,7,7,0,32
static_team,25,463,1,0,0,0,0,50
corpus_mesh,25,463,1,0,0,0,0,77
single,25,464,1,0,0,0,0,25
reflection,25,464,0,0,7,6,1,32
static_team,25,464,1,0,0,0,0,50
corpus_mesh,25,464,1,1,1,1,0,77
single,25,465,1,0,0,0,0,25
reflection,25,465,0,2,8,8,1,33
static_team,25,465,1,1,1,1,0,51
corpus_mesh,25,465,1,1,1,1,0,77
single,25,466,1,0,0,0,0,25
reflection,25,466,1,1,5,5,0,30
static_team,25,466,1,1,1,1,0,52
corpus_mesh,25,466,1,0,0,0,0,75
single,25,467,0,1,0,0,1,25
reflection,25,467,0,0,11,10,1,36
static_team,25,467,1,0,0,0,0,50
corpus_mesh,25,467,1,0,0,0,0,75
single,25,468,0,1,0,0,1,25
reflection,25,468,0,0,9,8,1,34
static_team,25,468,1,1,1,1,0,51
corpus_mesh,25,468,1,0,0,0,0,75
single,25,469,0,1,0,0,1,25
reflection,25,469,1,0,6,6,0,31
static_team,25,469,1,1,1,1,0,52
corpus_mesh,25,469,1,1,1,1,0,77
single,25,470,1,0,0,0,0,25
reflection,25,470,1,0,9,9,0,34
static_team,25,470,1,0,0,0,0,50
corpus_mesh,25,470,1,1,1,1,0,77
single,25,471,0,1,0,0,1,25
reflection,25,471,1,0,6,6,0,31
static_team,25,471,1,0,0,0,0,50
corpus_mesh,25,471,1,0,0,0,0,77
single,25,472,1,0,0,0,0,25
reflection,25,472,1,0,6,6,0,31
static_team,25,472,1,0,0,0,0,50
corpus_mesh,25,472,1,0,0,0,0,75
single,25,473,0,1,0,0,1,25
reflection,25,473,0,2,7,7,1,32
static_team,25,473,1,0,0,0,0,50
corpus_mesh,25,473,1,1,1,1,0,79
single,25,474,1,0,0,0,0,25
reflection,25,474,1,0,5,5,0,30
static_team,25,474,1,2,2,2,0,52
corpus_mesh,25,474,1,0,0,0,0,77
single,25,475,0,2,0,0,1,25
reflection,25,475,1,0,5,5,0,30
static_team,25,475,1,0,0,0,0,50
corpus_mesh,25,475,1,0,0,0,0,75
single,25,476,1,0,0,0,0,25
reflection,25,476,1,0,9,9,0,34
static_team,25,476,1,0,0,0,0,50
corpus_mesh,25,476,1,0,0,0,0,75
single,25,477,1,0,0,0,0,25
reflection,25,477,0,2,8,8,1,33
static_team,25,477,1,0,0,0,0,50
corpus_mesh,25,477,1,0,0,0,0,77
single,25,478,1,0,0,0,0,25
reflection,25,478,1,0,9,9,0,34
static_team,25,478,1,0,0,0,0,50
corpus_mesh,25,478,1,0,0,0,0,75
single,25,479,1,0,0,0,0,25
reflection,25,479,1,0,4,4,0,29
static_team,25,479,1,0,0,0,0,50
corpus_mesh,25,479,1,0,0,0,0,75
single,25,480,1,0,0,0,0,25
reflection,25,480,1,0,4,4,0,29
static_team,25,480,1,0,0,0,0,50
corpus_mesh,25,480,1,0,0,0,0,75
single,25,481,0,1,0,0,1,25
reflection,25,481,1,1,2,2,0,27
static_team,25,481,1,0,0,0,0,50
corpus_mesh,25,481,1,1,1,1,0,77
single,25,482,1,0,0,0,0,25
reflection,25,482,0,1,5,5,1,30
static_team,25,482,1,1,1,1,0,51
corpus_mesh,25,482,1,0,0,0,0,75
single,25,483,0,1,0,0,1,25
reflection,25,483,1,0,7,7,0,32
static_team,25,483,1,1,1,1,0,51
corpus_mesh,25,483,1,1,1,1,0,77
single,25,484,1,0,0,0,0,25
reflection,25,484,1,0,6,6,0,31
static_team,25,484,1,0,0,0,0,50
corpus_mesh,25,484,1,0,0,0,0,75
single,25,485,1,0,0,0,0,25
reflection,25,485,1,1,6,6,0,31
static_team,25,485,1,0,0,0,0,51
corpus_mesh,25,485,1,0,0,0,0,77
single,25,486,0,1,0,0,1,25
reflection,25,486,1,0,5,5,0,30
static_team,25,486,1,0,0,0,0,50
corpus_mesh,25,486,1,0,0,0,0,75
single,25,487,0,1,0,0,1,25
reflection,25,487,0,1,4,4,1,29
static_team,25,487,1,1,1,1,0,51
corpus_mesh,25,487,1,0,0,0,0,75
single,25,488,0,1,0,0,1,25
reflection,25,488,1,0,5,5,0,30
static_team,25,488,1,0,0,0,0,50
corpus_mesh,25,488,1,1,1,1,0,77
single,25,489,1,0,0,0,0,25
reflection,25,489,1,0,4,4,0,29
static_team,25,489,1,0,0,0,0,50
corpus_mesh,25,489,1,0,0,0,0,75
single,25,490,1,0,0,0,0,25
reflection,25,490,0,0,7,6,1,32
static_team,25,490,1,0,0,0,0,50
corpus_mesh,25,490,1,0,0,0,0,77
single,25,491,1,0,0,0,0,25
reflection,25,491,0,1,6,6,1,31
static_team,25,491,1,0,0,0,0,50
corpus_mesh,25,491,1,0,0,0,0,77
single,25,492,1,0,0,0,0,25
reflection,25,492,1,0,6,6,0,31
static_team,25,492,1,0,0,0,0,50
corpus_mesh,25,492,1,0,0,0,0,77
single,25,493,0,1,0,0,1,25
reflection,25,493,1,0,10,10,0,35
static_team,25,493,1,0,0,0,0,51
corpus_mesh,25,493,1,0,0,0,0,75
single,25,494,1,0,0,0,0,25
reflection,25,494,0,1,4,4,1,29
static_team,25,494,1,1,1,1,0,51
corpus_mesh,25,494,1,0,0,0,0,75
single,25,495,1,0,0,0,0,25
reflection,25,495,1,0,6,6,0,31
static_team,25,495,1,1,1,1,0,51
corpus_mesh,25,495,1,0,0,0,0,75
single,25,496,1,0,0,0,0,25
reflection,25,496,0,1,5,5,1,30
static_team,25,496,1,0,0,0,0,50
corpus_mesh,25,496,1,0,0,0,0,75
single,25,497,1,0,0,0,0,25
reflection,25,497,1,0,9,9,0,34
static_team,25,497,1,0,0,0,0,50
corpus_mesh,25,497,1,0,0,0,0,75
single,25,498,1,0,0,0,0,25
reflection,25,498,1,1,6,6,0,31
static_team,25,498,1,1,1,1,0,51
corpus_mesh,25,498,1,0,0,0,0,75
single,25,499,0,1,0,0,1,25
reflection,25,499,1,0,11,11,0,36
static_team,25,499,1,0,0,0,0,51
corpus_mesh,25,499,1,0,0,0,0,75
single,50,0,0,2,0,0,1,50
reflection,50,0,1,0,15,15,0,65
static_team,50,0,1,1,1,1,0,101
corpus_mesh,50,0,1,0,0,0,0,150
single,50,1,1,0,0,0,0,50
reflection,50,1,0,3,12,11,1,62
static_team,50,1,1,0,0,0,0,100
corpus_mesh,50,1,1,0,0,0,0,152
single,50,2,1,0,0,0,0,50
reflection,50,2,1,1,12,12,0,62
static_team,50,2,1,1,1,1,0,101
corpus_mesh,50,2,1,1,1,1,0,154
single,50,3,0,1,0,0,1,50
reflection,50,3,1,0,14,14,0,64
static_team,50,3,1,1,1,1,0,101
corpus_mesh,50,3,1,1,1,1,0,154
single,50,4,1,0,0,0,0,50
reflection,50,4,0,0,14,12,1,64
static_team,50,4,1,3,3,3,0,103
corpus_mesh,50,4,1,0,0,0,0,150
single,50,5,1,0,0,0,0,50
reflection,50,5,0,0,16,15,1,66
static_team,50,5,1,0,0,0,0,100
corpus_mesh,50,5,0,1,1,1,1,158
single,50,6,0,1,0,0,1,50
reflection,50,6,1,0,12,12,0,62
static_team,50,6,1,0,0,0,0,100
corpus_mesh,50,6,1,1,1,1,0,152
single,50,7,1,0,0,0,0,50
reflection,50,7,0,1,18,18,1,68
static_team,50,7,1,1,1,1,0,102
corpus_mesh,50,7,1,2,2,2,0,156
single,50,8,1,0,0,0,0,50
reflection,50,8,1,0,12,12,0,62
static_team,50,8,1,1,1,1,0,101
corpus_mesh,50,8,1,0,0,0,0,150
single,50,9,1,0,0,0,0,50
reflection,50,9,1,0,10,10,0,60
static_team,50,9,1,1,1,1,0,101
corpus_mesh,50,9,1,0,0,0,0,154
single,50,10,0,1,0,0,1,50
reflection,50,10,1,0,13,13,0,63
static_team,50,10,1,0,0,0,0,100
corpus_mesh,50,10,1,1,1,1,0,154
single,50,11,1,0,0,0,0,50
reflection,50,11,0,1,13,11,1,63
static_team,50,11,1,0,0,0,0,100
corpus_mesh,50,11,1,1,1,1,0,154
single,50,12,0,1,0,0,1,50
reflection,50,12,0,1,16,16,1,66
static_team,50,12,1,0,0,0,0,102
corpus_mesh,50,12,1,0,0,0,0,150
single,50,13,1,0,0,0,0,50
reflection,50,13,1,0,11,11,0,61
static_team,50,13,1,0,0,0,0,100
corpus_mesh,50,13,1,1,1,1,0,152
single,50,14,1,0,0,0,0,50
reflection,50,14,1,0,9,9,0,59
static_team,50,14,1,0,0,0,0,100
corpus_mesh,50,14,1,1,1,1,0,154
single,50,15,1,0,0,0,0,50
reflection,50,15,0,2,15,14,1,65
static_team,50,15,1,0,0,0,0,101
corpus_mesh,50,15,1,0,0,0,0,152
single,50,16,1,0,0,0,0,50
reflection,50,16,0,1,15,13,1,65
static_team,50,16,1,1,1,1,0,101
corpus_mesh,50,16,1,4,4,4,0,158
single,50,17,1,0,0,0,0,50
reflection,50,17,0,1,14,13,1,64
static_team,50,17,1,1,1,1,0,101
corpus_mesh,50,17,1,1,1,1,0,152
single,50,18,1,0,0,0,0,50
reflection,50,18,1,1,17,17,0,67
static_team,50,18,1,0,0,0,0,101
corpus_mesh,50,18,1,0,0,0,0,150
single,50,19,0,1,0,0,1,50
reflection,50,19,0,1,13,13,1,63
static_team,50,19,1,0,0,0,0,100
corpus_mesh,50,19,1,2,2,2,0,156
single,50,20,1,0,0,0,0,50
reflection,50,20,0,1,9,9,1,59
static_team,50,20,1,1,1,1,0,101
corpus_mesh,50,20,1,1,1,1,0,152
single,50,21,1,0,0,0,0,50
reflection,50,21,1,0,10,10,0,60
static_team,50,21,1,0,0,0,0,100
corpus_mesh,50,21,1,1,1,1,0,152
single,50,22,1,0,0,0,0,50
reflection,50,22,1,0,10,10,0,60
static_team,50,22,1,1,1,1,0,101
corpus_mesh,50,22,1,2,2,2,0,158
single,50,23,0,2,0,0,1,50
reflection,50,23,0,2,11,11,1,61
static_team,50,23,1,0,0,0,0,100
corpus_mesh,50,23,1,4,4,4,0,158
single,50,24,0,1,0,0,1,50
reflection,50,24,0,1,15,15,1,65
static_team,50,24,0,1,0,0,1,100
corpus_mesh,50,24,1,2,2,1,0,156
single,50,25,0,1,0,0,1,50
reflection,50,25,1,0,6,6,0,56
static_team,50,25,1,0,0,0,0,100
corpus_mesh,50,25,1,0,0,0,0,150
single,50,26,1,0,0,0,0,50
reflection,50,26,1,0,14,14,0,64
static_team,50,26,1,2,2,2,0,103
corpus_mesh,50,26,1,2,2,2,0,156
single,50,27,1,0,0,0,0,50
reflection,50,27,1,0,14,14,0,64
static_team,50,27,1,2,2,2,0,102
corpus_mesh,50,27,1,0,0,0,0,152
single,50,28,1,0,0,0,0,50
reflection,50,28,0,1,10,10,1,60
static_team,50,28,1,0,0,0,0,100
corpus_mesh,50,28,1,0,0,0,0,154
single,50,29,0,1,0,0,1,50
reflection,50,29,0,0,16,15,1,66
static_team,50,29,1,1,1,1,0,102
corpus_mesh,50,29,1,0,0,0,0,150
single,50,30,1,0,0,0,0,50
reflection,50,30,0,3,13,13,1,63
static_team,50,30,1,1,1,1,0,101
corpus_mesh,50,30,1,0,0,0,0,150
single,50,31,1,2,0,0,0,50
reflection,50,31,0,2,21,21,1,71
static_team,50,31,1,2,2,2,0,103
corpus_mesh,50,31,1,0,0,0,0,152
single,50,32,0,1,0,0,1,50
reflection,50,32,1,0,12,12,0,62
static_team,50,32,1,0,0,0,0,100
corpus_mesh,50,32,1,1,1,1,0,154
single,50,33,0,1,0,0,1,50
reflection,50,33,0,0,10,9,1,60
static_team,50,33,1,0,0,0,0,100
corpus_mesh,50,33,1,1,1,1,0,152
single,50,34,1,0,0,0,0,50
reflection,50,34,0,1,10,10,1,60
static_team,50,34,1,1,1,1,0,101
corpus_mesh,50,34,1,0,0,0,0,150
single,50,35,0,1,0,0,1,50
reflection,50,35,0,0,13,12,1,63
static_team,50,35,1,1,1,1,0,101
corpus_mesh,50,35,1,0,0,0,0,150
single,50,36,1,0,0,0,0,50
reflection,50,36,0,1,15,15,1,65
static_team,50,36,1,0,0,0,0,101
corpus_mesh,50,36,1,2,2,2,0,160
single,50,37,1,0,0,0,0,50
reflection,50,37,0,2,12,12,1,62
static_team,50,37,0,1,1,0,1,101
corpus_mesh,50,37,1,0,0,0,0,152
single,50,38,1,0,0,0,0,50
reflection,50,38,1,0,13,13,0,63
static_team,50,38,1,1,1,1,0,101
corpus_mesh,50,38,1,1,1,1,0,152
single,50,39,0,1,0,0,1,50
reflection,50,39,1,0,17,17,0,67
static_team,50,39,1,0,0,0,0,101
corpus_mesh,50,39,1,2,2,2,0,156
single,50,40,1,0,0,0,0,50
reflection,50,40,1,1,15,15,0,65
static_team,50,40,1,1,1,1,0,101
corpus_mesh,50,40,1,1,1,1,0,152
single,50,41,0,1,0,0,1,50
reflection,50,41,0,1,9,8,1,59
static_team,50,41,1,2,2,2,0,102
corpus_mesh,50,41,1,0,0,0,0,150
single,50,42,0,1,0,0,1,50
reflection,50,42,0,2,13,12,1,63
static_team,50,42,1,0,0,0,0,101
corpus_mesh,50,42,1,0,0,0,0,150
single,50,43,1,0,0,0,0,50
reflection,50,43,1,0,9,9,0,59
static_team,50,43,1,1,1,1,0,101
corpus_mesh,50,43,1,1,1,1,0,156
single,50,44,0,1,0,0,1,50
reflection,50,44,1,1,16,16,0,66
static_team,50,44,1,2,2,2,0,102
corpus_mesh,50,44,1,2,2,2,0,154
single,50,45,0,1,0,0,1,50
reflection,50,45,0,1,9,9,1,59
static_team,50,45,1,1,1,1,0,101
corpus_mesh,50,45,1,2,2,2,0,156
single,50,46,0,1,0,0,1,50
reflection,50,46,1,0,14,14,0,64
static_team,50,46,1,0,0,0,0,101
corpus_mesh,50,46,1,0,0,0,0,152
single,50,47,0,1,0,0,1,50
reflection,50,47,1,2,12,12,0,62
static_team,50,47,1,1,1,1,0,102
corpus_mesh,50,47,1,2,2,2,0,158
single,50,48,0,1,0,0,1,50
reflection,50,48,1,0,11,11,0,61
static_team,50,48,1,1,1,1,0,101
corpus_mesh,50,48,1,0,0,0,0,154
single,50,49,1,0,0,0,0,50
reflection,50,49,0,1,14,13,1,64
static_team,50,49,1,2,2,2,0,102
corpus_mesh,50,49,1,0,0,0,0,152
single,50,50,0,1,0,0,1,50
reflection,50,50,1,1,17,17,0,67
static_team,50,50,1,0,0,0,0,101
corpus_mesh,50,50,1,0,0,0,0,152
single,50,51,0,1,0,0,1,50
reflection,50,51,1,0,10,10,0,60
static_team,50,51,1,0,0,0,0,101
corpus_mesh,50,51,1,1,1,1,0,154
single,50,52,0,1,0,0,1,50
reflection,50,52,1,1,18,18,0,68
static_team,50,52,1,1,1,1,0,101
corpus_mesh,50,52,1,1,1,1,0,154
single,50,53,1,0,0,0,0,50
reflection,50,53,0,1,10,10,1,60
static_team,50,53,1,1,1,1,0,101
corpus_mesh,50,53,1,2,2,2,0,158
single,50,54,0,1,0,0,1,50
reflection,50,54,0,2,13,12,1,63
static_team,50,54,1,0,0,0,0,100
corpus_mesh,50,54,1,0,0,0,0,150
single,50,55,1,0,0,0,0,50
reflection,50,55,1,0,12,12,0,62
static_team,50,55,1,1,1,1,0,101
corpus_mesh,50,55,1,1,1,1,0,154
single,50,56,0,1,0,0,1,50
reflection,50,56,1,0,13,13,0,63
static_team,50,56,1,1,1,1,0,101
corpus_mesh,50,56,1,0,0,0,0,150
single,50,57,0,1,0,0,1,50
reflection,50,57,0,0,16,15,1,66
static_team,50,57,1,2,2,2,0,102
corpus_mesh,50,57,1,2,2,2,0,154
single,50,58,0,2,0,0,1,50
reflection,50,58,0,1,16,16,1,66
static_team,50,58,1,0,0,0,0,100
corpus_mesh,50,58,1,0,0,0,0,152
single,50,59,0,2,0,0,1,50
reflection,50,59,0,0,14,13,1,64
static_team,50,59,1,0,0,0,0,100
corpus_mesh,50,59,1,4,4,4,0,160
single,50,60,1,0,0,0,0,50
reflection,50,60,1,0,18,18,0,68
static_team,50,60,1,1,1,1,0,101
corpus_mesh,50,60,1,2,2,2,0,156
single,50,61,1,0,0,0,0,50
reflection,50,61,1,0,14,14,0,64
static_team,50,61,1,1,1,1,0,102
corpus_mesh,50,61,1,0,0,0,0,154
single,50,62,1,0,0,0,0,50
reflection,50,62,1,0,14,14,0,64
static_team,50,62,1,0,0,0,0,100
corpus_mesh,50,62,1,1,1,1,0,154
single,50,63,0,1,0,0,1,50
reflection,50,63,1,0,12,12,0,62
static_team,50,63,1,1,1,1,0,101
corpus_mesh,50,63,1,0,0,0,0,152
single,50,64,0,1,0,0,1,50
reflection,50,64,1,0,9,9,0,59
static_team,50,64,1,1,1,1,0,101
corpus_mesh,50,64,1,2,2,2,0,154
single,50,65,0,1,0,0,1,50
reflection,50,65,1,0,9,9,0,59
static_team,50,65,1,0,0,0,0,101
corpus_mesh,50,65,1,1,1,1,0,154
single,50,66,1,0,0,0,0,50
reflection,50,66,0,1,13,13,1,63
static_team,50,66,1,4,4,4,0,104
corpus_mesh,50,66,1,0,0,0,0,150
single,50,67,1,0,0,0,0,50
reflection,50,67,1,1,18,18,0,68
static_team,50,67,1,1,1,1,0,101
corpus_mesh,50,67,1,0,0,0,0,152
single,50,68,1,0,0,0,0,50
reflection,50,68,1,0,10,10,0,60
static_team,50,68,1,0,0,0,0,100
corpus_mesh,50,68,1,2,2,2,0,164
single,50,69,0,2,0,0,1,50
reflection,50,69,1,0,12,12,0,62
static_team,50,69,1,2,2,2,0,103
corpus_mesh,50,69,1,0,0,0,0,150
single,50,70,0,2,0,0,1,50
reflection,50,70,0,2,19,19,1,69
static_team,50,70,1,1,1,1,0,102
corpus_mesh,50,70,1,1,1,1,0,156
single,50,71,1,0,0,0,0,50
reflection,50,71,1,0,14,14,0,64
static_team,50,71,1,1,1,1,0,102
corpus_mesh,50,71,1,2,2,2,0,158
single,50,72,1,0,0,0,0,50
reflection,50,72,0,0,17,16,1,67
static_team,50,72,1,2,2,2,0,103
corpus_mesh,50,72,1,0,0,0,0,150
single,50,73,1,0,0,0,0,50
reflection,50,73,1,0,14,14,0,64
static_team,50,73,1,4,4,4,0,104
corpus_mesh,50,73,1,0,0,0,0,150
single,50,74,0,1,0,0,1,50
reflection,50,74,0,1,15,13,1,65
static_team,50,74,1,2,2,2,0,103
corpus_mesh,50,74,1,1,1,1,0,156
single,50,75,0,1,0,0,1,50
reflection,50,75,1,0,15,15,0,65
static_team,50,75,1,0,0,0,0,100
corpus_mesh,50,75,1,0,0,0,0,150
single,50,76,1,0,0,0,0,50
reflection,50,76,0,3,11,11,1,61
static_team,50,76,1,2,2,2,0,102
corpus_mesh,50,76,1,0,0,0,0,156
single,50,77,1,0,0,0,0,50
reflection,50,77,0,3,18,17,1,68
static_team,50,77,1,0,0,0,0,100
corpus_mesh,50,77,1,2,2,2,0,156
single,50,78,1,0,0,0,0,50
reflection,50,78,1,0,17,17,0,67
static_team,50,78,1,0,0,0,0,101
corpus_mesh,50,78,1,0,0,0,0,150
single,50,79,1,0,0,0,0,50
reflection,50,79,0,1,18,18,1,68
static_team,50,79,1,0,0,0,0,100
corpus_mesh,50,79,1,0,0,0,0,150
single,50,80,0,1,0,0,1,50
reflection,50,80,0,1,11,11,1,61
static_team,50,80,1,0,0,0,0,100
corpus_mesh,50,80,1,1,1,1,0,154
single,50,81,1,0,0,0,0,50
reflection,50,81,0,2,15,15,1,65
static_team,50,81,1,0,0,0,0,101
corpus_mesh,50,81,1,0,0,0,0,152
single,50,82,1,0,0,0,0,50
reflection,50,82,1,0,17,17,0,67
static_team,50,82,1,1,1,1,0,101
corpus_mesh,50,82,1,0,0,0,0,150
single,50,83,0,1,0,0,1,50
reflection,50,83,1,0,15,15,0,65
static_team,50,83,1,1,1,1,0,101
corpus_mesh,50,83,1,0,0,0,0,152
single,50,84,0,1,0,0,1,50
reflection,50,84,0,1,14,14,1,64
static_team,50,84,1,0,0,0,0,100
corpus_mesh,50,84,1,0,0,0,0,150
single,50,85,0,1,0,0,1,50
reflection,50,85,0,0,14,13,1,64
static_team,50,85,1,0,0,0,0,100
corpus_mesh,50,85,1,0,0,0,0,152
single,50,86,0,1,0,0,1,50
reflection,50,86,1,0,13,13,0,63
static_team,50,86,1,2,2,2,0,102
corpus_mesh,50,86,1,0,0,0,0,152
single,50,87,0,1,0,0,1,50
reflection,50,87,1,1,17,17,0,67
static_team,50,87,1,0,0,0,0,100
corpus_mesh,50,87,1,1,1,1,0,154
single,50,88,0,1,0,0,1,50
reflection,50,88,0,1,16,16,1,66
static_team,50,88,1,1,1,1,0,101
corpus_mesh,50,88,1,2,2,2,0,156
single,50,89,0,1,0,0,1,50
reflection,50,89,1,0,15,15,0,65
static_team,50,89,1,2,2,2,0,102
corpus_mesh,50,89,1,2,2,2,0,158
single,50,90,0,1,0,0,1,50
reflection,50,90,0,1,5,5,1,55
static_team,50,90,1,1,1,1,0,101
corpus_mesh,50,90,1,0,0,0,0,152
single,50,91,1,0,0,0,0,50
reflection,50,91,0,2,13,12,1,63
static_team,50,91,1,0,0,0,0,100
corpus_mesh,50,91,1,0,0,0,0,150
single,50,92,1,0,0,0,0,50
reflection,50,92,1,0,16,16,0,66
static_team,50,92,1,0,0,0,0,100
corpus_mesh,50,92,1,0,0,0,0,152
single,50,93,1,0,0,0,0,50
reflection,50,93,0,1,15,15,1,65
static_team,50,93,1,1,1,1,0,103
corpus_mesh,50,93,1,1,1,1,0,156
single,50,94,0,1,0,0,1,50
reflection,50,94,0,1,19,18,1,69
static_team,50,94,1,2,2,2,0,102
corpus_mesh,50,94,1,0,0,0,0,152
single,50,95,0,1,0,0,1,50
reflection,50,95,0,0,17,16,1,67
static_team,50,95,1,2,2,2,0,102
corpus_mesh,50,95,1,0,0,0,0,152
single,50,96,0,1,0,0,1,50
reflection,50,96,1,0,12,12,0,62
static_team,50,96,1,0,0,0,0,100
corpus_mesh,50,96,1,0,0,0,0,150
single,50,97,0,1,0,0,1,50
reflection,50,97,1,1,20,20,0,70
static_team,50,97,1,2,2,2,0,102
corpus_mesh,50,97,1,2,2,2,0,156
single,50,98,0,1,0,0,1,50
reflection,50,98,1,1,16,16,0,66
static_team,50,98,1,0,0,0,0,100
corpus_mesh,50,98,1,1,1,1,0,156
single,50,99,1,0,0,0,0,50
reflection,50,99,1,1,15,14,0,65
static_team,50,99,1,0,0,0,0,100
corpus_mesh,50,99,1,0,0,0,0,152
single,50,100,1,0,0,0,0,50
reflection,50,100,1,0,15,15,0,65
static_team,50,100,1,0,0,0,0,101
corpus_mesh,50,100,1,1,1,1,0,154
single,50,101,0,3,0,0,1,50
reflection,50,101,1,0,17,17,0,67
static_team,50,101,1,1,1,1,0,101
corpus_mesh,50,101,1,0,0,0,0,150
single,50,102,0,1,0,0,1,50
reflection,50,102,1,1,10,10,0,60
static_team,50,102,1,1,1,1,0,101
corpus_mesh,50,102,1,0,0,0,0,150
single,50,103,1,0,0,0,0,50
reflection,50,103,0,0,15,14,1,65
static_team,50,103,1,2,2,2,0,102
corpus_mesh,50,103,1,2,2,2,0,158
single,50,104,0,1,0,0,1,50
reflection,50,104,1,0,18,18,0,68
static_team,50,104,1,0,0,0,0,100
corpus_mesh,50,104,1,2,2,2,0,156
single,50,105,0,1,0,0,1,50
reflection,50,105,0,1,13,13,1,63
static_team,50,105,1,1,1,1,0,102
corpus_mesh,50,105,1,2,2,2,0,158
single,50,106,1,0,0,0,0,50
reflection,50,106,1,1,8,8,0,58
static_team,50,106,1,0,0,0,0,100
corpus_mesh,50,106,1,2,2,2,0,154
single,50,107,1,0,0,0,0,50
reflection,50,107,0,1,14,13,1,64
static_team,50,107,1,2,2,2,0,104
corpus_mesh,50,107,1,1,1,1,0,154
single,50,108,1,0,0,0,0,50
reflection,50,108,1,0,8,8,0,58
static_team,50,108,1,0,0,0,0,100
corpus_mesh,50,108,1,1,1,1,0,152
single,50,109,1,0,0,0,0,50
reflection,50,109,1,0,15,15,0,65
static_team,50,109,1,4,4,4,0,104
corpus_mesh,50,109,1,3,3,3,0,158
single,50,110,1,0,0,0,0,50
reflection,50,110,1,1,16,16,0,66
static_team,50,110,1,2,2,2,0,102
corpus_mesh,50,110,1,0,0,0,0,152
single,50,111,0,3,0,0,1,50
reflection,50,111,0,1,9,9,1,59
static_team,50,111,1,0,0,0,0,100
corpus_mesh,50,111,1,1,1,1,0,154
single,50,112,0,1,0,0,1,50
reflection,50,112,1,0,11,11,0,61
static_team,50,112,1,1,1,1,0,101
corpus_mesh,50,112,1,1,1,1,0,154
single,50,113,1,0,0,0,0,50
reflection,50,113,0,1,13,13,1,63
static_team,50,113,1,0,0,0,0,100
corpus_mesh,50,113,1,0,0,0,0,152
single,50,114,1,0,0,0,0,50
reflection,50,114,0,0,13,12,1,63
static_team,50,114,1,2,2,2,0,103
corpus_mesh,50,114,1,0,0,0,0,152
single,50,115,0,2,0,0,1,50
reflection,50,115,1,0,17,17,0,67
static_team,50,115,1,1,1,1,0,101
corpus_mesh,50,115,1,0,0,0,0,150
single,50,116,0,2,0,0,1,50
reflection,50,116,0,5,17,17,1,67
static_team,50,116,1,0,0,0,0,102
corpus_mesh,50,116,1,0,0,0,0,150
single,50,117,0,2,0,0,1,50
reflection,50,117,1,1,15,15,0,65
static_team,50,117,1,0,0,0,0,100
corpus_mesh,50,117,1,0,0,0,0,150
single,50,118,0,1,0,0,1,50
reflection,50,118,1,0,18,18,0,68
static_team,50,118,1,2,2,2,0,102
corpus_mesh,50,118,1,1,1,1,0,156
single,50,119,0,1,0,0,1,50
reflection,50,119,0,1,11,10,1,61
static_team,50,119,1,0,0,0,0,100
corpus_mesh,50,119,0,1,1,1,1,156
single,50,120,0,1,0,0,1,50
reflection,50,120,0,1,15,15,1,65
static_team,50,120,1,1,1,1,0,101
corpus_mesh,50,120,1,0,0,0,0,154
single,50,121,1,0,0,0,0,50
reflection,50,121,0,1,10,10,1,60
static_team,50,121,1,2,2,2,0,102
corpus_mesh,50,121,1,1,1,1,0,156
single,50,122,1,0,0,0,0,50
reflection,50,122,0,1,14,13,1,64
static_team,50,122,1,0,0,0,0,100
corpus_mesh,50,122,1,0,0,0,0,152
single,50,123,0,2,0,0,1,50
reflection,50,123,0,4,15,15,1,65
static_team,50,123,1,0,0,0,0,100
corpus_mesh,50,123,1,0,0,0,0,150
single,50,124,1,0,0,0,0,50
reflection,50,124,0,2,16,16,1,66
static_team,50,124,1,1,1,1,0,101
corpus_mesh,50,124,1,1,1,1,0,152
single,50,125,1,0,0,0,0,50
reflection,50,125,1,0,13,13,0,63
static_team,50,125,1,0,0,0,0,100
corpus_mesh,50,125,1,0,0,0,0,154
single,50,126,1,0,0,0,0,50
reflection,50,126,0,2,16,16,1,66
static_team,50,126,1,0,0,0,0,100
corpus_mesh,50,126,1,0,0,0,0,150
single,50,127,1,0,0,0,0,50
reflection,50,127,1,0,13,13,0,63
static_team,50,127,1,2,2,2,0,102
corpus_mesh,50,127,1,0,0,0,0,156
single,50,128,0,1,0,0,1,50
reflection,50,128,1,0,19,19,0,69
static_team,50,128,1,0,0,0,0,100
corpus_mesh,50,128,1,0,0,0,0,156
single,50,129,1,0,0,0,0,50
reflection,50,129,1,0,6,6,0,56
static_team,50,129,1,0,0,0,0,100
corpus_mesh,50,129,1,2,2,2,0,154
single,50,130,0,3,0,0,1,50
reflection,50,130,0,2,10,10,1,60
static_team,50,130,1,1,1,1,0,101
corpus_mesh,50,130,1,1,1,1,0,152
single,50,131,0,1,0,0,1,50
reflection,50,131,0,1,15,15,1,65
static_team,50,131,1,0,0,0,0,100
corpus_mesh,50,131,1,0,0,0,0,152
single,50,132,1,0,0,0,0,50
reflection,50,132,0,1,11,11,1,61
static_team,50,132,1,0,0,0,0,100
corpus_mesh,50,132,1,1,1,1,0,154
single,50,133,0,1,0,0,1,50
reflection,50,133,1,1,13,13,0,63
static_team,50,133,1,0,0,0,0,100
corpus_mesh,50,133,1,0,0,0,0,152
single,50,134,0,1,0,0,1,50
reflection,50,134,0,0,17,16,1,67
static_team,50,134,1,0,0,0,0,100
corpus_mesh,50,134,1,0,0,0,0,152
single,50,135,0,1,0,0,1,50
reflection,50,135,1,0,15,15,0,65
static_team,50,135,1,0,0,0,0,100
corpus_mesh,50,135,1,1,1,1,0,154
single,50,136,0,1,0,0,1,50
reflection,50,136,0,2,17,17,1,67
static_team,50,136,1,0,0,0,0,100
corpus_mesh,50,136,1,1,1,1,0,156
single,50,137,0,2,0,0,1,50
reflection,50,137,1,0,11,11,0,61
static_team,50,137,0,1,1,0,1,101
corpus_mesh,50,137,1,3,3,3,0,156
single,50,138,1,0,0,0,0,50
reflection,50,138,0,0,15,14,1,65
static_team,50,138,1,3,3,3,0,103
corpus_mesh,50,138,1,3,3,3,0,156
single,50,139,1,0,0,0,0,50
reflection,50,139,0,2,14,14,1,64
static_team,50,139,1,2,2,2,0,102
corpus_mesh,50,139,1,1,1,1,0,154
single,50,140,0,1,0,0,1,50
reflection,50,140,0,1,13,13,1,63
static_team,50,140,1,0,0,0,0,101
corpus_mesh,50,140,1,1,1,1,0,154
single,50,141,0,2,0,0,1,50
reflection,50,141,1,0,12,12,0,62
static_team,50,141,1,0,0,0,0,100
corpus_mesh,50,141,1,0,0,0,0,150
single,50,142,0,2,0,0,1,50
reflection,50,142,1,0,17,17,0,67
static_team,50,142,1,0,0,0,0,100
corpus_mesh,50,142,1,2,2,2,0,154
single,50,143,1,0,0,0,0,50
reflection,50,143,0,1,12,12,1,62
static_team,50,143,1,1,1,1,0,101
corpus_mesh,50,143,1,1,1,1,0,154
single,50,144,0,1,0,0,1,50
reflection,50,144,1,2,9,9,0,59
static_team,50,144,1,0,0,0,0,100
corpus_mesh,50,144,1,0,0,0,0,150
single,50,145,0,1,0,0,1,50
reflection,50,145,1,2,16,16,0,66
static_team,50,145,1,0,0,0,0,100
corpus_mesh,50,145,1,0,0,0,0,152
single,50,146,1,0,0,0,0,50
reflection,50,146,1,0,16,16,0,66
static_team,50,146,1,0,0,0,0,100
corpus_mesh,50,146,1,0,0,0,0,150
single,50,147,0,2,0,0,1,50
reflection,50,147,0,2,13,12,1,63
static_team,50,147,1,2,2,2,0,102
corpus_mesh,50,147,1,0,0,0,0,152
single,50,148,1,0,0,0,0,50
reflection,50,148,1,0,14,14,0,64
static_team,50,148,1,1,1,1,0,101
corpus_mesh,50,148,1,1,1,1,0,154
single,50,149,0,2,0,0,1,50
reflection,50,149,1,0,17,17,0,67
static_team,50,149,1,0,0,0,0,100
corpus_mesh,50,149,1,1,1,1,0,154
single,50,150,0,1,0,0,1,50
reflection,50,150,1,0,10,10,0,60
static_team,50,150,1,1,1,1,0,101
corpus_mesh,50,150,1,1,1,1,0,154
single,50,151,1,0,0,0,0,50
reflection,50,151,1,1,10,10,0,60
static_team,50,151,1,0,0,0,0,101
corpus_mesh,50,151,1,1,1,1,0,154
single,50,152,0,1,0,0,1,50
reflection,50,152,1,1,18,18,0,68
static_team,50,152,1,0,0,0,0,100
corpus_mesh,50,152,1,0,0,0,0,154
single,50,153,0,1,0,0,1,50
reflection,50,153,0,2,14,13,1,64
static_team,50,153,1,2,2,2,0,103
corpus_mesh,50,153,1,1,1,1,0,154
single,50,154,0,3,0,0,1,50
reflection,50,154,1,0,21,21,0,71
static_team,50,154,1,2,1,0,2,101
corpus_mesh,50,154,1,2,2,2,0,154
single,50,155,1,0,0,0,0,50
reflection,50,155,0,1,15,15,1,65
static_team,50,155,1,1,1,1,0,101
corpus_mesh,50,155,1,1,1,1,0,152
single,50,156,1,0,0,0,0,50
reflection,50,156,1,0,10,10,0,60
static_team,50,156,1,2,2,2,0,102
corpus_mesh,50,156,1,0,0,0,0,152
single,50,157,0,1,0,0,1,50
reflection,50,157,0,1,19,18,1,69
static_team,50,157,1,1,1,1,0,101
corpus_mesh,50,157,1,3,3,3,0,158
single,50,158,0,1,0,0,1,50
reflection,50,158,1,0,17,17,0,67
static_team,50,158,1,1,1,1,0,102
corpus_mesh,50,158,1,1,1,1,0,156
single,50,159,0,1,0,0,1,50
reflection,50,159,0,3,11,10,1,61
static_team,50,159,1,3,3,3,0,104
corpus_mesh,50,159,1,1,1,1,0,156
single,50,160,1,0,0,0,0,50
reflection,50,160,0,1,11,10,1,61
static_team,50,160,1,0,0,0,0,100
corpus_mesh,50,160,1,0,0,0,0,152
single,50,161,1,0,0,0,0,50
reflection,50,161,1,0,19,19,0,69
static_team,50,161,1,1,1,1,0,101
corpus_mesh,50,161,1,1,1,1,0,152
single,50,162,1,0,0,0,0,50
reflection,50,162,0,1,16,16,1,66
static_team,50,162,1,1,1,1,0,101
corpus_mesh,50,162,1,0,0,0,0,152
single,50,163,1,0,0,0,0,50
reflection,50,163,1,0,16,16,0,66
static_team,50,163,1,0,0,0,0,100
corpus_mesh,50,163,1,1,1,1,0,152
single,50,164,1,0,0,0,0,50
reflection,50,164,0,1,14,12,1,64
static_team,50,164,1,0,0,0,0,100
corpus_mesh,50,164,1,0,0,0,0,152
single,50,165,1,0,0,0,0,50
reflection,50,165,0,1,9,9,1,59
static_team,50,165,1,0,0,0,0,100
corpus_mesh,50,165,1,2,2,2,0,156
single,50,166,0,1,0,0,1,50
reflection,50,166,1,1,23,23,0,73
static_team,50,166,1,0,0,0,0,100
corpus_mesh,50,166,1,1,1,1,0,154
single,50,167,0,1,0,0,1,50
reflection,50,167,1,0,18,18,0,68
static_team,50,167,1,0,0,0,0,100
corpus_mesh,50,167,1,1,1,1,0,152
single,50,168,1,0,0,0,0,50
reflection,50,168,1,2,11,11,0,61
static_team,50,168,1,1,1,1,0,101
corpus_mesh,50,168,1,1,1,1,0,156
single,50,169,1,0,0,0,0,50
reflection,50,169,1,0,10,10,0,60
static_team,50,169,1,1,1,1,0,101
corpus_mesh,50,169,1,0,0,0,0,150
single,50,170,0,1,0,0,1,50
reflection,50,170,1,1,18,18,0,68
static_team,50,170,1,0,0,0,0,101
corpus_mesh,50,170,1,0,0,0,0,152
single,50,171,1,0,0,0,0,50
reflection,50,171,0,2,14,14,1,64
static_team,50,171,1,1,1,1,0,101
corpus_mesh,50,171,1,1,1,1,0,152
single,50,172,0,1,0,0,1,50
reflection,50,172,1,0,14,14,0,64
static_team,50,172,1,0,0,0,0,100
corpus_mesh,50,172,1,1,1,1,0,152
single,50,173,1,0,0,0,0,50
reflection,50,173,1,0,17,17,0,67
static_team,50,173,1,0,0,0,0,100
corpus_mesh,50,173,1,0,0,0,0,150
single,50,174,0,1,0,0,1,50
reflection,50,174,0,1,16,15,1,66
static_team,50,174,1,1,1,1,0,101
corpus_mesh,50,174,1,0,0,0,0,150
single,50,175,1,0,0,0,0,50
reflection,50,175,1,0,18,18,0,68
static_team,50,175,1,0,0,0,0,100
corpus_mesh,50,175,1,1,1,1,0,152
single,50,176,0,2,0,0,1,50
reflection,50,176,1,0,21,21,0,71
static_team,50,176,1,0,0,0,0,100
corpus_mesh,50,176,1,1,1,1,0,156
single,50,177,1,2,0,0,0,50
reflection,50,177,0,1,20,19,1,70
static_team,50,177,1,0,0,0,0,101
corpus_mesh,50,177,1,0,0,0,0,150
single,50,178,1,0,0,0,0,50
reflection,50,178,1,0,15,15,0,65
static_team,50,178,1,0,0,0,0,101
corpus_mesh,50,178,1,1,1,1,0,152
single,50,179,0,1,0,0,1,50
reflection,50,179,1,0,11,11,0,61
static_team,50,179,1,2,2,2,0,102
corpus_mesh,50,179,1,3,3,3,0,158
single,50,180,0,1,0,0,1,50
reflection,50,180,1,1,14,14,0,64
static_team,50,180,1,1,1,1,0,101
corpus_mesh,50,180,1,1,1,1,0,154
single,50,181,0,2,0,0,1,50
reflection,50,181,1,0,9,9,0,59
static_team,50,181,1,0,0,0,0,100
corpus_mesh,50,181,1,0,0,0,0,152
single,50,182,1,0,0,0,0,50
reflection,50,182,1,0,17,17,0,67
static_team,50,182,1,1,1,1,0,101
corpus_mesh,50,182,1,1,1,1,0,152
single,50,183,1,0,0,0,0,50
reflection,50,183,1,0,15,15,0,65
static_team,50,183,1,0,0,0,0,100
corpus_mesh,50,183,0,1,1,1,1,154
single,50,184,0,1,0,0,1,50
reflection,50,184,1,0,14,14,0,64
static_team,50,184,1,0,0,0,0,100
corpus_mesh,50,184,1,0,0,0,0,152
single,50,185,0,1,0,0,1,50
reflection,50,185,1,0,13,13,0,63
static_team,50,185,1,1,1,1,0,102
corpus_mesh,50,185,1,1,1,1,0,152
single,50,186,1,0,0,0,0,50
reflection,50,186,1,0,10,10,0,60
static_team,50,186,1,1,1,1,0,101
corpus_mesh,50,186,1,0,0,0,0,154
single,50,187,0,1,0,0,1,50
reflection,50,187,0,0,15,14,1,65
static_team,50,187,0,3,3,2,1,103
corpus_mesh,50,187,1,0,0,0,0,150
single,50,188,0,1,0,0,1,50
reflection,50,188,0,3,12,12,1,62
static_team,50,188,1,1,1,1,0,101
corpus_mesh,50,188,1,1,1,1,0,154
single,50,189,1,0,0,0,0,50
reflection,50,189,0,2,8,8,1,58
static_team,50,189,1,1,1,1,0,101
corpus_mesh,50,189,1,1,1,1,0,158
single,50,190,0,1,0,0,1,50
reflection,50,190,1,0,21,21,0,71
static_team,50,190,1,1,1,1,0,102
corpus_mesh,50,190,1,3,3,3,0,156
single,50,191,0,2,0,0,1,50
reflection,50,191,1,0,12,12,0,62
static_team,50,191,1,0,0,0,0,100
corpus_mesh,50,191,1,1,1,1,0,152
single,50,192,1,0,0,0,0,50
reflection,50,192,1,0,12,12,0,62
static_team,50,192,1,2,2,2,0,102
corpus_mesh,50,192,1,1,1,1,0,152
single,50,193,0,1,0,0,1,50
reflection,50,193,0,2,12,12,1,62
static_team,50,193,1,1,1,1,0,101
corpus_mesh,50,193,1,0,0,0,0,150
single,50,194,0,2,0,0,1,50
reflection,50,194,1,1,21,21,0,71
static_team,50,194,1,0,0,0,0,100
corpus_mesh,50,194,1,2,2,2,0,154
single,50,195,0,1,0,0,1,50
reflection,50,195,1,0,16,16,0,66
static_team,50,195,1,0,0,0,0,100
corpus_mesh,50,195,1,1,1,1,0,154
single,50,196,1,0,0,0,0,50
reflection,50,196,1,0,12,12,0,62
static_team,50,196,1,0,0,0,0,100
corpus_mesh,50,196,1,0,0,0,0,150
single,50,197,0,1,0,0,1,50
reflection,50,197,0,2,11,11,1,61
static_team,50,197,1,0,0,0,0,100
corpus_mesh,50,197,1,2,2,2,0,154
single,50,198,0,1,0,0,1,50
reflection,50,198,0,2,13,13,1,63
static_team,50,198,1,1,1,1,0,101
corpus_mesh,50,198,1,2,2,2,0,158
single,50,199,0,2,0,0,1,50
reflection,50,199,0,0,14,13,1,64
static_team,50,199,1,1,1,1,0,101
corpus_mesh,50,199,1,0,0,0,0,152
single,50,200,1,0,0,0,0,50
reflection,50,200,1,1,15,15,0,65
static_team,50,200,1,1,1,1,0,101
corpus_mesh,50,200,1,1,1,1,0,154
single,50,201,1,0,0,0,0,50
reflection,50,201,1,0,20,20,0,70
static_team,50,201,1,1,1,1,0,101
corpus_mesh,50,201,1,1,1,1,0,156
single,50,202,0,1,0,0,1,50
reflection,50,202,1,0,14,14,0,64
static_team,50,202,1,0,0,0,0,101
corpus_mesh,50,202,1,0,0,0,0,150
single,50,203,0,1,0,0,1,50
reflection,50,203,0,1,18,17,1,68
static_team,50,203,1,1,1,1,0,101
corpus_mesh,50,203,1,1,1,1,0,152
single,50,204,1,0,0,0,0,50
reflection,50,204,0,2,9,9,1,59
static_team,50,204,1,2,2,2,0,104
corpus_mesh,50,204,1,0,0,0,0,152
single,50,205,0,1,0,0,1,50
reflection,50,205,1,1,14,14,0,64
static_team,50,205,1,1,1,1,0,101
corpus_mesh,50,205,1,1,1,1,0,154
single,50,206,0,1,0,0,1,50
reflection,50,206,1,2,10,10,0,60
static_team,50,206,1,0,0,0,0,100
corpus_mesh,50,206,1,1,1,1,0,152
single,50,207,0,2,0,0,1,50
reflection,50,207,0,1,14,14,1,64
static_team,50,207,1,3,3,3,0,104
corpus_mesh,50,207,1,3,3,3,0,158
single,50,208,1,0,0,0,0,50
reflection,50,208,1,1,16,16,0,66
static_team,50,208,1,1,1,1,0,101
corpus_mesh,50,208,1,1,1,1,0,152
single,50,209,1,0,0,0,0,50
reflection,50,209,0,2,17,16,1,67
static_team,50,209,1,1,1,1,0,102
corpus_mesh,50,209,1,2,2,2,0,158
single,50,210,0,1,0,0,1,50
reflection,50,210,1,0,22,22,0,72
static_team,50,210,1,0,0,0,0,100
corpus_mesh,50,210,1,0,0,0,0,150
single,50,211,0,1,0,0,1,50
reflection,50,211,0,1,14,14,1,64
static_team,50,211,1,1,1,1,0,101
corpus_mesh,50,211,1,1,1,1,0,154
single,50,212,1,0,0,0,0,50
reflection,50,212,1,1,17,17,0,67
static_team,50,212,1,0,0,0,0,100
corpus_mesh,50,212,1,0,0,0,0,152
single,50,213,0,1,0,0,1,50
reflection,50,213,1,0,9,9,0,59
static_team,50,213,1,1,1,1,0,101
corpus_mesh,50,213,1,1,1,1,0,152
single,50,214,0,1,0,0,1,50
reflection,50,214,1,0,10,10,0,60
static_team,50,214,1,0,0,0,0,100
corpus_mesh,50,214,1,0,0,0,0,152
single,50,215,1,0,0,0,0,50
reflection,50,215,0,2,11,11,1,61
static_team,50,215,1,2,2,2,0,102
corpus_mesh,50,215,1,0,0,0,0,150
single,50,216,0,4,0,0,1,50
reflection,50,216,1,0,15,15,0,65
static_team,50,216,1,1,1,1,0,101
corpus_mesh,50,216,1,2,2,2,0,154
single,50,217,0,1,0,0,1,50
reflection,50,217,1,0,12,12,0,62
static_team,50,217,1,1,1,1,0,101
corpus_mesh,50,217,1,1,1,1,0,152
single,50,218,1,0,0,0,0,50
reflection,50,218,0,0,13,12,1,63
static_team,50,218,1,1,1,1,0,101
corpus_mesh,50,218,1,0,0,0,0,156
single,50,219,0,2,0,0,1,50
reflection,50,219,0,1,10,10,1,60
static_team,50,219,1,0,0,0,0,101
corpus_mesh,50,219,1,1,1,1,0,154
single,50,220,0,1,0,0,1,50
reflection,50,220,1,0,17,17,0,67
static_team,50,220,1,0,0,0,0,100
corpus_mesh,50,220,1,1,1,0,0,152
single,50,221,0,1,0,0,1,50
reflection,50,221,0,2,13,13,1,63
static_team,50,221,1,1,1,1,0,101
corpus_mesh,50,221,1,0,0,0,0,154
single,50,222,0,2,0,0,1,50
reflection,50,222,1,0,19,19,0,69
static_team,50,222,1,1,1,1,0,101
corpus_mesh,50,222,1,0,0,0,0,150
single,50,223,0,4,0,0,1,50
reflection,50,223,1,1,14,13,0,64
static_team,50,223,1,0,0,0,0,100
corpus_mesh,50,223,1,1,1,1,0,152
single,50,224,0,2,0,0,1,50
reflection,50,224,0,1,15,15,1,65
static_team,50,224,1,0,0,0,0,100
corpus_mesh,50,224,1,0,0,0,0,152
single,50,225,1,0,0,0,0,50
reflection,50,225,1,1,14,14,0,64
static_team,50,225,1,1,1,1,0,101
corpus_mesh,50,225,1,3,3,3,0,156
single,50,226,0,2,0,0,1,50
reflection,50,226,1,0,12,12,0,62
static_team,50,226,1,1,1,1,0,101
corpus_mesh,50,226,1,1,1,1,0,154
single,50,227,1,0,0,0,0,50
reflection,50,227,1,1,19,19,0,69
static_team,50,227,1,0,0,0,0,101
corpus_mesh,50,227,1,0,0,0,0,150
single,50,228,1,0,0,0,0,50
reflection,50,228,1,0,13,13,0,63
static_team,50,228,1,1,1,1,0,102
corpus_mesh,50,228,1,0,0,0,0,150
single,50,229,1,0,0,0,0,50
reflection,50,229,0,2,9,9,1,59
static_team,50,229,1,3,3,3,0,103
corpus_mesh,50,229,1,1,1,1,0,154
single,50,230,1,0,0,0,0,50
reflection,50,230,0,1,17,17,1,67
static_team,50,230,1,1,1,1,0,102
corpus_mesh,50,230,1,1,1,1,0,152
single,50,231,1,0,0,0,0,50
reflection,50,231,1,1,13,13,0,63
static_team,50,231,1,0,0,0,0,100
corpus_mesh,50,231,1,1,1,1,0,152
single,50,232,0,1,0,0,1,50
reflection,50,232,0,2,16,16,1,66
static_team,50,232,1,4,4,4,0,104
corpus_mesh,50,232,1,1,1,1,0,154
single,50,233,0,1,0,0,1,50
reflection,50,233,1,0,15,15,0,65
static_team,50,233,1,1,1,1,0,102
corpus_mesh,50,233,1,0,0,0,0,152
single,50,234,1,0,0,0,0,50
reflection,50,234,1,0,13,13,0,63
static_team,50,234,1,0,0,0,0,100
corpus_mesh,50,234,1,0,0,0,0,152
single,50,235,1,0,0,0,0,50
reflection,50,235,0,1,14,14,1,64
static_team,50,235,1,1,1,1,0,101
corpus_mesh,50,235,1,0,0,0,0,152
single,50,236,0,2,0,0,1,50
reflection,50,236,0,0,14,13,1,64
static_team,50,236,1,0,0,0,0,101
corpus_mesh,50,236,1,1,1,1,0,152
single,50,237,1,0,0,0,0,50
reflection,50,237,0,3,8,8,1,58
static_team,50,237,1,0,0,0,0,100
corpus_mesh,50,237,1,0,0,0,0,152
single,50,238,0,1,0,0,1,50
reflection,50,238,0,2,14,14,1,64
static_team,50,238,1,1,1,1,0,101
corpus_mesh,50,238,1,2,2,2,0,154
single,50,239,0,2,0,0,1,50
reflection,50,239,1,1,14,14,0,64
static_team,50,239,1,1,1,1,0,101
corpus_mesh,50,239,1,0,0,0,0,152
single,50,240,0,1,0,0,1,50
reflection,50,240,0,1,12,12,1,62
static_team,50,240,1,3,3,3,0,103
corpus_mesh,50,240,1,1,1,1,0,154
single,50,241,1,0,0,0,0,50
reflection,50,241,1,0,12,12,0,62
static_team,50,241,1,1,1,1,0,101
corpus_mesh,50,241,1,0,0,0,0,150
single,50,242,1,0,0,0,0,50
reflection,50,242,0,3,14,14,1,64
static_team,50,242,1,1,1,1,0,101
corpus_mesh,50,242,1,2,2,2,0,154
single,50,243,0,1,0,0,1,50
reflection,50,243,1,1,15,15,0,65
static_team,50,243,1,0,0,0,0,100
corpus_mesh,50,243,1,1,1,1,0,154
single,50,244,1,2,0,0,0,50
reflection,50,244,1,0,23,23,0,73
static_team,50,244,1,2,2,2,0,103
corpus_mesh,50,244,1,0,0,0,0,152
single,50,245,0,2,0,0,1,50
reflection,50,245,1,1,11,11,0,61
static_team,50,245,1,1,1,1,0,102
corpus_mesh,50,245,1,0,0,0,0,150
single,50,246,1,0,0,0,0,50
reflection,50,246,1,0,12,12,0,62
static_team,50,246,1,0,0,0,0,101
corpus_mesh,50,246,1,1,1,1,0,152
single,50,247,0,2,0,0,1,50
reflection,50,247,1,0,11,11,0,61
static_team,50,247,1,2,2,2,0,102
corpus_mesh,50,247,1,2,2,2,0,156
single,50,248,1,0,0,0,0,50
reflection,50,248,0,1,14,14,1,64
static_team,50,248,1,2,2,2,0,102
corpus_mesh,50,248,1,1,1,1,0,152
single,50,249,1,0,0,0,0,50
reflection,50,249,0,2,9,9,1,59
static_team,50,249,1,0,0,0,0,101
corpus_mesh,50,249,1,0,0,0,0,152
single,50,250,1,0,0,0,0,50
reflection,50,250,0,2,15,15,1,65
static_team,50,250,1,1,1,1,0,102
corpus_mesh,50,250,0,0,0,0,1,152
single,50,251,0,1,0,0,1,50
reflection,50,251,0,0,17,16,1,67
static_team,50,251,1,1,1,1,0,101
corpus_mesh,50,251,1,1,1,1,0,154
single,50,252,0,1,0,0,1,50
reflection,50,252,1,0,10,10,0,60
static_team,50,252,1,0,0,0,0,100
corpus_mesh,50,252,1,0,0,0,0,152
single,50,253,0,2,0,0,1,50
reflection,50,253,1,1,12,12,0,62
static_team,50,253,1,1,1,1,0,102
corpus_mesh,50,253,1,0,0,0,0,150
single,50,254,1,0,0,0,0,50
reflection,50,254,0,1,13,12,1,63
static_team,50,254,1,0,0,0,0,100
corpus_mesh,50,254,1,0,0,0,0,150
single,50,255,0,1,0,0,1,50
reflection,50,255,0,1,11,11,1,61
static_team,50,255,1,1,1,1,0,102
corpus_mesh,50,255,1,2,2,2,0,154
single,50,256,1,0,0,0,0,50
reflection,50,256,1,0,13,13,0,63
static_team,50,256,1,1,1,1,0,101
corpus_mesh,50,256,1,0,0,0,0,150
single,50,257,0,2,0,0,1,50
reflection,50,257,0,4,9,9,1,59
static_team,50,257,1,3,3,3,0,104
corpus_mesh,50,257,1,0,0,0,0,152
single,50,258,1,0,0,0,0,50
reflection,50,258,0,0,16,15,1,66
static_team,50,258,1,1,1,1,0,101
corpus_mesh,50,258,1,1,1,1,0,152
single,50,259,0,4,0,0,1,50
reflection,50,259,0,2,18,18,1,68
static_team,50,259,1,2,2,2,0,102
corpus_mesh,50,259,1,1,1,1,0,154
single,50,260,1,2,0,0,0,50
reflection,50,260,1,0,12,12,0,62
static_team,50,260,1,0,0,0,0,100
corpus_mesh,50,260,1,1,1,1,0,154
single,50,261,1,0,0,0,0,50
reflection,50,261,1,1,14,14,0,64
static_team,50,261,1,1,1,1,0,101
corpus_mesh,50,261,1,0,0,0,0,150
single,50,262,0,1,0,0,1,50
reflection,50,262,1,0,16,16,0,66
static_team,50,262,1,0,0,0,0,100
corpus_mesh,50,262,1,1,1,1,0,154
single,50,263,1,0,0,0,0,50
reflection,50,263,0,1,6,6,1,56
static_team,50,263,1,1,1,1,0,101
corpus_mesh,50,263,1,0,0,0,0,150
single,50,264,0,2,0,0,1,50
reflection,50,264,1,0,10,10,0,60
static_team,50,264,1,0,0,0,0,100
corpus_mesh,50,264,1,1,1,1,0,154
single,50,265,0,1,0,0,1,50
reflection,50,265,0,1,14,13,1,64
static_team,50,265,1,0,0,0,0,100
corpus_mesh,50,265,1,0,0,0,0,152
single,50,266,1,0,0,0,0,50
reflection,50,266,0,1,16,16,1,66
static_team,50,266,1,2,2,2,0,102
corpus_mesh,50,266,1,1,1,1,0,154
single,50,267,1,0,0,0,0,50
reflection,50,267,0,1,15,15,1,65
static_team,50,267,1,1,1,1,0,102
corpus_mesh,50,267,1,2,2,2,0,154
single,50,268,0,2,0,0,1,50
reflection,50,268,0,1,18,17,1,68
static_team,50,268,1,0,0,0,0,100
corpus_mesh,50,268,0,1,1,0,1,152
single,50,269,1,0,0,0,0,50
reflection,50,269,1,0,13,13,0,63
static_team,50,269,1,2,2,2,0,102
corpus_mesh,50,269,1,2,2,2,0,154
single,50,270,0,1,0,0,1,50
reflection,50,270,1,0,14,14,0,64
static_team,50,270,1,1,1,1,0,103
corpus_mesh,50,270,1,1,1,1,0,152
single,50,271,0,2,0,0,1,50
reflection,50,271,1,2,12,12,0,62
static_team,50,271,1,0,0,0,0,100
corpus_mesh,50,271,1,2,2,2,0,154
single,50,272,1,0,0,0,0,50
reflection,50,272,0,1,18,18,1,68
static_team,50,272,0,0,0,0,1,102
corpus_mesh,50,272,1,1,1,1,0,152
single,50,273,1,0,0,0,0,50
reflection,50,273,1,0,12,12,0,62
static_team,50,273,1,1,1,1,0,101
corpus_mesh,50,273,1,1,1,1,0,152
single,50,274,0,1,0,0,1,50
reflection,50,274,1,0,16,16,0,66
static_team,50,274,1,0,0,0,0,101
corpus_mesh,50,274,1,2,2,2,0,156
single,50,275,1,0,0,0,0,50
reflection,50,275,0,1,16,16,1,66
static_team,50,275,1,3,3,3,0,103
corpus_mesh,50,275,1,0,0,0,0,150
single,50,276,1,0,0,0,0,50
reflection,50,276,0,0,16,15,1,66
static_team,50,276,1,1,1,1,0,101
corpus_mesh,50,276,1,2,2,2,0,154
single,50,277,0,2,0,0,1,50
reflection,50,277,1,0,14,14,0,64
static_team,50,277,1,0,0,0,0,100
corpus_mesh,50,277,1,1,1,1,0,154
single,50,278,1,0,0,0,0,50
reflection,50,278,0,1,11,11,1,61
static_team,50,278,1,0,0,0,0,100
corpus_mesh,50,278,1,0,0,0,0,150
single,50,279,1,0,0,0,0,50
reflection,50,279,0,2,16,14,1,66
static_team,50,279,1,1,1,1,0,101
corpus_mesh,50,279,1,2,2,2,0,156
single,50,280,0,1,0,0,1,50
reflection,50,280,0,1,12,12,1,62
static_team,50,280,1,1,1,1,0,102
corpus_mesh,50,280,0,0,0,0,1,152
single,50,281,1,0,0,0,0,50
reflection,50,281,0,1,18,17,1,68
static_team,50,281,1,1,1,1,0,101
corpus_mesh,50,281,1,2,2,2,0,156
single,50,282,1,0,0,0,0,50
reflection,50,282,0,4,12,12,1,62
static_team,50,282,1,1,1,1,0,101
corpus_mesh,50,282,1,0,0,0,0,152
single,50,283,1,0,0,0,0,50
reflection,50,283,0,1,16,16,1,66
static_team,50,283,1,0,0,0,0,100
corpus_mesh,50,283,0,1,1,0,1,154
single,50,284,1,0,0,0,0,50
reflection,50,284,0,1,8,8,1,58
static_team,50,284,1,0,0,0,0,101
corpus_mesh,50,284,1,0,0,0,0,154
single,50,285,1,0,0,0,0,50
reflection,50,285,0,1,9,9,1,59
static_team,50,285,1,0,0,0,0,100
corpus_mesh,50,285,1,1,1,1,0,156
single,50,286,1,0,0,0,0,50
reflection,50,286,1,0,13,13,0,63
static_team,50,286,1,1,1,1,0,101
corpus_mesh,50,286,1,0,0,0,0,152
single,50,287,0,1,0,0,1,50
reflection,50,287,0,1,12,12,1,62
static_team,50,287,1,0,0,0,0,100
corpus_mesh,50,287,1,2,2,2,0,154
single,50,288,0,3,0,0,1,50
reflection,50,288,0,1,13,13,1,63
static_team,50,288,1,2,2,2,0,102
corpus_mesh,50,288,1,1,1,1,0,156
single,50,289,1,2,0,0,0,50
reflection,50,289,0,1,16,16,1,66
static_team,50,289,1,0,0,0,0,100
corpus_mesh,50,289,0,0,0,0,1,154
single,50,290,1,0,0,0,0,50
reflection,50,290,1,3,13,13,0,63
static_team,50,290,1,1,1,1,0,101
corpus_mesh,50,290,1,2,2,2,0,156
single,50,291,1,0,0,0,0,50
reflection,50,291,0,1,13,12,1,63
static_team,50,291,1,0,0,0,0,102
corpus_mesh,50,291,1,1,1,1,0,152
single,50,292,1,0,0,0,0,50
reflection,50,292,0,2,17,17,1,67
static_team,50,292,1,2,2,2,0,102
corpus_mesh,50,292,1,1,1,1,0,152
single,50,293,0,1,0,0,1,50
reflection,50,293,1,0,20,20,0,70
static_team,50,293,1,1,1,1,0,101
corpus_mesh,50,293,1,2,2,2,0,154
single,50,294,1,0,0,0,0,50
reflection,50,294,0,2,10,10,1,60
static_team,50,294,1,0,0,0,0,100
corpus_mesh,50,294,1,1,1,1,0,152
single,50,295,1,0,0,0,0,50
reflection,50,295,0,1,13,13,1,63
static_team,50,295,1,0,0,0,0,100
corpus_mesh,50,295,1,1,1,1,0,156
single,50,296,1,0,0,0,0,50
reflection,50,296,1,0,17,17,0,67
static_team,50,296,1,1,1,1,0,102
corpus_mesh,50,296,1,0,0,0,0,150
single,50,297,0,2,0,0,1,50
reflection,50,297,0,2,8,8,1,58
static_team,50,297,1,2,2,2,0,103
corpus_mesh,50,297,1,2,2,2,0,154
single,50,298,0,1,0,0,1,50
reflection,50,298,0,1,9,8,1,59
static_team,50,298,1,1,1,1,0,101
corpus_mesh,50,298,1,1,1,1,0,154
single,50,299,1,0,0,0,0,50
reflection,50,299,1,1,20,20,0,70
static_team,50,299,1,0,0,0,0,100
corpus_mesh,50,299,1,0,0,0,0,152
single,50,300,0,1,0,0,1,50
reflection,50,300,0,1,14,13,1,64
static_team,50,300,1,0,0,0,0,100
corpus_mesh,50,300,1,1,1,1,0,154
single,50,301,1,0,0,0,0,50
reflection,50,301,0,1,13,13,1,63
static_team,50,301,1,1,1,1,0,101
corpus_mesh,50,301,1,0,0,0,0,154
single,50,302,1,0,0,0,0,50
reflection,50,302,1,0,17,17,0,67
static_team,50,302,1,0,0,0,0,100
corpus_mesh,50,302,1,0,0,0,0,152
single,50,303,0,2,0,0,1,50
reflection,50,303,0,1,18,18,1,68
static_team,50,303,1,0,0,0,0,101
corpus_mesh,50,303,1,1,1,1,0,154
single,50,304,0,2,0,0,1,50
reflection,50,304,0,0,15,14,1,65
static_team,50,304,1,0,0,0,0,100
corpus_mesh,50,304,1,1,1,1,0,152
single,50,305,0,1,0,0,1,50
reflection,50,305,0,1,16,14,1,66
static_team,50,305,1,2,2,2,0,102
corpus_mesh,50,305,1,0,0,0,0,150
single,50,306,0,2,0,0,1,50
reflection,50,306,0,1,15,15,1,65
static_team,50,306,1,0,0,0,0,101
corpus_mesh,50,306,1,0,0,0,0,150
single,50,307,0,1,0,0,1,50
reflection,50,307,0,3,12,12,1,62
static_team,50,307,1,0,0,0,0,101
corpus_mesh,50,307,1,0,0,0,0,150
single,50,308,0,1,0,0,1,50
reflection,50,308,0,1,15,15,1,65
static_team,50,308,1,1,1,1,0,102
corpus_mesh,50,308,1,0,0,0,0,150
single,50,309,1,3,0,0,0,50
reflection,50,309,0,2,15,15,1,65
static_team,50,309,1,1,1,1,0,102
corpus_mesh,50,309,1,0,0,0,0,156
single,50,310,1,0,0,0,0,50
reflection,50,310,0,1,14,14,1,64
static_team,50,310,1,1,1,1,0,101
corpus_mesh,50,310,1,0,0,0,0,154
single,50,311,0,1,0,0,1,50
reflection,50,311,0,1,12,12,1,62
static_team,50,311,1,0,0,0,0,100
corpus_mesh,50,311,1,3,3,3,0,158
single,50,312,0,1,0,0,1,50
reflection,50,312,0,0,13,12,1,63
static_team,50,312,1,1,1,1,0,101
corpus_mesh,50,312,1,0,0,0,0,152
single,50,313,1,0,0,0,0,50
reflection,50,313,0,1,11,11,1,61
static_team,50,313,1,0,0,0,0,100
corpus_mesh,50,313,1,1,1,1,0,152
single,50,314,1,0,0,0,0,50
reflection,50,314,1,0,10,10,0,60
static_team,50,314,1,1,1,1,0,101
corpus_mesh,50,314,1,0,0,0,0,150
single,50,315,1,0,0,0,0,50
reflection,50,315,1,0,18,18,0,68
static_team,50,315,1,0,0,0,0,101
corpus_mesh,50,315,1,3,3,3,0,158
single,50,316,1,0,0,0,0,50
reflection,50,316,0,2,13,13,1,63
static_team,50,316,1,1,1,1,0,102
corpus_mesh,50,316,1,1,1,1,0,152
single,50,317,1,0,0,0,0,50
reflection,50,317,0,2,15,15,1,65
static_team,50,317,1,2,2,2,0,102
corpus_mesh,50,317,1,0,0,0,0,150
single,50,318,0,1,0,0,1,50
reflection,50,318,1,0,15,15,0,65
static_team,50,318,1,1,1,1,0,102
corpus_mesh,50,318,1,0,0,0,0,156
single,50,319,0,1,0,0,1,50
reflection,50,319,0,2,17,17,1,67
static_team,50,319,1,2,2,2,0,103
corpus_mesh,50,319,1,0,0,0,0,154
single,50,320,1,0,0,0,0,50
reflection,50,320,0,2,19,19,1,69
static_team,50,320,1,1,1,1,0,101
corpus_mesh,50,320,0,1,1,1,1,154
single,50,321,0,1,0,0,1,50
reflection,50,321,1,0,14,14,0,64
static_team,50,321,1,2,2,2,0,102
corpus_mesh,50,321,1,0,0,0,0,150
single,50,322,1,0,0,0,0,50
reflection,50,322,1,0,16,16,0,66
static_team,50,322,1,1,1,1,0,102
corpus_mesh,50,322,0,1,1,0,1,152
single,50,323,1,0,0,0,0,50
reflection,50,323,0,1,10,10,1,60
static_team,50,323,1,1,1,1,0,101
corpus_mesh,50,323,1,0,0,0,0,150
single,50,324,0,1,0,0,1,50
reflection,50,324,1,0,19,19,0,69
static_team,50,324,1,2,2,2,0,103
corpus_mesh,50,324,1,1,1,1,0,154
single,50,325,1,0,0,0,0,50
reflection,50,325,0,2,13,12,1,63
static_team,50,325,1,0,0,0,0,101
corpus_mesh,50,325,1,1,1,1,0,152
single,50,326,1,0,0,0,0,50
reflection,50,326,0,1,10,10,1,60
static_team,50,326,1,2,2,2,0,102
corpus_mesh,50,326,1,1,1,1,0,154
single,50,327,1,0,0,0,0,50
reflection,50,327,1,0,15,15,0,65
static_team,50,327,1,1,1,1,0,101
corpus_mesh,50,327,1,1,1,1,0,154
single,50,328,1,0,0,0,0,50
reflection,50,328,1,0,11,11,0,61
static_team,50,328,1,0,0,0,0,100
corpus_mesh,50,328,1,1,1,1,0,154
single,50,329,0,2,0,0,1,50
reflection,50,329,0,2,15,15,1,65
static_team,50,329,1,2,2,2,0,103
corpus_mesh,50,329,1,0,0,0,0,152
single,50,330,0,1,0,0,1,50
reflection,50,330,0,1,12,12,1,62
static_team,50,330,1,0,0,0,0,100
corpus_mesh,50,330,1,0,0,0,0,152
single,50,331,1,0,0,0,0,50
reflection,50,331,1,1,13,13,0,63
static_team,50,331,1,2,2,2,0,102
corpus_mesh,50,331,1,1,1,1,0,152
single,50,332,0,1,0,0,1,50
reflection,50,332,0,2,20,20,1,70
static_team,50,332,1,0,0,0,0,100
corpus_mesh,50,332,1,0,0,0,0,154
single,50,333,1,0,0,0,0,50
reflection,50,333,1,0,16,16,0,66
static_team,50,333,1,1,1,1,0,101
corpus_mesh,50,333,1,0,0,0,0,150
single,50,334,1,0,0,0,0,50
reflection,50,334,1,0,15,15,0,65
static_team,50,334,1,0,0,0,0,100
corpus_mesh,50,334,1,0,0,0,0,150
single,50,335,0,1,0,0,1,50
reflection,50,335,1,0,15,15,0,65
static_team,50,335,1,1,1,1,0,102
corpus_mesh,50,335,1,0,0,0,0,152
single,50,336,0,1,0,0,1,50
reflection,50,336,0,1,14,14,1,64
static_team,50,336,1,0,0,0,0,100
corpus_mesh,50,336,1,2,2,2,0,156
single,50,337,0,3,0,0,1,50
reflection,50,337,0,1,19,18,1,69
static_team,50,337,1,2,2,2,0,103
corpus_mesh,50,337,1,1,1,1,0,156
single,50,338,0,1,0,0,1,50
reflection,50,338,0,1,15,14,1,65
static_team,50,338,1,1,1,1,0,101
corpus_mesh,50,338,1,1,1,1,0,154
single,50,339,0,1,0,0,1,50
reflection,50,339,1,0,17,17,0,67
static_team,50,339,1,0,0,0,0,100
corpus_mesh,50,339,1,0,0,0,0,154
single,50,340,0,1,0,0,1,50
reflection,50,340,0,1,13,12,1,63
static_team,50,340,1,2,2,2,0,102
corpus_mesh,50,340,0,2,2,2,1,156
single,50,341,1,0,0,0,0,50
reflection,50,341,1,2,16,16,0,66
static_team,50,341,1,1,1,1,0,103
corpus_mesh,50,341,1,1,1,1,0,154
single,50,342,0,2,0,0,1,50
reflection,50,342,0,2,10,10,1,60
static_team,50,342,0,1,1,0,1,101
corpus_mesh,50,342,1,0,0,0,0,150
single,50,343,0,1,0,0,1,50
reflection,50,343,0,1,15,15,1,65
static_team,50,343,1,2,2,2,0,102
corpus_mesh,50,343,1,1,1,1,0,152
single,50,344,1,0,0,0,0,50
reflection,50,344,1,0,15,15,0,65
static_team,50,344,1,1,1,1,0,101
corpus_mesh,50,344,1,0,0,0,0,150
single,50,345,1,0,0,0,0,50
reflection,50,345,1,0,8,8,0,58
static_team,50,345,1,1,1,1,0,101
corpus_mesh,50,345,1,1,1,1,0,154
single,50,346,1,0,0,0,0,50
reflection,50,346,0,1,18,18,1,68
static_team,50,346,1,0,0,0,0,101
corpus_mesh,50,346,1,0,0,0,0,150
single,50,347,1,0,0,0,0,50
reflection,50,347,0,3,8,8,1,58
static_team,50,347,1,2,2,2,0,103
corpus_mesh,50,347,1,0,0,0,0,150
single,50,348,0,1,0,0,1,50
reflection,50,348,1,1,16,16,0,66
static_team,50,348,1,1,1,1,0,101
corpus_mesh,50,348,1,1,1,1,0,154
single,50,349,0,1,0,0,1,50
reflection,50,349,1,0,10,10,0,60
static_team,50,349,1,0,0,0,0,100
corpus_mesh,50,349,1,0,0,0,0,150
single,50,350,0,1,0,0,1,50
reflection,50,350,0,1,10,10,1,60
static_team,50,350,1,1,1,1,0,101
corpus_mesh,50,350,1,1,1,1,0,154
single,50,351,0,1,0,0,1,50
reflection,50,351,1,1,16,16,0,66
static_team,50,351,1,0,0,0,0,101
corpus_mesh,50,351,1,0,0,0,0,150
single,50,352,1,0,0,0,0,50
reflection,50,352,1,0,11,11,0,61
static_team,50,352,1,0,0,0,0,100
corpus_mesh,50,352,1,2,2,2,0,154
single,50,353,0,1,0,0,1,50
reflection,50,353,1,0,13,13,0,63
static_team,50,353,1,1,1,1,0,102
corpus_mesh,50,353,1,0,0,0,0,150
single,50,354,0,2,0,0,1,50
reflection,50,354,1,1,17,17,0,67
static_team,50,354,1,1,1,1,0,101
corpus_mesh,50,354,1,1,1,1,0,152
single,50,355,0,1,0,0,1,50
reflection,50,355,1,2,15,15,0,65
static_team,50,355,1,0,0,0,0,100
corpus_mesh,50,355,1,5,5,5,0,160
single,50,356,1,0,0,0,0,50
reflection,50,356,1,0,12,12,0,62
static_team,50,356,1,0,0,0,0,100
corpus_mesh,50,356,1,0,0,0,0,150
single,50,357,1,3,0,0,0,50
reflection,50,357,1,0,10,10,0,60
static_team,50,357,1,0,0,0,0,101
corpus_mesh,50,357,1,0,0,0,0,152
single,50,358,0,1,0,0,1,50
reflection,50,358,0,0,11,10,1,61
static_team,50,358,1,0,0,0,0,101
corpus_mesh,50,358,1,1,1,1,0,154
single,50,359,0,1,0,0,1,50
reflection,50,359,0,1,14,14,1,64
static_team,50,359,1,0,0,0,0,100
corpus_mesh,50,359,0,1,1,0,1,154
single,50,360,1,0,0,0,0,50
reflection,50,360,0,2,17,17,1,67
static_team,50,360,1,0,0,0,0,100
corpus_mesh,50,360,1,0,0,0,0,152
single,50,361,0,1,0,0,1,50
reflection,50,361,1,0,16,16,0,66
static_team,50,361,1,3,3,3,0,103
corpus_mesh,50,361,1,2,2,2,0,156
single,50,362,1,0,0,0,0,50
reflection,50,362,0,2,11,11,1,61
static_team,50,362,1,0,0,0,0,100
corpus_mesh,50,362,0,0,0,0,1,154
single,50,363,0,1,0,0,1,50
reflection,50,363,1,0,15,15,0,65
static_team,50,363,1,1,1,1,0,101
corpus_mesh,50,363,1,0,0,0,0,152
single,50,364,1,0,0,0,0,50
reflection,50,364,1,1,16,16,0,66
static_team,50,364,1,0,0,0,0,100
corpus_mesh,50,364,1,0,0,0,0,154
single,50,365,0,2,0,0,1,50
reflection,50,365,1,0,9,9,0,59
static_team,50,365,1,2,2,2,0,102
corpus_mesh,50,365,1,1,1,1,0,152
single,50,366,0,1,0,0,1,50
reflection,50,366,1,1,14,14,0,64
static_team,50,366,1,1,1,1,0,101
corpus_mesh,50,366,1,0,0,0,0,150
single,50,367,0,1,0,0,1,50
reflection,50,367,0,2,10,10,1,60
static_team,50,367,1,0,0,0,0,100
corpus_mesh,50,367,1,0,0,0,0,154
single,50,368,0,1,0,0,1,50
reflection,50,368,1,1,18,18,0,68
static_team,50,368,1,0,0,0,0,100
corpus_mesh,50,368,1,1,1,1,0,152
single,50,369,1,0,0,0,0,50
reflection,50,369,1,0,10,8,0,60
static_team,50,369,1,0,0,0,0,100
corpus_mesh,50,369,1,0,0,0,0,150
single,50,370,1,0,0,0,0,50
reflection,50,370,0,0,16,15,1,66
static_team,50,370,1,1,1,1,0,101
corpus_mesh,50,370,1,2,2,2,0,156
single,50,371,0,1,0,0,1,50
reflection,50,371,0,2,13,13,1,63
static_team,50,371,1,0,0,0,0,100
corpus_mesh,50,371,1,1,1,1,0,154
single,50,372,0,1,0,0,1,50
reflection,50,372,0,1,11,11,1,61
static_team,50,372,1,1,1,1,0,101
corpus_mesh,50,372,1,0,0,0,0,150
single,50,373,1,0,0,0,0,50
reflection,50,373,0,2,14,13,1,64
static_team,50,373,1,0,0,0,0,100
corpus_mesh,50,373,1,0,0,0,0,152
single,50,374,1,0,0,0,0,50
reflection,50,374,0,3,14,14,1,64
static_team,50,374,1,1,1,1,0,101
corpus_mesh,50,374,1,1,1,1,0,154
single,50,375,0,1,0,0,1,50
reflection,50,375,1,0,14,14,0,64
static_team,50,375,1,1,1,1,0,102
corpus_mesh,50,375,1,0,0,0,0,150
single,50,376,0,1,0,0,1,50
reflection,50,376,0,2,18,18,1,68
static_team,50,376,1,1,1,1,0,103
corpus_mesh,50,376,1,1,1,1,0,156
single,50,377,1,0,0,0,0,50
reflection,50,377,1,1,14,14,0,64
static_team,50,377,1,1,1,1,0,101
corpus_mesh,50,377,1,0,0,0,0,156
single,50,378,0,1,0,0,1,50
reflection,50,378,1,0,8,8,0,58
static_team,50,378,1,1,1,1,0,101
corpus_mesh,50,378,1,0,0,0,0,150
single,50,379,0,3,0,0,1,50
reflection,50,379,0,2,16,15,1,66
static_team,50,379,1,0,0,0,0,101
corpus_mesh,50,379,1,0,0,0,0,150
single,50,380,0,1,0,0,1,50
reflection,50,380,1,1,16,16,0,66
static_team,50,380,1,0,0,0,0,100
corpus_mesh,50,380,1,1,1,1,0,156
single,50,381,1,0,0,0,0,50
reflection,50,381,0,1,17,16,1,67
static_team,50,381,1,1,1,1,0,101
corpus_mesh,50,381,1,1,1,1,0,152
single,50,382,0,4,0,0,1,50
reflection,50,382,1,0,15,15,0,65
static_team,50,382,1,0,0,0,0,100
corpus_mesh,50,382,1,1,1,1,0,152
single,50,383,0,1,0,0,1,50
reflection,50,383,0,1,15,15,1,65
static_team,50,383,1,0,0,0,0,100
corpus_mesh,50,383,1,1,1,1,0,154
single,50,384,1,0,0,0,0,50
reflection,50,384,1,0,12,12,0,62
static_team,50,384,1,0,0,0,0,101
corpus_mesh,50,384,1,2,2,2,0,160
single,50,385,0,1,0,0,1,50
reflection,50,385,0,1,18,18,1,68
static_team,50,385,1,0,0,0,0,100
corpus_mesh,50,385,1,0,0,0,0,152
single,50,386,1,0,0,0,0,50
reflection,50,386,0,2,14,14,1,64
static_team,50,386,1,2,2,2,0,102
corpus_mesh,50,386,0,2,2,1,1,156
single,50,387,1,0,0,0,0,50
reflection,50,387,0,1,15,14,1,65
static_team,50,387,1,1,1,1,0,102
corpus_mesh,50,387,1,0,0,0,0,152
single,50,388,0,1,0,0,1,50
reflection,50,388,0,1,13,13,1,63
static_team,50,388,1,1,1,1,0,101
corpus_mesh,50,388,1,0,0,0,0,152
single,50,389,0,1,0,0,1,50
reflection,50,389,1,0,17,17,0,67
static_team,50,389,1,0,0,0,0,100
corpus_mesh,50,389,1,2,2,2,0,156
single,50,390,0,3,0,0,1,50
reflection,50,390,0,2,15,15,1,65
static_team,50,390,1,2,2,2,0,102
corpus_mesh,50,390,1,0,0,0,0,152
single,50,391,0,1,0,0,1,50
reflection,50,391,0,0,16,15,1,66
static_team,50,391,1,1,1,1,0,101
corpus_mesh,50,391,1,2,2,2,0,154
single,50,392,0,1,0,0,1,50
reflection,50,392,0,1,17,16,1,67
static_team,50,392,1,0,0,0,0,100
corpus_mesh,50,392,1,1,1,1,0,152
single,50,393,1,0,0,0,0,50
reflection,50,393,0,2,13,13,1,63
static_team,50,393,1,1,1,1,0,102
corpus_mesh,50,393,1,1,1,1,0,152
single,50,394,0,2,0,0,1,50
reflection,50,394,1,1,10,10,0,60
static_team,50,394,1,0,0,0,0,100
corpus_mesh,50,394,1,1,1,1,0,154
single,50,395,0,1,0,0,1,50
reflection,50,395,0,1,8,8,1,58
static_team,50,395,1,3,3,3,0,103
corpus_mesh,50,395,1,1,1,1,0,154
single,50,396,1,0,0,0,0,50
reflection,50,396,1,0,16,16,0,66
static_team,50,396,1,0,0,0,0,101
corpus_mesh,50,396,1,0,0,0,0,152
single,50,397,0,2,0,0,1,50
reflection,50,397,1,2,12,12,0,62
static_team,50,397,1,0,0,0,0,100
corpus_mesh,50,397,1,1,1,1,0,158
single,50,398,0,2,0,0,1,50
reflection,50,398,0,4,13,13,1,63
static_team,50,398,1,1,1,1,0,101
corpus_mesh,50,398,1,0,0,0,0,154
single,50,399,1,0,0,0,0,50
reflection,50,399,1,0,7,7,0,57
static_team,50,399,0,0,0,0,1,101
corpus_mesh,50,399,1,1,1,1,0,152
single,50,400,0,1,0,0,1,50
reflection,50,400,0,1,16,16,1,66
static_team,50,400,1,2,2,2,0,103
corpus_mesh,50,400,1,0,0,0,0,154
single,50,401,0,1,0,0,1,50
reflection,50,401,1,0,10,10,0,60
static_team,50,401,1,0,0,0,0,101
corpus_mesh,50,401,1,2,2,2,0,154
single,50,402,1,0,0,0,0,50
reflection,50,402,1,0,12,12,0,62
static_team,50,402,1,2,2,2,0,102
corpus_mesh,50,402,1,0,0,0,0,152
single,50,403,0,1,0,0,1,50
reflection,50,403,0,2,16,16,1,66
static_team,50,403,1,0,0,0,0,100
corpus_mesh,50,403,1,1,1,1,0,162
single,50,404,1,0,0,0,0,50
reflection,50,404,0,0,15,14,1,65
static_team,50,404,1,1,1,1,0,101
corpus_mesh,50,404,1,1,1,1,0,154
single,50,405,0,1,0,0,1,50
reflection,50,405,1,0,10,10,0,60
static_team,50,405,1,5,5,5,0,105
corpus_mesh,50,405,1,1,1,1,0,152
single,50,406,0,1,0,0,1,50
reflection,50,406,1,0,18,18,0,68
static_team,50,406,1,0,0,0,0,100
corpus_mesh,50,406,1,0,0,0,0,152
single,50,407,0,3,0,0,1,50
reflection,50,407,1,0,13,13,0,63
static_team,50,407,1,0,0,0,0,100
corpus_mesh,50,407,1,0,0,0,0,150
single,50,408,0,1,0,0,1,50
reflection,50,408,1,0,12,12,0,62
static_team,50,408,1,1,1,1,0,101
corpus_mesh,50,408,1,0,0,0,0,152
single,50,409,0,2,0,0,1,50
reflection,50,409,1,0,12,12,0,62
static_team,50,409,1,1,1,1,0,101
corpus_mesh,50,409,1,1,1,1,0,154
single,50,410,1,0,0,0,0,50
reflection,50,410,1,1,14,14,0,64
static_team,50,410,1,0,0,0,0,100
corpus_mesh,50,410,1,0,0,0,0,154
single,50,411,0,1,0,0,1,50
reflection,50,411,0,1,14,11,1,64
static_team,50,411,1,2,2,2,0,102
corpus_mesh,50,411,1,0,0,0,0,152
single,50,412,1,0,0,0,0,50
reflection,50,412,1,0,12,12,0,62
static_team,50,412,1,0,0,0,0,100
corpus_mesh,50,412,1,2,2,2,0,156
single,50,413,0,1,0,0,1,50
reflection,50,413,0,0,16,15,1,66
static_team,50,413,1,0,0,0,0,101
corpus_mesh,50,413,1,2,2,2,0,156
single,50,414,1,0,0,0,0,50
reflection,50,414,1,0,15,15,0,65
static_team,50,414,1,0,0,0,0,100
corpus_mesh,50,414,1,1,1,1,0,154
single,50,415,1,0,0,0,0,50
reflection,50,415,0,2,12,11,1,62
static_team,50,415,1,2,2,2,0,102
corpus_mesh,50,415,1,2,2,2,0,158
single,50,416,0,2,0,0,1,50
reflection,50,416,1,1,14,14,0,64
static_team,50,416,1,0,0,0,0,102
corpus_mesh,50,416,1,1,1,1,0,152
single,50,417,0,1,0,0,1,50
reflection,50,417,0,0,12,11,1,62
static_team,50,417,1,0,0,0,0,100
corpus_mesh,50,417,1,0,0,0,0,150
single,50,418,1,0,0,0,0,50
reflection,50,418,1,0,17,17,0,67
static_team,50,418,1,1,1,1,0,102
corpus_mesh,50,418,1,2,2,2,0,158
single,50,419,0,2,0,0,1,50
reflection,50,419,1,0,13,13,0,63
static_team,50,419,1,0,0,0,0,100
corpus_mesh,50,419,1,1,1,1,0,156
single,50,420,0,1,0,0,1,50
reflection,50,420,0,0,16,15,1,66
static_team,50,420,1,2,2,2,0,102
corpus_mesh,50,420,1,1,1,1,0,156
single,50,421,1,0,0,0,0,50
reflection,50,421,1,0,19,19,0,69
static_team,50,421,1,1,1,1,0,101
corpus_mesh,50,421,1,2,2,2,0,154
single,50,422,1,0,0,0,0,50
reflection,50,422,0,1,13,13,1,63
static_team,50,422,1,0,0,0,0,100
corpus_mesh,50,422,1,2,2,2,0,154
single,50,423,0,1,0,0,1,50
reflection,50,423,1,0,16,16,0,66
static_team,50,423,1,0,0,0,0,100
corpus_mesh,50,423,1,2,2,2,0,154
single,50,424,1,0,0,0,0,50
reflection,50,424,0,1,17,17,1,67
static_team,50,424,1,1,1,1,0,103
corpus_mesh,50,424,1,0,0,0,0,150
single,50,425,0,3,0,0,1,50
reflection,50,425,0,1,14,14,1,64
static_team,50,425,1,0,0,0,0,100
corpus_mesh,50,425,1,0,0,0,0,150
single,50,426,0,1,0,0,1,50
reflection,50,426,0,2,21,21,1,71
static_team,50,426,1,1,1,1,0,101
corpus_mesh,50,426,1,0,0,0,0,150
single,50,427,1,0,0,0,0,50
reflection,50,427,0,1,18,16,1,68
static_team,50,427,1,0,0,0,0,100
corpus_mesh,50,427,1,2,2,2,0,158
single,50,428,1,0,0,0,0,50
reflection,50,428,0,1,11,11,1,61
static_team,50,428,1,0,0,0,0,101
corpus_mesh,50,428,1,1,1,1,0,154
single,50,429,0,1,0,0,1,50
reflection,50,429,1,0,15,15,0,65
static_team,50,429,1,0,0,0,0,100
corpus_mesh,50,429,1,1,1,1,0,154
single,50,430,0,1,0,0,1,50
reflection,50,430,1,0,18,18,0,68
static_team,50,430,1,2,2,2,0,102
corpus_mesh,50,430,1,1,1,1,0,156
single,50,431,0,1,0,0,1,50
reflection,50,431,0,2,15,15,1,65
static_team,50,431,1,1,1,1,0,102
corpus_mesh,50,431,1,0,0,0,0,150
single,50,432,0,1,0,0,1,50
reflection,50,432,1,0,8,8,0,58
static_team,50,432,0,1,1,0,1,101
corpus_mesh,50,432,1,1,1,1,0,156
single,50,433,1,0,0,0,0,50
reflection,50,433,1,0,22,20,0,72
static_team,50,433,1,1,1,1,0,101
corpus_mesh,50,433,1,1,1,1,0,154
single,50,434,1,0,0,0,0,50
reflection,50,434,1,0,17,17,0,67
static_team,50,434,1,2,2,2,0,103
corpus_mesh,50,434,1,0,0,0,0,150
single,50,435,1,0,0,0,0,50
reflection,50,435,0,0,18,17,1,68
static_team,50,435,1,0,0,0,0,100
corpus_mesh,50,435,1,1,1,1,0,154
single,50,436,0,1,0,0,1,50
reflection,50,436,0,1,19,18,1,69
static_team,50,436,1,2,2,2,0,103
corpus_mesh,50,436,1,1,1,1,0,154
single,50,437,1,0,0,0,0,50
reflection,50,437,0,1,14,14,1,64
static_team,50,437,1,0,0,0,0,101
corpus_mesh,50,437,1,1,1,1,0,160
single,50,438,0,2,0,0,1,50
reflection,50,438,0,1,11,11,1,61
static_team,50,438,1,0,0,0,0,100
corpus_mesh,50,438,1,1,1,1,0,154
single,50,439,1,0,0,0,0,50
reflection,50,439,1,0,18,18,0,68
static_team,50,439,1,2,2,2,0,102
corpus_mesh,50,439,1,1,1,1,0,156
single,50,440,0,1,0,0,1,50
reflection,50,440,0,1,11,10,1,61
static_team,50,440,1,0,0,0,0,100
corpus_mesh,50,440,1,2,2,2,0,156
single,50,441,1,0,0,0,0,50
reflection,50,441,0,1,10,10,1,60
static_team,50,441,1,2,2,2,0,102
corpus_mesh,50,441,1,0,0,0,0,152
single,50,442,0,2,0,0,1,50
reflection,50,442,1,0,16,16,0,66
static_team,50,442,1,1,1,1,0,101
corpus_mesh,50,442,1,1,1,1,0,154
single,50,443,0,1,0,0,1,50
reflection,50,443,1,1,10,10,0,60
static_team,50,443,1,1,1,1,0,101
corpus_mesh,50,443,1,1,1,1,0,152
single,50,444,1,0,0,0,0,50
reflection,50,444,1,0,7,7,0,57
static_team,50,444,1,1,1,1,0,101
corpus_mesh,50,444,1,1,1,1,0,152
single,50,445,1,0,0,0,0,50
reflection,50,445,0,2,17,16,1,67
static_team,50,445,1,1,1,1,0,101
corpus_mesh,50,445,1,0,0,0,0,152
single,50,446,0,1,0,0,1,50
reflection,50,446,1,1,11,11,0,61
static_team,50,446,1,0,0,0,0,101
corpus_mesh,50,446,1,0,0,0,0,150
single,50,447,0,2,0,0,1,50
reflection,50,447,1,0,19,19,0,69
static_team,50,447,1,1,1,1,0,101
corpus_mesh,50,447,1,1,1,1,0,152
single,50,448,0,1,0,0,1,50
reflection,50,448,1,1,17,17,0,67
static_team,50,448,1,0,0,0,0,100
corpus_mesh,50,448,1,0,0,0,0,150
single,50,449,1,0,0,0,0,50
reflection,50,449,1,0,13,13,0,63
static_team,50,449,1,1,1,1,0,101
corpus_mesh,50,449,1,1,1,1,0,152
single,50,450,1,0,0,0,0,50
reflection,50,450,0,1,17,16,1,67
static_team,50,450,1,0,0,0,0,100
corpus_mesh,50,450,1,0,0,0,0,150
single,50,451,0,1,0,0,1,50
reflection,50,451,1,0,14,14,0,64
static_team,50,451,1,2,2,2,0,102
corpus_mesh,50,451,1,1,1,1,0,152
single,50,452,1,0,0,0,0,50
reflection,50,452,0,2,18,18,1,68
static_team,50,452,1,0,0,0,0,101
corpus_mesh,50,452,1,2,2,2,0,158
single,50,453,1,0,0,0,0,50
reflection,50,453,0,1,15,15,1,65
static_team,50,453,1,1,1,1,0,102
corpus_mesh,50,453,1,0,0,0,0,152
single,50,454,1,0,0,0,0,50
reflection,50,454,0,1,16,16,1,66
static_team,50,454,1,1,1,1,0,101
corpus_mesh,50,454,1,1,1,1,0,152
single,50,455,0,2,0,0,1,50
reflection,50,455,0,4,10,9,1,60
static_team,50,455,1,1,1,1,0,102
corpus_mesh,50,455,1,0,0,0,0,152
single,50,456,1,0,0,0,0,50
reflection,50,456,1,0,15,15,0,65
static_team,50,456,1,0,0,0,0,100
corpus_mesh,50,456,1,1,1,1,0,152
single,50,457,1,0,0,0,0,50
reflection,50,457,0,1,15,15,1,65
static_team,50,457,1,0,0,0,0,100
corpus_mesh,50,457,0,1,1,1,1,160
single,50,458,0,1,0,0,1,50
reflection,50,458,1,1,11,11,0,61
static_team,50,458,1,0,0,0,0,100
corpus_mesh,50,458,1,1,1,1,0,154
single,50,459,0,1,0,0,1,50
reflection,50,459,0,0,15,14,1,65
static_team,50,459,1,1,1,1,0,102
corpus_mesh,50,459,1,1,1,1,0,152
single,50,460,0,1,0,0,1,50
reflection,50,460,1,0,10,10,0,60
static_team,50,460,1,0,0,0,0,100
corpus_mesh,50,460,1,1,1,1,0,152
single,50,461,1,0,0,0,0,50
reflection,50,461,0,1,16,14,1,66
static_team,50,461,1,0,0,0,0,100
corpus_mesh,50,461,1,1,1,1,0,156
single,50,462,0,1,0,0,1,50
reflection,50,462,1,0,16,16,0,66
static_team,50,462,1,2,2,2,0,103
corpus_mesh,50,462,1,4,4,3,0,160
single,50,463,1,0,0,0,0,50
reflection,50,463,1,0,10,10,0,60
static_team,50,463,1,2,2,2,0,102
corpus_mesh,50,463,1,0,0,0,0,152
single,50,464,0,1,0,0,1,50
reflection,50,464,1,0,14,14,0,64
static_team,50,464,1,1,1,1,0,101
corpus_mesh,50,464,1,1,1,1,0,154
single,50,465,1,0,0,0,0,50
reflection,50,465,0,2,13,13,1,63
static_team,50,465,1,2,2,2,0,102
corpus_mesh,50,465,1,0,0,0,0,150
single,50,466,0,1,0,0,1,50
reflection,50,466,1,0,12,12,0,62
static_team,50,466,1,1,1,1,0,102
corpus_mesh,50,466,1,0,0,0,0,152
single,50,467,0,2,0,0,1,50
reflection,50,467,1,0,14,14,0,64
static_team,50,467,1,0,0,0,0,101
corpus_mesh,50,467,1,0,0,0,0,154
single,50,468,0,1,0,0,1,50
reflection,50,468,0,3,20,20,1,70
static_team,50,468,1,1,1,1,0,102
corpus_mesh,50,468,1,0,0,0,0,150
single,50,469,0,2,0,0,1,50
reflection,50,469,0,1,13,12,1,63
static_team,50,469,0,1,1,1,1,102
corpus_mesh,50,469,1,1,1,1,0,152
single,50,470,0,1,0,0,1,50
reflection,50,470,0,1,15,14,1,65
static_team,50,470,1,3,3,3,0,103
corpus_mesh,50,470,1,0,0,0,0,154
single,50,471,0,2,0,0,1,50
reflection,50,471,1,1,10,10,0,60
static_team,50,471,0,2,2,1,1,102
corpus_mesh,50,471,1,0,0,0,0,152
single,50,472,0,1,0,0,1,50
reflection,50,472,1,0,6,6,0,56
static_team,50,472,1,2,2,2,0,102
corpus_mesh,50,472,1,1,1,1,0,152
single,50,473,0,1,0,0,1,50
reflection,50,473,1,0,17,17,0,67
static_team,50,473,1,2,2,2,0,102
corpus_mesh,50,473,1,0,0,0,0,152
single,50,474,1,2,0,0,0,50
reflection,50,474,0,1,8,8,1,58
static_team,50,474,1,0,0,0,0,100
corpus_mesh,50,474,1,0,0,0,0,150
single,50,475,1,0,0,0,0,50
reflection,50,475,1,0,14,14,0,64
static_team,50,475,1,0,0,0,0,100
corpus_mesh,50,475,1,0,0,0,0,150
single,50,476,0,2,0,0,1,50
reflection,50,476,0,1,20,20,1,70
static_team,50,476,1,0,0,0,0,100
corpus_mesh,50,476,1,1,1,1,0,156
single,50,477,0,1,0,0,1,50
reflection,50,477,1,0,10,10,0,60
static_team,50,477,1,2,2,2,0,102
corpus_mesh,50,477,1,0,0,0,0,152
single,50,478,1,0,0,0,0,50
reflection,50,478,1,0,10,10,0,60
static_team,50,478,1,1,1,1,0,101
corpus_mesh,50,478,1,0,0,0,0,150
single,50,479,0,2,0,0,1,50
reflection,50,479,1,0,18,18,0,68
static_team,50,479,1,1,1,1,0,101
corpus_mesh,50,479,1,3,3,3,0,156
single,50,480,1,0,0,0,0,50
reflection,50,480,1,2,10,10,0,60
static_team,50,480,1,1,1,1,0,102
corpus_mesh,50,480,1,0,0,0,0,152
single,50,481,0,2,0,0,1,50
reflection,50,481,0,1,12,12,1,62
static_team,50,481,1,0,0,0,0,101
corpus_mesh,50,481,1,2,2,2,0,154
single,50,482,1,0,0,0,0,50
reflection,50,482,0,1,17,17,1,67
static_team,50,482,1,1,1,1,0,102
corpus_mesh,50,482,1,0,0,0,0,152
single,50,483,0,1,0,0,1,50
reflection,50,483,1,1,17,17,0,67
static_team,50,483,1,1,1,1,0,102
corpus_mesh,50,483,1,0,0,0,0,150
single,50,484,1,0,0,0,0,50
reflection,50,484,0,2,19,19,1,69
static_team,50,484,1,0,0,0,0,100
corpus_mesh,50,484,1,1,1,1,0,156
single,50,485,0,1,0,0,1,50
reflection,50,485,1,0,18,18,0,68
static_team,50,485,1,1,1,1,0,101
corpus_mesh,50,485,1,1,1,1,0,152
single,50,486,1,0,0,0,0,50
reflection,50,486,0,1,13,12,1,63
static_team,50,486,1,1,1,1,0,101
corpus_mesh,50,486,1,1,1,1,0,152
single,50,487,0,2,0,0,1,50
reflection,50,487,0,1,20,19,1,70
static_team,50,487,1,1,1,1,0,101
corpus_mesh,50,487,1,0,0,0,0,150
single,50,488,0,1,0,0,1,50
reflection,50,488,0,2,10,10,1,60
static_team,50,488,1,1,1,1,0,102
corpus_mesh,50,488,1,0,0,0,0,150
single,50,489,1,0,0,0,0,50
reflection,50,489,0,0,14,12,1,64
static_team,50,489,1,1,1,1,0,101
corpus_mesh,50,489,1,1,1,1,0,152
single,50,490,0,2,0,0,1,50
reflection,50,490,1,0,14,14,0,64
static_team,50,490,1,1,1,1,0,101
corpus_mesh,50,490,1,0,0,0,0,154
single,50,491,0,1,0,0,1,50
reflection,50,491,0,1,13,12,1,63
static_team,50,491,1,0,0,0,0,101
corpus_mesh,50,491,1,1,1,1,0,152
single,50,492,0,1,0,0,1,50
reflection,50,492,0,2,14,14,1,64
static_team,50,492,1,1,1,1,0,101
corpus_mesh,50,492,1,0,0,0,0,154
single,50,493,0,2,0,0,1,50
reflection,50,493,0,1,10,10,1,60
static_team,50,493,1,1,1,1,0,101
corpus_mesh,50,493,1,0,0,0,0,150
single,50,494,0,1,0,0,1,50
reflection,50,494,0,1,18,18,1,68
static_team,50,494,1,1,1,1,0,101
corpus_mesh,50,494,1,0,0,0,0,152
single,50,495,0,1,0,0,1,50
reflection,50,495,1,1,19,19,0,69
static_team,50,495,1,0,0,0,0,101
corpus_mesh,50,495,1,0,0,0,0,152
single,50,496,1,0,0,0,0,50
reflection,50,496,1,1,15,15,0,65
static_team,50,496,1,0,0,0,0,100
corpus_mesh,50,496,1,1,1,1,0,154
single,50,497,0,2,0,0,1,50
reflection,50,497,1,1,18,18,0,68
static_team,50,497,1,1,1,1,0,102
corpus_mesh,50,497,1,0,0,0,0,156
single,50,498,0,1,0,0,1,50
reflection,50,498,1,0,9,9,0,59
static_team,50,498,1,0,0,0,0,101
corpus_mesh,50,498,1,0,0,0,0,150
single,50,499,1,0,0,0,0,50
reflection,50,499,1,1,18,18,0,68
static_team,50,499,1,1,1,1,0,101
corpus_mesh,50,499,1,2,2,2,0,154
single,100,0,0,1,0,0,1,100
reflection,100,0,0,4,24,24,1,124
static_team,100,0,1,1,1,1,0,201
corpus_mesh,100,0,0,2,2,1,1,308
single,100,1,0,2,0,0,1,100
reflection,100,1,0,2,28,27,1,128
static_team,100,1,1,0,0,0,0,200
corpus_mesh,100,1,1,2,2,2,0,308
single,100,2,0,4,0,0,1,100
reflection,100,2,0,1,29,29,1,129
static_team,100,2,1,1,1,1,0,202
corpus_mesh,100,2,1,2,2,2,0,308
single,100,3,0,4,0,0,1,100
reflection,100,3,1,1,21,21,0,121
static_team,100,3,1,2,2,2,0,203
corpus_mesh,100,3,1,0,0,0,0,302
single,100,4,1,0,0,0,0,100
reflection,100,4,0,3,31,31,1,131
static_team,100,4,1,2,2,2,0,202
corpus_mesh,100,4,1,1,1,1,0,304
single,100,5,1,0,0,0,0,100
reflection,100,5,0,2,31,31,1,131
static_team,100,5,1,0,0,0,0,200
corpus_mesh,100,5,1,0,0,0,0,306
single,100,6,0,6,0,0,1,100
reflection,100,6,0,1,23,22,1,123
static_team,100,6,1,2,2,2,0,203
corpus_mesh,100,6,1,3,3,3,0,310
single,100,7,0,2,0,0,1,100
reflection,100,7,1,1,40,40,0,140
static_team,100,7,1,1,1,1,0,202
corpus_mesh,100,7,1,2,2,2,0,304
single,100,8,0,3,0,0,1,100
reflection,100,8,1,0,29,29,0,129
static_team,100,8,1,0,0,0,0,200
corpus_mesh,100,8,1,3,3,3,0,308
single,100,9,0,3,0,0,1,100
reflection,100,9,0,3,27,26,1,127
static_team,100,9,1,1,1,1,0,202
corpus_mesh,100,9,1,2,2,2,0,308
single,100,10,0,4,0,0,1,100
reflection,100,10,0,2,31,31,1,131
static_team,100,10,1,1,1,1,0,201
corpus_mesh,100,10,1,0,0,0,0,304
single,100,11,0,3,0,0,1,100
reflection,100,11,0,0,25,24,1,125
static_team,100,11,1,0,0,0,0,200
corpus_mesh,100,11,1,3,3,3,0,308
single,100,12,1,0,0,0,0,100
reflection,100,12,0,4,23,20,1,123
static_team,100,12,1,1,1,1,0,202
corpus_mesh,100,12,1,2,2,2,0,308
single,100,13,1,0,0,0,0,100
reflection,100,13,0,3,33,30,1,133
static_team,100,13,1,0,0,0,0,201
corpus_mesh,100,13,1,0,0,0,0,302
single,100,14,1,0,0,0,0,100
reflection,100,14,1,3,27,27,0,127
static_team,100,14,1,3,3,3,0,204
corpus_mesh,100,14,1,3,3,3,0,308
single,100,15,1,0,0,0,0,100
reflection,100,15,0,2,30,28,1,130
static_team,100,15,1,2,2,2,0,202
corpus_mesh,100,15,1,2,2,2,0,306
single,100,16,1,0,0,0,0,100
reflection,100,16,0,1,22,22,1,122
static_team,100,16,1,4,4,4,0,204
corpus_mesh,100,16,1,1,1,1,0,302
single,100,17,0,2,0,0,1,100
reflection,100,17,0,1,30,30,1,130
static_team,100,17,1,0,0,0,0,201
corpus_mesh,100,17,1,3,3,3,0,308
single,100,18,0,1,0,0,1,100
reflection,100,18,0,3,27,25,1,127
static_team,100,18,1,0,0,0,0,200
corpus_mesh,100,18,1,3,3,3,0,312
single,100,19,1,2,0,0,0,100
reflection,100,19,0,3,20,20,1,120
static_team,100,19,1,0,0,0,0,200
corpus_mesh,100,19,1,2,2,2,0,306
single,100,20,0,1,0,0,1,100
reflection,100,20,0,2,27,26,1,127
static_team,100,20,1,1,1,1,0,203
corpus_mesh,100,20,1,1,1,1,0,308
single,100,21,0,4,0,0,1,100
reflection,100,21,0,0,29,27,1,129
static_team,100,21,1,1,1,1,0,201
corpus_mesh,100,21,1,0,0,0,0,304
single,100,22,0,1,0,0,1,100
reflection,100,22,0,2,31,31,1,131
static_team,100,22,1,2,2,2,0,202
corpus_mesh,100,22,1,0,0,0,0,302
single,100,23,0,1,0,0,1,100
reflection,100,23,0,0,25,24,1,125
static_team,100,23,1,0,0,0,0,201
corpus_mesh,100,23,1,1,1,1,0,302
single,100,24,0,2,0,0,1,100
reflection,100,24,0,2,25,25,1,125
static_team,100,24,1,7,7,7,0,207
corpus_mesh,100,24,1,1,1,1,0,306
single,100,25,0,3,0,0,1,100
reflection,100,25,0,3,24,24,1,124
static_team,100,25,1,0,0,0,0,201
corpus_mesh,100,25,1,1,1,1,0,306
single,100,26,1,0,0,0,0,100
reflection,100,26,1,0,25,25,0,125
static_team,100,26,1,1,1,1,0,202
corpus_mesh,100,26,1,2,2,2,0,314
single,100,27,0,3,0,0,1,100
reflection,100,27,1,1,31,31,0,131
static_team,100,27,1,3,3,3,0,203
corpus_mesh,100,27,1,1,1,1,0,306
single,100,28,1,0,0,0,0,100
reflection,100,28,0,3,23,23,1,123
static_team,100,28,1,0,0,0,0,200
corpus_mesh,100,28,1,3,3,3,0,312
single,100,29,0,3,0,0,1,100
reflection,100,29,0,2,26,26,1,126
static_team,100,29,1,2,2,2,0,202
corpus_mesh,100,29,1,2,2,2,0,304
single,100,30,0,1,0,0,1,100
reflection,100,30,0,2,28,28,1,128
static_team,100,30,0,2,2,1,1,203
corpus_mesh,100,30,1,2,2,2,0,306
single,100,31,0,1,0,0,1,100
reflection,100,31,0,2,31,31,1,131
static_team,100,31,1,3,3,3,0,203
corpus_mesh,100,31,0,1,1,0,1,306
single,100,32,0,2,0,0,1,100
reflection,100,32,1,1,26,26,0,126
static_team,100,32,1,0,0,0,0,200
corpus_mesh,100,32,0,1,1,1,1,306
single,100,33,0,2,0,0,1,100
reflection,100,33,0,0,30,29,1,130
static_team,100,33,1,0,0,0,0,201
corpus_mesh,100,33,1,0,0,0,0,300
single,100,34,0,2,0,0,1,100
reflection,100,34,0,0,25,23,1,125
static_team,100,34,1,0,0,0,0,200
corpus_mesh,100,34,1,1,1,1,0,306
single,100,35,1,0,0,0,0,100
reflection,100,35,1,1,24,24,0,124
static_team,100,35,1,1,1,1,0,201
corpus_mesh,100,35,1,1,1,1,0,302
single,100,36,0,1,0,0,1,100
reflection,100,36,0,2,29,29,1,129
static_team,100,36,1,1,1,1,0,201
corpus_mesh,100,36,1,1,1,1,0,306
single,100,37,0,1,0,0,1,100
reflection,100,37,0,0,28,27,1,128
static_team,100,37,1,2,2,2,0,203
corpus_mesh,100,37,1,3,3,3,0,310
single,100,38,1,0,0,0,0,100
reflection,100,38,0,3,21,19,1,121
static_team,100,38,1,0,0,0,0,201
corpus_mesh,100,38,0,3,3,2,1,314
single,100,39,0,1,0,0,1,100
reflection,100,39,0,3,25,25,1,125
static_team,100,39,1,1,1,1,0,203
corpus_mesh,100,39,1,3,3,3,0,306
single,100,40,0,1,0,0,1,100
reflection,100,40,1,1,26,26,0,126
static_team,100,40,1,1,1,1,0,201
corpus_mesh,100,40,1,1,1,1,0,304
single,100,41,0,2,0,0,1,100
reflection,100,41,0,1,24,23,1,124
static_team,100,41,1,3,3,3,0,203
corpus_mesh,100,41,1,2,2,2,0,308
single,100,42,1,0,0,0,0,100
reflection,100,42,1,1,30,30,0,130
static_team,100,42,1,2,2,2,0,202
corpus_mesh,100,42,1,2,2,2,0,308
single,100,43,0,2,0,0,1,100
reflection,100,43,1,4,33,32,0,133
static_team,100,43,1,1,1,1,0,202
corpus_mesh,100,43,1,0,0,0,0,302
single,100,44,0,1,0,0,1,100
reflection,100,44,0,1,27,27,1,127
static_team,100,44,1,1,1,1,0,202
corpus_mesh,100,44,1,3,3,3,0,306
single,100,45,0,2,0,0,1,100
reflection,100,45,0,1,22,22,1,122
static_team,100,45,1,0,0,0,0,200
corpus_mesh,100,45,1,3,3,3,0,312
single,100,46,1,0,0,0,0,100
reflection,100,46,1,2,23,23,0,123
static_team,100,46,1,2,2,2,0,202
corpus_mesh,100,46,1,3,3,3,0,308
single,100,47,0,3,0,0,1,100
reflection,100,47,1,1,30,30,0,130
static_team,100,47,1,1,1,1,0,201
corpus_mesh,100,47,1,3,3,3,0,308
single,100,48,0,1,0,0,1,100
reflection,100,48,0,2,29,29,1,129
static_team,100,48,1,2,2,2,0,203
corpus_mesh,100,48,1,2,2,2,0,306
single,100,49,0,2,0,0,1,100
reflection,100,49,1,2,32,32,0,132
static_team,100,49,0,1,1,1,1,204
corpus_mesh,100,49,1,2,2,2,0,312
single,100,50,0,3,0,0,1,100
reflection,100,50,0,2,21,21,1,121
static_team,100,50,1,2,2,2,0,202
corpus_mesh,100,50,1,1,1,1,0,304
single,100,51,1,0,0,0,0,100
reflection,100,51,1,0,33,33,0,133
static_team,100,51,1,2,2,2,0,202
corpus_mesh,100,51,1,2,2,2,0,310
single,100,52,0,6,0,0,1,100
reflection,100,52,0,1,28,28,1,128
static_team,100,52,1,2,2,2,0,202
corpus_mesh,100,52,1,0,0,0,0,300
single,100,53,0,2,0,0,1,100
reflection,100,53,0,2,29,29,1,129
static_team,100,53,1,0,0,0,0,200
corpus_mesh,100,53,1,4,4,4,0,314
single,100,54,0,2,0,0,1,100
reflection,100,54,0,2,26,26,1,126
static_team,100,54,1,1,1,1,0,201
corpus_mesh,100,54,1,1,1,1,0,304
single,100,55,0,2,0,0,1,100
reflection,100,55,1,0,20,20,0,120
static_team,100,55,1,0,0,0,0,200
corpus_mesh,100,55,1,1,1,1,0,304
single,100,56,0,1,0,0,1,100
reflection,100,56,0,2,32,32,1,132
static_team,100,56,1,3,3,3,0,203
corpus_mesh,100,56,1,1,1,1,0,304
single,100,57,0,1,0,0,1,100
reflection,100,57,0,0,33,32,1,133
static_team,100,57,1,2,2,2,0,204
corpus_mesh,100,57,1,1,1,1,0,302
single,100,58,0,3,0,0,1,100
reflection,100,58,1,0,33,33,0,133
static_team,100,58,1,3,3,3,0,204
corpus_mesh,100,58,1,0,0,0,0,304
single,100,59,0,4,0,0,1,100
reflection,100,59,1,1,26,26,0,126
static_team,100,59,1,2,2,2,0,202
corpus_mesh,100,59,1,2,2,2,0,310
single,100,60,0,1,0,0,1,100
reflection,100,60,0,0,33,32,1,133
static_team,100,60,1,0,0,0,0,200
corpus_mesh,100,60,1,1,1,1,0,306
single,100,61,0,2,0,0,1,100
reflection,100,61,1,0,26,26,0,126
static_team,100,61,1,3,3,3,0,203
corpus_mesh,100,61,1,0,0,0,0,300
single,100,62,0,2,0,0,1,100
reflection,100,62,0,3,28,28,1,128
static_team,100,62,1,2,2,2,0,203
corpus_mesh,100,62,1,3,3,3,0,306
single,100,63,1,0,0,0,0,100
reflection,100,63,1,0,24,24,0,124
static_team,100,63,1,0,0,0,0,200
corpus_mesh,100,63,1,0,0,0,0,304
single,100,64,0,1,0,0,1,100
reflection,100,64,0,3,23,22,1,123
static_team,100,64,1,3,3,3,0,203
corpus_mesh,100,64,1,1,1,1,0,304
single,100,65,0,1,0,0,1,100
reflection,100,65,0,2,32,32,1,132
static_team,100,65,1,2,2,2,0,202
corpus_mesh,100,65,1,2,2,2,0,308
single,100,66,0,2,0,0,1,100
reflection,100,66,0,5,28,28,1,128
static_team,100,66,1,1,1,1,0,202
corpus_mesh,100,66,1,2,2,2,0,314
single,100,67,1,0,0,0,0,100
reflection,100,67,1,0,23,23,0,123
static_team,100,67,1,3,3,3,0,203
corpus_mesh,100,67,1,1,1,1,0,302
single,100,68,0,1,0,0,1,100
reflection,100,68,1,0,21,21,0,121
static_team,100,68,1,3,3,3,0,203
corpus_mesh,100,68,1,1,1,1,0,306
single,100,69,0,1,0,0,1,100
reflection,100,69,1,0,24,24,0,124
static_team,100,69,1,2,2,2,0,202
corpus_mesh,100,69,1,0,0,0,0,302
single,100,70,0,3,0,0,1,100
reflection,100,70,0,3,26,26,1,126
static_team,100,70,1,1,1,1,0,201
corpus_mesh,100,70,1,0,0,0,0,302
single,100,71,1,2,0,0,0,100
reflection,100,71,0,1,28,28,1,128
static_team,100,71,1,0,0,0,0,200
corpus_mesh,100,71,1,0,0,0,0,302
single,100,72,1,0,0,0,0,100
reflection,100,72,1,2,30,30,0,130
static_team,100,72,1,0,0,0,0,202
corpus_mesh,100,72,1,1,1,1,0,306
single,100,73,0,1,0,0,1,100
reflection,100,73,1,0,31,31,0,131
static_team,100,73,1,1,1,1,0,201
corpus_mesh,100,73,1,1,1,1,0,302
single,100,74,0,2,0,0,1,100
reflection,100,74,0,6,26,24,1,126
static_team,100,74,1,1,1,1,0,201
corpus_mesh,100,74,1,1,1,1,0,302
single,100,75,1,0,0,0,0,100
reflection,100,75,1,0,42,42,0,142
static_team,100,75,1,1,1,1,0,201
corpus_mesh,100,75,1,2,2,2,0,306
single,100,76,0,2,0,0,1,100
reflection,100,76,0,3,33,33,1,133
static_team,100,76,1,2,2,2,0,203
corpus_mesh,100,76,1,2,2,2,0,304
single,100,77,0,2,0,0,1,100
reflection,100,77,0,2,34,33,1,134
static_team,100,77,1,1,1,1,0,202
corpus_mesh,100,77,1,1,1,1,0,304
single,100,78,0,2,0,0,1,100
reflection,100,78,1,1,32,32,0,132
static_team,100,78,1,3,3,3,0,205
corpus_mesh,100,78,1,0,0,0,0,306
single,100,79,0,1,0,0,1,100
reflection,100,79,0,2,30,30,1,130
static_team,100,79,1,2,2,2,0,203
corpus_mesh,100,79,1,1,1,1,0,304
single,100,80,0,1,0,0,1,100
reflection,100,80,0,1,27,26,1,127
static_team,100,80,1,2,2,2,0,202
corpus_mesh,100,80,1,0,0,0,0,302
single,100,81,0,4,0,0,1,100
reflection,100,81,0,4,29,29,1,129
static_team,100,81,1,1,1,1,0,201
corpus_mesh,100,81,1,2,2,2,0,308
single,100,82,0,2,0,0,1,100
reflection,100,82,1,0,29,29,0,129
static_team,100,82,1,1,1,1,0,201
corpus_mesh,100,82,1,2,2,2,0,304
single,100,83,1,0,0,0,0,100
reflection,100,83,1,0,27,27,0,127
static_team,100,83,1,0,0,0,0,201
corpus_mesh,100,83,1,2,2,2,0,308
single,100,84,0,1,0,0,1,100
reflection,100,84,0,0,28,27,1,128
static_team,100,84,1,1,1,1,0,201
corpus_mesh,100,84,1,2,2,2,0,306
single,100,85,1,0,0,0,0,100
reflection,100,85,0,1,27,27,1,127
static_team,100,85,1,1,1,1,0,202
corpus_mesh,100,85,1,0,0,0,0,300
single,100,86,0,2,0,0,1,100
reflection,100,86,0,1,23,22,1,123
static_team,100,86,1,1,1,1,0,203
corpus_mesh,100,86,1,1,1,1,0,304
single,100,87,0,1,0,0,1,100
reflection,100,87,0,1,25,24,1,125
static_team,100,87,1,3,3,3,0,203
corpus_mesh,100,87,1,2,2,2,0,306
single,100,88,0,1,0,0,1,100
reflection,100,88,1,0,22,22,0,122
static_team,100,88,1,3,3,3,0,204
corpus_mesh,100,88,1,0,0,0,0,302
single,100,89,1,0,0,0,0,100
reflection,100,89,0,0,33,32,1,133
static_team,100,89,1,3,3,3,0,204
corpus_mesh,100,89,1,2,2,2,0,308
single,100,90,0,1,0,0,1,100
reflection,100,90,1,1,26,26,0,126
static_team,100,90,1,1,1,1,0,202
corpus_mesh,100,90,1,0,0,0,0,308
single,100,91,0,1,0,0,1,100
reflection,100,91,0,3,25,25,1,125
static_team,100,91,0,3,3,2,1,204
corpus_mesh,100,91,1,1,1,1,0,306
single,100,92,0,3,0,0,1,100
reflection,100,92,0,1,32,31,1,132
static_team,100,92,1,1,1,1,0,202
corpus_mesh,100,92,1,2,2,2,0,306
single,100,93,0,2,0,0,1,100
reflection,100,93,1,1,29,29,0,129
static_team,100,93,1,0,0,0,0,201
corpus_mesh,100,93,1,0,0,0,0,308
single,100,94,0,2,0,0,1,100
reflection,100,94,0,1,17,16,1,117
static_team,100,94,1,3,3,3,0,203
corpus_mesh,100,94,1,4,4,4,0,310
single,100,95,0,3,0,0,1,100
reflection,100,95,1,0,21,21,0,121
static_team,100,95,1,3,3,3,0,204
corpus_mesh,100,95,1,1,1,1,0,306
single,100,96,0,1,0,0,1,100
reflection,100,96,0,1,23,22,1,123
static_team,100,96,1,3,3,3,0,205
corpus_mesh,100,96,1,3,3,3,0,308
single,100,97,0,2,0,0,1,100
reflection,100,97,0,2,39,37,1,139
static_team,100,97,1,3,3,3,0,203
corpus_mesh,100,97,1,1,1,1,0,302
single,100,98,0,1,0,0,1,100
reflection,100,98,0,1,28,27,1,128
static_team,100,98,1,2,2,2,0,203
corpus_mesh,100,98,1,4,4,4,0,308
single,100,99,0,2,0,0,1,100
reflection,100,99,0,2,37,37,1,137
static_team,100,99,1,2,2,2,0,202
corpus_mesh,100,99,1,2,2,2,0,312
single,100,100,0,4,0,0,1,100
reflection,100,100,0,0,25,23,1,125
static_team,100,100,1,1,1,1,0,201
corpus_mesh,100,100,1,3,3,3,0,306
single,100,101,0,3,0,0,1,100
reflection,100,101,1,2,29,29,0,129
static_team,100,101,1,2,2,2,0,202
corpus_mesh,100,101,1,2,2,2,0,304
single,100,102,0,1,0,0,1,100
reflection,100,102,0,1,20,19,1,120
static_team,100,102,1,0,0,0,0,200
corpus_mesh,100,102,1,1,1,1,0,306
single,100,103,0,1,0,0,1,100
reflection,100,103,1,0,25,25,0,125
static_team,100,103,1,4,4,4,0,205
corpus_mesh,100,103,1,1,1,1,0,304
single,100,104,0,2,0,0,1,100
reflection,100,104,0,1,18,18,1,118
static_team,100,104,1,1,1,1,0,202
corpus_mesh,100,104,1,4,4,4,0,312
single,100,105,0,2,0,0,1,100
reflection,100,105,1,0,21,21,0,121
static_team,100,105,1,1,1,1,0,202
corpus_mesh,100,105,1,0,0,0,0,310
single,100,106,0,2,0,0,1,100
reflection,100,106,0,3,25,25,1,125
static_team,100,106,1,1,1,1,0,202
corpus_mesh,100,106,1,2,2,2,0,306
single,100,107,0,1,0,0,1,100
reflection,100,107,0,1,29,28,1,129
static_team,100,107,1,1,1,1,0,203
corpus_mesh,100,107,1,1,1,1,0,302
single,100,108,1,0,0,0,0,100
reflection,100,108,0,3,18,18,1,118
static_team,100,108,1,0,0,0,0,200
corpus_mesh,100,108,1,3,3,3,0,310
single,100,109,0,4,0,0,1,100
reflection,100,109,0,2,23,23,1,123
static_team,100,109,1,2,2,2,0,202
corpus_mesh,100,109,1,2,2,2,0,306
single,100,110,0,1,0,0,1,100
reflection,100,110,0,1,30,29,1,130
static_team,100,110,1,1,1,1,0,202
corpus_mesh,100,110,1,3,3,3,0,312
single,100,111,0,1,0,0,1,100
reflection,100,111,0,2,24,23,1,124
static_team,100,111,1,0,0,0,0,200
corpus_mesh,100,111,1,1,1,1,0,304
single,100,112,0,7,0,0,1,100
reflection,100,112,0,3,32,32,1,132
static_team,100,112,1,2,2,2,0,202
corpus_mesh,100,112,1,1,1,1,0,304
single,100,113,0,6,0,0,1,100
reflection,100,113,0,1,21,21,1,121
static_team,100,113,1,0,0,0,0,201
corpus_mesh,100,113,1,2,2,2,0,306
single,100,114,0,2,0,0,1,100
reflection,100,114,0,2,29,27,1,129
static_team,100,114,1,1,1,1,0,201
corpus_mesh,100,114,1,0,0,0,0,304
single,100,115,0,2,0,0,1,100
reflection,100,115,0,2,23,23,1,123
static_team,100,115,1,2,2,2,0,203
corpus_mesh,100,115,1,1,1,1,0,304
single,100,116,0,1,0,0,1,100
reflection,100,116,0,2,30,30,1,130
static_team,100,116,1,2,2,2,0,202
corpus_mesh,100,116,1,0,0,0,0,304
single,100,117,0,1,0,0,1,100
reflection,100,117,0,3,32,31,1,132
static_team,100,117,1,1,1,1,0,202
corpus_mesh,100,117,1,0,0,0,0,306
single,100,118,0,3,0,0,1,100
reflection,100,118,0,2,18,17,1,118
static_team,100,118,1,1,1,1,0,202
corpus_mesh,100,118,1,0,0,0,0,304
single,100,119,0,2,0,0,1,100
reflection,100,119,0,2,31,31,1,131
static_team,100,119,1,0,0,0,0,200
corpus_mesh,100,119,1,3,3,3,0,308
single,100,120,0,3,0,0,1,100
reflection,100,120,0,1,33,33,1,133
static_team,100,120,1,0,0,0,0,201
corpus_mesh,100,120,1,1,1,1,0,306
single,100,121,0,1,0,0,1,100
reflection,100,121,0,2,28,27,1,128
static_team,100,121,1,0,0,0,0,201
corpus_mesh,100,121,1,1,1,1,0,308
single,100,122,0,2,0,0,1,100
reflection,100,122,1,1,33,33,0,133
static_team,100,122,1,1,1,1,0,202
corpus_mesh,100,122,1,0,0,0,0,300
single,100,123,0,1,0,0,1,100
reflection,100,123,0,1,31,30,1,131
static_team,100,123,1,1,1,1,0,202
corpus_mesh,100,123,1,1,1,1,0,302
single,100,124,0,2,0,0,1,100
reflection,100,124,0,0,26,25,1,126
static_team,100,124,1,1,1,1,0,201
corpus_mesh,100,124,1,0,0,0,0,302
single,100,125,0,3,0,0,1,100
reflection,100,125,0,2,26,26,1,126
static_team,100,125,1,2,2,2,0,203
corpus_mesh,100,125,1,0,0,0,0,302
single,100,126,1,0,0,0,0,100
reflection,100,126,0,2,22,22,1,122
static_team,100,126,1,2,2,2,0,202
corpus_mesh,100,126,1,1,1,1,0,304
single,100,127,1,0,0,0,0,100
reflection,100,127,0,1,20,20,1,120
static_team,100,127,1,1,1,1,0,201
corpus_mesh,100,127,1,5,5,5,0,314
single,100,128,0,3,0,0,1,100
reflection,100,128,0,2,29,28,1,129
static_team,100,128,1,0,0,0,0,200
corpus_mesh,100,128,1,1,1,1,0,302
single,100,129,0,1,0,0,1,100
reflection,100,129,0,2,24,24,1,124
static_team,100,129,1,1,1,1,0,203
corpus_mesh,100,129,1,0,0,0,0,302
single,100,130,0,2,0,0,1,100
reflection,100,130,0,2,26,25,1,126
static_team,100,130,1,0,0,0,0,200
corpus_mesh,100,130,1,3,3,3,0,306
single,100,131,0,2,0,0,1,100
reflection,100,131,0,1,31,31,1,131
static_team,100,131,1,2,2,2,0,203
corpus_mesh,100,131,1,3,3,3,0,308
single,100,132,0,1,0,0,1,100
reflection,100,132,0,1,28,27,1,128
static_team,100,132,1,2,2,2,0,203
corpus_mesh,100,132,1,2,2,2,0,308
single,100,133,0,1,0,0,1,100
reflection,100,133,1,0,26,26,0,126
static_team,100,133,1,2,2,2,0,202
corpus_mesh,100,133,1,1,1,1,0,302
single,100,134,0,2,0,0,1,100
reflection,100,134,1,1,19,19,0,119
static_team,100,134,1,2,2,2,0,202
corpus_mesh,100,134,1,4,4,4,0,310
single,100,135,1,0,0,0,0,100
reflection,100,135,0,1,24,24,1,124
static_team,100,135,1,0,0,0,0,201
corpus_mesh,100,135,1,1,1,1,0,302
single,100,136,0,2,0,0,1,100
reflection,100,136,0,2,30,30,1,130
static_team,100,136,0,1,1,0,1,201
corpus_mesh,100,136,1,3,3,3,0,306
single,100,137,0,1,0,0,1,100
reflection,100,137,0,3,27,26,1,127
static_team,100,137,1,2,2,2,0,202
corpus_mesh,100,137,1,1,1,1,0,304
single,100,138,0,4,0,0,1,100
reflection,100,138,0,3,32,31,1,132
static_team,100,138,1,0,0,0,0,200
corpus_mesh,100,138,1,3,3,3,0,312
single,100,139,0,2,0,0,1,100
reflection,100,139,0,2,33,32,1,133
static_team,100,139,1,2,2,2,0,202
corpus_mesh,100,139,1,1,1,1,0,308
single,100,140,1,0,0,0,0,100
reflection,100,140,0,2,29,29,1,129
static_team,100,140,1,0,0,0,0,201
corpus_mesh,100,140,1,1,1,1,0,306
single,100,141,0,1,0,0,1,100
reflection,100,141,0,2,32,31,1,132
static_team,100,141,1,1,1,1,0,203
corpus_mesh,100,141,1,0,0,0,0,300
single,100,142,0,1,0,0,1,100
reflection,100,142,0,1,24,23,1,124
static_team,100,142,1,2,2,2,0,204
corpus_mesh,100,142,1,1,1,1,0,304
single,100,143,1,3,0,0,0,100
reflection,100,143,1,0,25,25,0,125
static_team,100,143,1,0,0,0,0,203
corpus_mesh,100,143,1,0,0,0,0,304
single,100,144,0,1,0,0,1,100
reflection,100,144,0,3,24,23,1,124
static_team,100,144,1,4,4,4,0,206
corpus_mesh,100,144,1,0,0,0,0,304
single,100,145,0,1,0,0,1,100
reflection,100,145,0,1,23,21,1,123
static_team,100,145,1,1,1,1,0,203
corpus_mesh,100,145,1,2,2,2,0,310
single,100,146,0,2,0,0,1,100
reflection,100,146,0,3,22,21,1,122
static_team,100,146,1,3,3,3,0,204
corpus_mesh,100,146,1,1,1,1,0,306
single,100,147,0,1,0,0,1,100
reflection,100,147,0,2,21,19,1,121
static_team,100,147,1,1,1,1,0,202
corpus_mesh,100,147,1,2,2,2,0,308
single,100,148,0,1,0,0,1,100
reflection,100,148,0,2,29,28,1,129
static_team,100,148,1,4,4,4,0,205
corpus_mesh,100,148,1,1,1,1,0,302
single,100,149,0,1,0,0,1,100
reflection,100,149,0,3,33,32,1,133
static_team,100,149,0,2,2,1,1,202
corpus_mesh,100,149,1,4,4,4,0,308
single,100,150,0,1,0,0,1,100
reflection,100,150,1,1,25,25,0,125
static_team,100,150,1,2,2,2,0,202
corpus_mesh,100,150,1,1,1,1,0,302
single,100,151,1,0,0,0,0,100
reflection,100,151,0,2,29,27,1,129
static_team,100,151,1,2,2,2,0,202
corpus_mesh,100,151,1,2,2,2,0,310
single,100,152,0,1,0,0,1,100
reflection,100,152,1,0,22,22,0,122
static_team,100,152,1,1,1,1,0,201
corpus_mesh,100,152,0,2,2,2,1,306
single,100,153,0,2,0,0,1,100
reflection,100,153,0,4,27,26,1,127
static_team,100,153,1,1,1,1,0,201
corpus_mesh,100,153,1,2,2,2,0,304
single,100,154,0,2,0,0,1,100
reflection,100,154,0,1,23,23,1,123
static_team,100,154,1,4,4,4,0,204
corpus_mesh,100,154,1,4,4,4,0,310
single,100,155,1,0,0,0,0,100
reflection,100,155,0,3,32,32,1,132
static_team,100,155,1,0,0,0,0,201
corpus_mesh,100,155,1,3,3,3,0,308
single,100,156,0,2,0,0,1,100
reflection,100,156,0,2,23,23,1,123
static_team,100,156,1,2,2,2,0,202
corpus_mesh,100,156,1,1,1,1,0,304
single,100,157,0,1,0,0,1,100
reflection,100,157,0,1,30,30,1,130
static_team,100,157,1,1,1,1,0,201
corpus_mesh,100,157,1,0,0,0,0,302
single,100,158,1,0,0,0,0,100
reflection,100,158,1,0,20,20,0,120
static_team,100,158,1,3,3,3,0,204
corpus_mesh,100,158,1,0,0,0,0,300
single,100,159,0,1,0,0,1,100
reflection,100,159,0,1,37,36,1,137
static_team,100,159,1,2,2,2,0,202
corpus_mesh,100,159,1,1,1,1,0,310
single,100,160,0,1,0,0,1,100
reflection,100,160,1,1,30,30,0,130
static_team,100,160,1,3,3,3,0,204
corpus_mesh,100,160,1,2,2,2,0,308
single,100,161,1,0,0,0,0,100
reflection,100,161,1,0,34,34,0,134
static_team,100,161,1,1,1,1,0,201
corpus_mesh,100,161,1,1,1,1,0,310
single,100,162,0,1,0,0,1,100
reflection,100,162,0,1,29,28,1,129
static_team,100,162,1,1,1,1,0,201
corpus_mesh,100,162,1,2,2,2,0,304
single,100,163,1,0,0,0,0,100
reflection,100,163,1,0,29,29,0,129
static_team,100,163,1,2,2,2,0,202
corpus_mesh,100,163,0,7,7,5,1,316
single,100,164,0,3,0,0,1,100
reflection,100,164,0,1,30,30,1,130
static_team,100,164,1,0,0,0,0,200
corpus_mesh,100,164,1,2,2,2,0,306
single,100,165,0,2,0,0,1,100
reflection,100,165,0,4,24,24,1,124
static_team,100,165,1,1,1,1,0,201
corpus_mesh,100,165,1,2,2,2,0,308
single,100,166,0,4,0,0,1,100
reflection,100,166,1,1,31,29,0,131
static_team,100,166,1,0,0,0,0,200
corpus_mesh,100,166,1,0,0,0,0,302
single,100,167,1,0,0,0,0,100
reflection,100,167,0,0,32,30,1,132
static_team,100,167,1,0,0,0,0,201
corpus_mesh,100,167,1,1,1,1,0,304
single,100,168,1,0,0,0,0,100
reflection,100,168,0,2,28,28,1,128
static_team,100,168,1,0,0,0,0,201
corpus_mesh,100,168,1,4,4,4,0,310
single,100,169,1,0,0,0,0,100
reflection,100,169,1,0,28,28,0,128
static_team,100,169,1,3,3,3,0,203
corpus_mesh,100,169,1,2,2,2,0,306
single,100,170,0,1,0,0,1,100
reflection,100,170,1,0,29,29,0,129
static_team,100,170,1,1,1,1,0,201
corpus_mesh,100,170,1,5,5,5,0,310
single,100,171,0,1,0,0,1,100
reflection,100,171,0,3,31,31,1,131
static_team,100,171,1,1,1,1,0,201
corpus_mesh,100,171,1,0,0,0,0,302
single,100,172,0,2,0,0,1,100
reflection,100,172,0,1,24,24,1,124
static_team,100,172,1,0,0,0,0,200
corpus_mesh,100,172,1,1,1,1,0,306
single,100,173,1,0,0,0,0,100
reflection,100,173,1,1,31,31,0,131
static_team,100,173,1,1,1,1,0,201
corpus_mesh,100,173,1,1,1,1,0,304
single,100,174,0,7,0,0,1,100
reflection,100,174,0,2,28,27,1,128
static_team,100,174,1,0,0,0,0,200
corpus_mesh,100,174,1,0,0,0,0,300
single,100,175,1,0,0,0,0,100
reflection,100,175,0,2,27,27,1,127
static_team,100,175,1,0,0,0,0,200
corpus_mesh,100,175,1,0,0,0,0,308
single,100,176,0,1,0,0,1,100
reflection,100,176,0,0,27,25,1,127
static_team,100,176,1,1,1,1,0,201
corpus_mesh,100,176,1,1,1,1,0,308
single,100,177,0,3,0,0,1,100
reflection,100,177,1,1,31,31,0,131
static_team,100,177,1,5,5,5,0,206
corpus_mesh,100,177,1,2,2,2,0,308
single,100,178,1,0,0,0,0,100
reflection,100,178,0,0,33,32,1,133
static_team,100,178,1,1,1,1,0,201
corpus_mesh,100,178,1,2,2,2,0,308
single,100,179,0,2,0,0,1,100
reflection,100,179,0,2,31,31,1,131
static_team,100,179,1,0,0,0,0,202
corpus_mesh,100,179,0,4,4,4,1,312
single,100,180,0,2,0,0,1,100
reflection,100,180,1,1,28,28,0,128
static_team,100,180,0,3,3,2,1,204
corpus_mesh,100,180,1,4,4,4,0,308
single,100,181,0,3,0,0,1,100
reflection,100,181,0,1,26,25,1,126
static_team,100,181,0,3,3,2,1,203
corpus_mesh,100,181,1,1,1,1,0,302
single,100,182,1,0,0,0,0,100
reflection,100,182,0,1,25,24,1,125
static_team,100,182,1,2,2,2,0,202
corpus_mesh,100,182,1,1,1,1,0,302
single,100,183,1,0,0,0,0,100
reflection,100,183,0,2,31,30,1,131
static_team,100,183,1,1,1,1,0,203
corpus_mesh,100,183,1,2,2,2,0,306
single,100,184,1,0,0,0,0,100
reflection,100,184,1,2,35,35,0,135
static_team,100,184,1,4,4,4,0,204
corpus_mesh,100,184,1,5,5,5,0,312
single,100,185,0,1,0,0,1,100
reflection,100,185,1,1,33,33,0,133
static_team,100,185,1,1,1,1,0,201
corpus_mesh,100,185,1,1,1,1,0,302
single,100,186,0,1,0,0,1,100
reflection,100,186,0,2,24,24,1,124
static_team,100,186,1,3,3,3,0,205
corpus_mesh,100,186,1,1,1,1,0,304
single,100,187,0,2,0,0,1,100
reflection,100,187,0,2,27,27,1,127
static_team,100,187,1,1,1,1,0,201
corpus_mesh,100,187,1,1,1,1,0,302
single,100,188,1,0,0,0,0,100
reflection,100,188,1,0,26,26,0,126
static_team,100,188,1,5,5,5,0,206
corpus_mesh,100,188,1,0,0,0,0,304
single,100,189,0,1,0,0,1,100
reflection,100,189,0,2,32,32,1,132
static_team,100,189,1,1,1,1,0,201
corpus_mesh,100,189,1,0,0,0,0,304
single,100,190,0,1,0,0,1,100
reflection,100,190,1,0,25,25,0,125
static_team,100,190,1,1,1,1,0,201
corpus_mesh,100,190,1,1,1,1,0,308
single,100,191,0,3,0,0,1,100
reflection,100,191,1,1,26,26,0,126
static_team,100,191,1,0,0,0,0,200
corpus_mesh,100,191,1,0,0,0,0,304
single,100,192,0,2,0,0,1,100
reflection,100,192,0,4,26,26,1,126
static_team,100,192,1,1,1,1,0,201
corpus_mesh,100,192,1,0,0,0,0,300
single,100,193,0,1,0,0,1,100
reflection,100,193,1,0,26,26,0,126
static_team,100,193,1,0,0,0,0,202
corpus_mesh,100,193,1,1,1,1,0,304
single,100,194,0,1,0,0,1,100
reflection,100,194,0,4,28,28,1,128
static_team,100,194,1,0,0,0,0,200
corpus_mesh,100,194,1,2,2,2,0,306
single,100,195,1,0,0,0,0,100
reflection,100,195,0,1,33,33,1,133
static_team,100,195,1,2,2,2,0,202
corpus_mesh,100,195,1,2,2,2,0,308
single,100,196,0,2,0,0,1,100
reflection,100,196,0,4,25,25,1,125
static_team,100,196,1,1,1,1,0,201
corpus_mesh,100,196,1,1,1,1,0,302
single,100,197,0,1,0,0,1,100
reflection,100,197,1,1,22,22,0,122
static_team,100,197,1,2,2,2,0,202
corpus_mesh,100,197,1,2,2,2,0,308
single,100,198,0,2,0,0,1,100
reflection,100,198,0,2,30,28,1,130
static_team,100,198,1,1,1,1,0,201
corpus_mesh,100,198,1,2,2,2,0,306
single,100,199,0,1,0,0,1,100
reflection,100,199,0,1,18,16,1,118
static_team,100,199,1,4,4,4,0,204
corpus_mesh,100,199,1,2,2,2,0,308
single,100,200,0,2,0,0,1,100
reflection,100,200,0,2,30,30,1,130
static_team,100,200,1,1,1,1,0,203
corpus_mesh,100,200,1,2,2,2,0,306
single,100,201,0,2,0,0,1,100
reflection,100,201,0,1,26,25,1,126
static_team,100,201,1,2,2,2,0,204
corpus_mesh,100,201,1,2,2,2,0,304
single,100,202,0,2,0,0,1,100
reflection,100,202,1,1,27,27,0,127
static_team,100,202,1,2,2,2,0,203
corpus_mesh,100,202,0,3,3,3,1,312
single,100,203,1,0,0,0,0,100
reflection,100,203,0,1,21,21,1,121
static_team,100,203,1,2,2,2,0,203
corpus_mesh,100,203,1,2,2,2,0,310
single,100,204,0,1,0,0,1,100
reflection,100,204,0,4,27,26,1,127
static_team,100,204,1,4,4,4,0,205
corpus_mesh,100,204,1,0,0,0,0,306
single,100,205,1,0,0,0,0,100
reflection,100,205,1,0,28,28,0,128
static_team,100,205,1,3,3,3,0,204
corpus_mesh,100,205,1,1,1,1,0,302
single,100,206,0,3,0,0,1,100
reflection,100,206,0,2,32,32,1,132
static_team,100,206,1,1,1,1,0,202
corpus_mesh,100,206,1,4,4,4,0,308
single,100,207,0,2,0,0,1,100
reflection,100,207,0,0,31,30,1,131
static_team,100,207,1,0,0,0,0,200
corpus_mesh,100,207,1,2,2,2,0,306
single,100,208,0,3,0,0,1,100
reflection,100,208,0,6,34,33,1,134
static_team,100,208,1,0,0,0,0,201
corpus_mesh,100,208,1,0,0,0,0,302
single,100,209,0,2,0,0,1,100
reflection,100,209,0,2,27,25,1,127
static_team,100,209,1,1,1,1,0,202
corpus_mesh,100,209,1,3,3,3,0,308
single,100,210,1,0,0,0,0,100
reflection,100,210,0,2,33,32,1,133
static_team,100,210,1,2,2,2,0,203
corpus_mesh,100,210,1,0,0,0,0,302
single,100,211,0,3,0,0,1,100
reflection,100,211,1,2,34,34,0,134
static_team,100,211,1,1,1,1,0,202
corpus_mesh,100,211,1,1,1,1,0,308
single,100,212,0,2,0,0,1,100
reflection,100,212,1,1,28,28,0,128
static_team,100,212,1,2,2,2,0,202
corpus_mesh,100,212,1,2,2,2,0,304
single,100,213,1,0,0,0,0,100
reflection,100,213,1,2,21,21,0,121
static_team,100,213,1,7,7,7,0,208
corpus_mesh,100,213,1,0,0,0,0,302
single,100,214,0,3,0,0,1,100
reflection,100,214,1,0,29,29,0,129
static_team,100,214,1,2,2,2,0,203
corpus_mesh,100,214,1,2,2,2,0,306
single,100,215,0,2,0,0,1,100
reflection,100,215,0,0,24,22,1,124
static_team,100,215,1,2,2,2,0,203
corpus_mesh,100,215,1,1,1,1,0,302
single,100,216,0,1,0,0,1,100
reflection,100,216,1,0,41,41,0,141
static_team,100,216,1,0,0,0,0,200
corpus_mesh,100,216,1,4,4,4,0,314
single,100,217,0,3,0,0,1,100
reflection,100,217,1,0,31,31,0,131
static_team,100,217,1,1,1,1,0,202
corpus_mesh,100,217,1,2,2,2,0,310
single,100,218,0,3,0,0,1,100
reflection,100,218,1,0,26,26,0,126
static_team,100,218,1,4,4,4,0,204
corpus_mesh,100,218,1,1,1,1,0,302
single,100,219,0,2,0,0,1,100
reflection,100,219,0,3,31,31,1,131
static_team,100,219,1,2,2,2,0,202
corpus_mesh,100,219,1,3,3,3,0,310
single,100,220,0,1,0,0,1,100
reflection,100,220,0,1,20,20,1,120
static_team,100,220,1,5,5,5,0,205
corpus_mesh,100,220,1,0,0,0,0,302
single,100,221,1,0,0,0,0,100
reflection,100,221,0,0,24,23,1,124
static_team,100,221,1,0,0,0,0,201
corpus_mesh,100,221,1,0,0,0,0,302
single,100,222,1,0,0,0,0,100
reflection,100,222,1,0,25,25,0,125
static_team,100,222,1,1,1,1,0,201
corpus_mesh,100,222,1,2,2,2,0,304
single,100,223,0,1,0,0,1,100
reflection,100,223,0,1,30,30,1,130
static_team,100,223,1,1,1,1,0,201
corpus_mesh,100,223,1,3,3,3,0,306
single,100,224,0,1,0,0,1,100
reflection,100,224,1,0,30,30,0,130
static_team,100,224,1,0,0,0,0,200
corpus_mesh,100,224,1,0,0,0,0,300
single,100,225,0,1,0,0,1,100
reflection,100,225,1,1,19,19,0,119
static_team,100,225,1,0,0,0,0,200
corpus_mesh,100,225,1,1,1,1,0,306
single,100,226,0,2,0,0,1,100
reflection,100,226,0,1,29,29,1,129
static_team,100,226,1,1,1,1,0,203
corpus_mesh,100,226,1,1,1,1,0,304
single,100,227,0,1,0,0,1,100
reflection,100,227,0,4,32,30,1,132
static_team,100,227,1,2,2,2,0,203
corpus_mesh,100,227,1,1,1,1,0,304
single,100,228,0,3,0,0,1,100
reflection,100,228,0,1,29,29,1,129
static_team,100,228,1,2,2,2,0,203
corpus_mesh,100,228,1,3,3,3,0,310
single,100,229,1,2,0,0,0,100
reflection,100,229,1,0,26,26,0,126
static_team,100,229,1,4,4,4,0,204
corpus_mesh,100,229,1,1,1,1,0,304
single,100,230,0,2,0,0,1,100
reflection,100,230,0,4,28,27,1,128
static_team,100,230,1,4,4,4,0,204
corpus_mesh,100,230,1,2,2,2,0,308
single,100,231,0,1,0,0,1,100
reflection,100,231,0,2,28,26,1,128
static_team,100,231,1,1,1,1,0,201
corpus_mesh,100,231,1,2,2,2,0,310
single,100,232,0,1,0,0,1,100
reflection,100,232,0,1,31,28,1,131
static_team,100,232,1,1,1,1,0,203
corpus_mesh,100,232,1,1,1,1,0,304
single,100,233,1,0,0,0,0,100
reflection,100,233,0,1,28,28,1,128
static_team,100,233,1,2,2,2,0,202
corpus_mesh,100,233,1,2,2,2,0,308
single,100,234,0,1,0,0,1,100
reflection,100,234,0,4,42,41,1,142
static_team,100,234,1,3,3,3,0,203
corpus_mesh,100,234,1,3,3,3,0,312
single,100,235,0,1,0,0,1,100
reflection,100,235,0,0,28,27,1,128
static_team,100,235,1,1,1,1,0,201
corpus_mesh,100,235,1,0,0,0,0,300
single,100,236,0,1,0,0,1,100
reflection,100,236,0,3,27,27,1,127
static_team,100,236,1,1,1,1,0,201
corpus_mesh,100,236,1,1,1,1,0,306
single,100,237,0,3,0,0,1,100
reflection,100,237,0,0,20,19,1,120
static_team,100,237,1,1,1,1,0,202
corpus_mesh,100,237,1,0,0,0,0,302
single,100,238,0,3,0,0,1,100
reflection,100,238,0,3,26,24,1,126
static_team,100,238,1,0,0,0,0,200
corpus_mesh,100,238,1,2,2,2,0,308
single,100,239,0,3,0,0,1,100
reflection,100,239,0,1,30,30,1,130
static_team,100,239,1,0,0,0,0,200
corpus_mesh,100,239,1,1,1,1,0,304
single,100,240,0,1,0,0,1,100
reflection,100,240,0,1,33,33,1,133
static_team,100,240,1,1,1,1,0,202
corpus_mesh,100,240,1,2,2,2,0,308
single,100,241,0,3,0,0,1,100
reflection,100,241,1,0,20,20,0,120
static_team,100,241,1,0,0,0,0,200
corpus_mesh,100,241,1,1,1,1,0,306
single,100,242,0,1,0,0,1,100
reflection,100,242,0,1,30,30,1,130
static_team,100,242,1,0,0,0,0,200
corpus_mesh,100,242,1,1,1,1,0,308
single,100,243,1,0,0,0,0,100
reflection,100,243,1,0,24,24,0,124
static_team,100,243,1,1,1,1,0,201
corpus_mesh,100,243,1,4,4,4,0,314
single,100,244,0,3,0,0,1,100
reflection,100,244,1,0,22,22,0,122
static_team,100,244,1,2,2,2,0,202
corpus_mesh,100,244,1,0,0,0,0,308
single,100,245,0,3,0,0,1,100
reflection,100,245,0,2,26,26,1,126
static_team,100,245,1,2,2,2,0,202
corpus_mesh,100,245,1,2,2,2,0,306
single,100,246,0,3,0,0,1,100
reflection,100,246,0,2,29,29,1,129
static_team,100,246,1,1,1,1,0,202
corpus_mesh,100,246,1,1,1,1,0,304
single,100,247,0,3,0,0,1,100
reflection,100,247,0,1,29,27,1,129
static_team,100,247,1,2,2,2,0,204
corpus_mesh,100,247,1,1,1,1,0,308
single,100,248,0,2,0,0,1,100
reflection,100,248,1,1,33,33,0,133
static_team,100,248,1,2,2,2,0,204
corpus_mesh,100,248,1,0,0,0,0,304
single,100,249,0,2,0,0,1,100
reflection,100,249,0,4,18,17,1,118
static_team,100,249,1,2,2,2,0,203
corpus_mesh,100,249,0,2,2,1,1,304
single,100,250,0,1,0,0,1,100
reflection,100,250,1,2,25,25,0,125
static_team,100,250,1,2,2,2,0,203
corpus_mesh,100,250,1,0,0,0,0,304
single,100,251,0,2,0,0,1,100
reflection,100,251,0,3,28,28,1,128
static_team,100,251,1,2,2,2,0,202
corpus_mesh,100,251,1,2,2,2,0,306
single,100,252,1,0,0,0,0,100
reflection,100,252,0,2,27,27,1,127
static_team,100,252,1,3,3,3,0,203
corpus_mesh,100,252,1,1,1,1,0,308
single,100,253,0,4,0,0,1,100
reflection,100,253,0,3,35,32,1,135
static_team,100,253,1,2,2,2,0,203
corpus_mesh,100,253,1,1,1,1,0,308
single,100,254,0,1,0,0,1,100
reflection,100,254,0,4,32,32,1,132
static_team,100,254,1,0,0,0,0,201
corpus_mesh,100,254,1,2,2,2,0,304
single,100,255,0,1,0,0,1,100
reflection,100,255,0,3,34,34,1,134
static_team,100,255,1,1,1,1,0,201
corpus_mesh,100,255,1,1,1,1,0,306
single,100,256,0,1,0,0,1,100
reflection,100,256,0,1,29,29,1,129
static_team,100,256,1,4,4,4,0,204
corpus_mesh,100,256,1,0,0,0,0,308
single,100,257,0,1,0,0,1,100
reflection,100,257,1,0,28,28,0,128
static_team,100,257,1,2,2,2,0,203
corpus_mesh,100,257,1,0,0,0,0,302
single,100,258,1,0,0,0,0,100
reflection,100,258,1,0,30,30,0,130
static_team,100,258,1,0,0,0,0,201
corpus_mesh,100,258,1,4,4,4,0,310
single,100,259,0,2,0,0,1,100
reflection,100,259,1,0,27,25,0,127
static_team,100,259,1,3,3,3,0,204
corpus_mesh,100,259,0,4,4,3,1,318
single,100,260,0,1,0,0,1,100
reflection,100,260,0,2,29,29,1,129
static_team,100,260,1,0,0,0,0,202
corpus_mesh,100,260,1,2,2,2,0,310
single,100,261,1,0,0,0,0,100
reflection,100,261,0,0,26,25,1,126
static_team,100,261,1,1,1,1,0,201
corpus_mesh,100,261,1,1,1,1,0,306
single,100,262,0,2,0,0,1,100
reflection,100,262,0,3,28,28,1,128
static_team,100,262,1,2,2,2,0,203
corpus_mesh,100,262,0,2,2,1,1,308
single,100,263,1,0,0,0,0,100
reflection,100,263,0,5,22,20,1,122
static_team,100,263,1,0,0,0,0,200
corpus_mesh,100,263,1,1,1,1,0,304
single,100,264,0,1,0,0,1,100
reflection,100,264,0,3,27,26,1,127
static_team,100,264,1,2,2,2,0,202
corpus_mesh,100,264,1,1,1,1,0,308
single,100,265,0,2,0,0,1,100
reflection,100,265,0,2,19,19,1,119
static_team,100,265,1,1,1,1,0,201
corpus_mesh,100,265,1,0,0,0,0,302
single,100,266,0,2,0,0,1,100
reflection,100,266,1,0,24,24,0,124
static_team,100,266,1,4,4,4,0,205
corpus_mesh,100,266,1,0,0,0,0,300
single,100,267,0,1,0,0,1,100
reflection,100,267,0,1,24,24,1,124
static_team,100,267,1,2,2,2,0,203
corpus_mesh,100,267,1,4,4,4,0,310
single,100,268,0,1,0,0,1,100
reflection,100,268,0,1,25,22,1,125
static_team,100,268,1,1,1,1,0,201
corpus_mesh,100,268,1,0,0,0,0,304
single,100,269,1,0,0,0,0,100
reflection,100,269,0,2,29,29,1,129
static_team,100,269,1,3,3,3,0,203
corpus_mesh,100,269,1,1,1,1,0,306
single,100,270,1,0,0,0,0,100
reflection,100,270,0,4,28,27,1,128
static_team,100,270,1,0,0,0,0,200
corpus_mesh,100,270,1,2,2,2,0,304
single,100,271,1,0,0,0,0,100
reflection,100,271,0,2,33,33,1,133
static_team,100,271,1,0,0,0,0,200
corpus_mesh,100,271,1,1,1,1,0,306
single,100,272,0,1,0,0,1,100
reflection,100,272,0,1,34,33,1,134
static_team,100,272,1,2,2,2,0,203
corpus_mesh,100,272,1,0,0,0,0,302
single,100,273,0,1,0,0,1,100
reflection,100,273,0,1,32,32,1,132
static_team,100,273,1,3,3,3,0,205
corpus_mesh,100,273,1,0,0,0,0,304
single,100,274,0,1,0,0,1,100
reflection,100,274,1,0,23,23,0,123
static_team,100,274,1,0,0,0,0,203
corpus_mesh,100,274,1,0,0,0,0,302
single,100,275,0,2,0,0,1,100
reflection,100,275,0,1,23,23,1,123
static_team,100,275,1,1,1,1,0,202
corpus_mesh,100,275,1,0,0,0,0,308
single,100,276,0,2,0,0,1,100
reflection,100,276,0,4,34,32,1,134
static_team,100,276,1,1,1,1,0,202
corpus_mesh,100,276,1,1,1,1,0,310
single,100,277,0,1,0,0,1,100
reflection,100,277,0,2,25,25,1,125
static_team,100,277,1,1,1,1,0,201
corpus_mesh,100,277,1,1,1,1,0,306
single,100,278,1,0,0,0,0,100
reflection,100,278,0,1,28,27,1,128
static_team,100,278,1,3,3,3,0,204
corpus_mesh,100,278,1,2,2,2,0,306
single,100,279,0,1,0,0,1,100
reflection,100,279,0,2,30,28,1,130
static_team,100,279,1,1,1,1,0,202
corpus_mesh,100,279,1,2,2,2,0,306
single,100,280,1,0,0,0,0,100
reflection,100,280,0,3,32,30,1,132
static_team,100,280,1,2,2,2,0,203
corpus_mesh,100,280,1,1,1,1,0,304
single,100,281,0,2,0,0,1,100
reflection,100,281,1,1,31,31,0,131
static_team,100,281,1,2,2,2,0,202
corpus_mesh,100,281,1,2,2,2,0,306
single,100,282,0,2,0,0,1,100
reflection,100,282,0,1,26,26,1,126
static_team,100,282,1,1,1,1,0,203
corpus_mesh,100,282,1,0,0,0,0,306
single,100,283,0,2,0,0,1,100
reflection,100,283,0,3,21,21,1,121
static_team,100,283,1,2,2,2,0,202
corpus_mesh,100,283,1,3,3,3,0,310
single,100,284,0,2,0,0,1,100
reflection,100,284,0,3,23,22,1,123
static_team,100,284,1,3,3,3,0,204
corpus_mesh,100,284,1,2,2,2,0,304
single,100,285,1,0,0,0,0,100
reflection,100,285,0,1,30,30,1,130
static_team,100,285,1,0,0,0,0,200
corpus_mesh,100,285,1,3,3,3,0,306
single,100,286,0,1,0,0,1,100
reflection,100,286,0,1,33,33,1,133
static_team,100,286,1,1,1,1,0,202
corpus_mesh,100,286,1,1,1,1,0,306
single,100,287,0,2,0,0,1,100
reflection,100,287,0,1,30,30,1,130
static_team,100,287,1,0,0,0,0,200
corpus_mesh,100,287,1,0,0,0,0,302
single,100,288,1,0,0,0,0,100
reflection,100,288,1,0,28,28,0,128
static_team,100,288,1,2,2,2,0,202
corpus_mesh,100,288,1,1,1,1,0,302
single,100,289,0,2,0,0,1,100
reflection,100,289,1,0,35,35,0,135
static_team,100,289,1,1,1,1,0,203
corpus_mesh,100,289,0,1,1,1,1,310
single,100,290,1,0,0,0,0,100
reflection,100,290,0,1,24,23,1,124
static_team,100,290,1,2,2,2,0,203
corpus_mesh,100,290,1,3,3,3,0,306
single,100,291,0,1,0,0,1,100
reflection,100,291,0,0,32,31,1,132
static_team,100,291,1,1,1,1,0,202
corpus_mesh,100,291,0,1,1,1,1,308
single,100,292,0,2,0,0,1,100
reflection,100,292,1,0,27,27,0,127
static_team,100,292,1,1,1,1,0,201
corpus_mesh,100,292,1,2,2,2,0,304
single,100,293,1,0,0,0,0,100
reflection,100,293,1,1,30,30,0,130
static_team,100,293,1,4,4,4,0,205
corpus_mesh,100,293,1,4,4,4,0,310
single,100,294,0,4,0,0,1,100
reflection,100,294,0,2,33,32,1,133
static_team,100,294,1,0,0,0,0,200
corpus_mesh,100,294,1,0,0,0,0,304
single,100,295,0,1,0,0,1,100
reflection,100,295,1,2,28,28,0,128
static_team,100,295,1,2,2,2,0,202
corpus_mesh,100,295,1,1,1,1,0,302
single,100,296,0,3,0,0,1,100
reflection,100,296,0,1,28,28,1,128
static_team,100,296,1,1,1,1,0,201
corpus_mesh,100,296,1,1,1,1,0,308
single,100,297,0,1,0,0,1,100
reflection,100,297,0,1,30,29,1,130
static_team,100,297,1,1,1,1,0,202
corpus_mesh,100,297,1,2,2,2,0,304
single,100,298,0,4,0,0,1,100
reflection,100,298,0,2,28,28,1,128
static_team,100,298,1,0,0,0,0,200
corpus_mesh,100,298,1,2,2,2,0,306
single,100,299,0,2,0,0,1,100
reflection,100,299,0,3,29,29,1,129
static_team,100,299,1,2,2,2,0,202
corpus_mesh,100,299,1,3,3,3,0,306
single,100,300,0,2,0,0,1,100
reflection,100,300,1,2,29,29,0,129
static_team,100,300,1,0,0,0,0,200
corpus_mesh,100,300,1,0,0,0,0,302
single,100,301,0,2,0,0,1,100
reflection,100,301,0,2,19,19,1,119
static_team,100,301,0,2,2,2,1,205
corpus_mesh,100,301,1,0,0,0,0,300
single,100,302,0,1,0,0,1,100
reflection,100,302,0,2,21,20,1,121
static_team,100,302,1,2,2,2,0,203
corpus_mesh,100,302,1,2,2,2,0,310
single,100,303,0,1,0,0,1,100
reflection,100,303,0,1,22,21,1,122
static_team,100,303,1,1,1,1,0,201
corpus_mesh,100,303,1,2,2,2,0,308
single,100,304,0,4,0,0,1,100
reflection,100,304,0,1,27,27,1,127
static_team,100,304,1,2,2,2,0,203
corpus_mesh,100,304,1,1,1,1,0,304
single,100,305,1,0,0,0,0,100
reflection,100,305,0,0,32,31,1,132
static_team,100,305,1,1,1,1,0,201
corpus_mesh,100,305,1,0,0,0,0,302
single,100,306,0,2,0,0,1,100
reflection,100,306,0,3,28,27,1,128
static_team,100,306,1,0,0,0,0,202
corpus_mesh,100,306,1,1,1,1,0,304
single,100,307,0,1,0,0,1,100
reflection,100,307,0,2,29,29,1,129
static_team,100,307,1,0,0,0,0,201
corpus_mesh,100,307,1,2,2,2,0,306
single,100,308,0,3,0,0,1,100
reflection,100,308,1,0,27,27,0,127
static_team,100,308,1,4,4,4,0,205
corpus_mesh,100,308,0,2,2,1,1,306
single,100,309,0,2,0,0,1,100
reflection,100,309,0,3,24,23,1,124
static_team,100,309,1,4,4,4,0,204
corpus_mesh,100,309,1,1,1,1,0,304
single,100,310,0,3,0,0,1,100
reflection,100,310,1,0,24,24,0,124
static_team,100,310,1,2,2,2,0,202
corpus_mesh,100,310,1,2,2,2,0,304
single,100,311,0,1,0,0,1,100
reflection,100,311,0,1,21,21,1,121
static_team,100,311,1,1,1,1,0,201
corpus_mesh,100,311,1,4,4,4,0,312
single,100,312,0,1,0,0,1,100
reflection,100,312,0,2,33,33,1,133
static_team,100,312,1,2,2,2,0,203
corpus_mesh,100,312,1,0,0,0,0,300
single,100,313,0,2,0,0,1,100
reflection,100,313,1,0,32,32,0,132
static_team,100,313,1,1,1,1,0,201
corpus_mesh,100,313,1,0,0,0,0,304
single,100,314,1,0,0,0,0,100
reflection,100,314,0,0,35,32,1,135
static_team,100,314,1,1,1,1,0,203
corpus_mesh,100,314,1,0,0,0,0,300
single,100,315,0,1,0,0,1,100
reflection,100,315,1,1,26,26,0,126
static_team,100,315,1,0,0,0,0,200
corpus_mesh,100,315,1,2,2,2,0,306
single,100,316,1,0,0,0,0,100
reflection,100,316,0,4,27,27,1,127
static_team,100,316,1,0,0,0,0,201
corpus_mesh,100,316,1,0,0,0,0,304
single,100,317,1,0,0,0,0,100
reflection,100,317,0,3,31,31,1,131
static_team,100,317,1,4,4,4,0,206
corpus_mesh,100,317,1,3,3,3,0,308
single,100,318,1,0,0,0,0,100
reflection,100,318,0,3,28,28,1,128
static_team,100,318,1,0,0,0,0,201
corpus_mesh,100,318,1,1,1,1,0,310
single,100,319,0,3,0,0,1,100
reflection,100,319,0,2,29,27,1,129
static_team,100,319,1,1,1,1,0,201
corpus_mesh,100,319,1,3,3,3,0,310
single,100,320,0,1,0,0,1,100
reflection,100,320,1,0,17,17,0,117
static_team,100,320,1,2,2,2,0,203
corpus_mesh,100,320,1,4,4,4,0,310
single,100,321,0,1,0,0,1,100
reflection,100,321,1,0,31,31,0,131
static_team,100,321,1,1,1,1,0,201
corpus_mesh,100,321,1,1,1,1,0,306
single,100,322,1,0,0,0,0,100
reflection,100,322,0,1,26,24,1,126
static_team,100,322,1,0,0,0,0,200
corpus_mesh,100,322,1,2,2,2,0,304
single,100,323,0,1,0,0,1,100
reflection,100,323,0,3,22,22,1,122
static_team,100,323,1,0,0,0,0,200
corpus_mesh,100,323,1,0,0,0,0,302
single,100,324,1,0,0,0,0,100
reflection,100,324,0,0,23,22,1,123
static_team,100,324,1,0,0,0,0,200
corpus_mesh,100,324,1,3,3,3,0,312
single,100,325,1,0,0,0,0,100
reflection,100,325,0,3,31,31,1,131
static_team,100,325,1,0,0,0,0,200
corpus_mesh,100,325,1,0,0,0,0,302
single,100,326,0,1,0,0,1,100
reflection,100,326,0,1,21,21,1,121
static_team,100,326,1,1,1,1,0,204
corpus_mesh,100,326,1,1,1,1,0,304
single,100,327,0,5,0,0,1,100
reflection,100,327,0,2,26,26,1,126
static_team,100,327,1,1,1,1,0,201
corpus_mesh,100,327,1,1,1,1,0,306
single,100,328,0,1,0,0,1,100
reflection,100,328,0,2,32,31,1,132
static_team,100,328,1,2,2,2,0,203
corpus_mesh,100,328,1,1,1,1,0,310
single,100,329,1,0,0,0,0,100
reflection,100,329,0,2,28,28,1,128
static_team,100,329,1,2,2,2,0,204
corpus_mesh,100,329,1,1,1,1,0,308
single,100,330,0,3,0,0,1,100
reflection,100,330,0,1,34,33,1,134
static_team,100,330,1,1,1,1,0,201
corpus_mesh,100,330,1,1,1,1,0,306
single,100,331,0,3,0,0,1,100
reflection,100,331,0,2,24,24,1,124
static_team,100,331,1,2,2,2,0,203
corpus_mesh,100,331,1,2,2,2,0,310
single,100,332,0,2,0,0,1,100
reflection,100,332,0,0,28,27,1,128
static_team,100,332,1,0,0,0,0,200
corpus_mesh,100,332,1,2,2,2,0,308
single,100,333,0,1,0,0,1,100
reflection,100,333,0,1,31,30,1,131
static_team,100,333,1,3,3,3,0,203
corpus_mesh,100,333,1,0,0,0,0,300
single,100,334,0,4,0,0,1,100
reflection,100,334,0,3,24,24,1,124
static_team,100,334,1,2,2,2,0,202
corpus_mesh,100,334,1,0,0,0,0,304
single,100,335,0,1,0,0,1,100
reflection,100,335,1,0,26,26,0,126
static_team,100,335,1,3,3,3,0,203
corpus_mesh,100,335,1,0,0,0,0,300
single,100,336,0,3,0,0,1,100
reflection,100,336,0,1,30,30,1,130
static_team,100,336,1,1,1,1,0,201
corpus_mesh,100,336,1,2,2,2,0,308
single,100,337,0,1,0,0,1,100
reflection,100,337,1,0,30,30,0,130
static_team,100,337,1,0,0,0,0,200
corpus_mesh,100,337,1,0,0,0,0,306
single,100,338,0,5,0,0,1,100
reflection,100,338,0,2,30,30,1,130
static_team,100,338,1,1,1,1,0,202
corpus_mesh,100,338,1,2,2,2,0,306
single,100,339,0,1,0,0,1,100
reflection,100,339,0,1,24,24,1,124
static_team,100,339,1,1,1,1,0,202
corpus_mesh,100,339,0,2,2,1,1,308
single,100,340,0,1,0,0,1,100
reflection,100,340,0,2,28,28,1,128
static_team,100,340,1,3,3,3,0,203
corpus_mesh,100,340,1,2,2,2,0,306
single,100,341,1,0,0,0,0,100
reflection,100,341,0,0,31,30,1,131
static_team,100,341,1,1,1,1,0,205
corpus_mesh,100,341,1,2,2,2,0,306
single,100,342,0,1,0,0,1,100
reflection,100,342,0,1,26,26,1,126
static_team,100,342,1,2,2,2,0,202
corpus_mesh,100,342,1,1,1,1,0,304
single,100,343,1,0,0,0,0,100
reflection,100,343,0,3,28,26,1,128
static_team,100,343,1,4,4,4,0,204
corpus_mesh,100,343,1,1,1,1,0,306
single,100,344,1,0,0,0,0,100
reflection,100,344,1,1,22,22,0,122
static_team,100,344,1,0,0,0,0,201
corpus_mesh,100,344,1,1,1,1,0,308
single,100,345,0,2,0,0,1,100
reflection,100,345,0,1,21,20,1,121
static_team,100,345,1,1,1,1,0,201
corpus_mesh,100,345,1,2,2,2,0,306
single,100,346,0,1,0,0,1,100
reflection,100,346,0,0,29,28,1,129
static_team,100,346,1,1,1,1,0,201
corpus_mesh,100,346,1,3,3,3,0,306
single,100,347,0,2,0,0,1,100
reflection,100,347,0,1,34,34,1,134
static_team,100,347,1,2,2,2,0,203
corpus_mesh,100,347,1,0,0,0,0,302
single,100,348,0,1,0,0,1,100
reflection,100,348,1,0,21,21,0,121
static_team,100,348,1,2,2,2,0,202
corpus_mesh,100,348,1,0,0,0,0,302
single,100,349,0,4,0,0,1,100
reflection,100,349,0,2,20,20,1,120
static_team,100,349,1,3,3,3,0,203
corpus_mesh,100,349,1,2,2,2,0,306
single,100,350,0,1,0,0,1,100
reflection,100,350,1,0,17,17,0,117
static_team,100,350,1,0,0,0,0,201
corpus_mesh,100,350,1,4,4,4,0,316
single,100,351,0,2,0,0,1,100
reflection,100,351,0,1,37,36,1,137
static_team,100,351,1,0,0,0,0,200
corpus_mesh,100,351,1,0,0,0,0,302
single,100,352,0,2,0,0,1,100
reflection,100,352,0,2,27,26,1,127
static_team,100,352,1,2,2,2,0,202
corpus_mesh,100,352,1,0,0,0,0,304
single,100,353,1,2,0,0,0,100
reflection,100,353,0,1,29,28,1,129
static_team,100,353,1,2,2,2,0,203
corpus_mesh,100,353,1,1,1,1,0,308
single,100,354,0,4,0,0,1,100
reflection,100,354,0,2,27,26,1,127
static_team,100,354,1,1,1,1,0,202
corpus_mesh,100,354,1,1,1,1,0,304
single,100,355,0,3,0,0,1,100
reflection,100,355,0,0,31,30,1,131
static_team,100,355,1,0,0,0,0,200
corpus_mesh,100,355,1,3,3,3,0,312
single,100,356,0,1,0,0,1,100
reflection,100,356,1,1,31,31,0,131
static_team,100,356,1,1,1,1,0,202
corpus_mesh,100,356,1,0,0,0,0,302
single,100,357,1,0,0,0,0,100
reflection,100,357,1,1,30,29,0,130
static_team,100,357,1,2,2,2,0,202
corpus_mesh,100,357,0,0,0,0,1,312
single,100,358,1,0,0,0,0,100
reflection,100,358,0,3,31,29,1,131
static_team,100,358,1,2,2,2,0,203
corpus_mesh,100,358,1,0,0,0,0,300
single,100,359,0,1,0,0,1,100
reflection,100,359,0,5,37,37,1,137
static_team,100,359,1,1,1,1,0,201
corpus_mesh,100,359,1,3,3,3,0,308
single,100,360,0,2,0,0,1,100
reflection,100,360,0,2,22,22,1,122
static_team,100,360,1,2,2,2,0,202
corpus_mesh,100,360,1,0,0,0,0,306
single,100,361,0,1,0,0,1,100
reflection,100,361,1,1,23,23,0,123
static_team,100,361,1,4,4,4,0,205
corpus_mesh,100,361,1,1,1,1,0,308
single,100,362,0,2,0,0,1,100
reflection,100,362,0,1,22,21,1,122
static_team,100,362,1,0,0,0,0,200
corpus_mesh,100,362,1,1,1,1,0,308
single,100,363,0,7,0,0,1,100
reflection,100,363,0,1,26,26,1,126
static_team,100,363,1,0,0,0,0,200
corpus_mesh,100,363,1,1,1,1,0,306
single,100,364,0,2,0,0,1,100
reflection,100,364,0,1,16,16,1,116
static_team,100,364,1,0,0,0,0,200
corpus_mesh,100,364,1,0,0,0,0,302
single,100,365,0,2,0,0,1,100
reflection,100,365,1,0,23,23,0,123
static_team,100,365,1,2,2,2,0,203
corpus_mesh,100,365,1,1,1,1,0,302
single,100,366,1,0,0,0,0,100
reflection,100,366,1,0,28,28,0,128
static_team,100,366,1,0,0,0,0,201
corpus_mesh,100,366,1,1,1,1,0,302
single,100,367,0,1,0,0,1,100
reflection,100,367,0,3,31,30,1,131
static_team,100,367,1,3,3,3,0,203
corpus_mesh,100,367,1,3,3,3,0,310
single,100,368,0,4,0,0,1,100
reflection,100,368,1,0,26,26,0,126
static_team,100,368,1,1,1,1,0,203
corpus_mesh,100,368,1,1,1,1,0,306
single,100,369,0,2,0,0,1,100
reflection,100,369,0,1,24,24,1,124
static_team,100,369,0,3,3,2,1,205
corpus_mesh,100,369,1,1,1,1,0,304
single,100,370,0,5,0,0,1,100
reflection,100,370,0,0,32,30,1,132
static_team,100,370,1,4,4,4,0,204
corpus_mesh,100,370,1,1,1,1,0,306
single,100,371,1,0,0,0,0,100
reflection,100,371,1,1,25,25,0,125
static_team,100,371,1,1,1,1,0,201
corpus_mesh,100,371,1,2,2,2,0,308
single,100,372,0,1,0,0,1,100
reflection,100,372,1,0,32,32,0,132
static_team,100,372,1,2,2,2,0,203
corpus_mesh,100,372,1,0,0,0,0,302
single,100,373,0,1,0,0,1,100
reflection,100,373,1,0,30,30,0,130
static_team,100,373,1,0,0,0,0,200
corpus_mesh,100,373,1,1,1,1,0,306
single,100,374,1,0,0,0,0,100
reflection,100,374,1,0,34,34,0,134
static_team,100,374,1,3,3,3,0,204
corpus_mesh,100,374,1,0,0,0,0,302
single,100,375,1,0,0,0,0,100
reflection,100,375,0,1,22,22,1,122
static_team,100,375,1,0,0,0,0,201
corpus_mesh,100,375,1,1,1,1,0,302
single,100,376,0,1,0,0,1,100
reflection,100,376,0,2,31,31,1,131
static_team,100,376,1,1,1,1,0,201
corpus_mesh,100,376,1,0,0,0,0,302
single,100,377,0,2,0,0,1,100
reflection,100,377,0,1,28,28,1,128
static_team,100,377,1,1,1,1,0,201
corpus_mesh,100,377,1,2,2,2,0,308
single,100,378,0,2,0,0,1,100
reflection,100,378,0,2,31,31,1,131
static_team,100,378,1,1,1,1,0,201
corpus_mesh,100,378,1,2,2,2,0,306
single,100,379,0,4,0,0,1,100
reflection,100,379,0,2,22,22,1,122
static_team,100,379,1,1,1,1,0,201
corpus_mesh,100,379,1,2,2,2,0,304
single,100,380,0,4,0,0,1,100
reflection,100,380,0,1,38,38,1,138
static_team,100,380,1,1,1,1,0,202
corpus_mesh,100,380,1,2,2,2,0,306
single,100,381,0,1,0,0,1,100
reflection,100,381,0,2,29,29,1,129
static_team,100,381,1,2,2,2,0,202
corpus_mesh,100,381,1,0,0,0,0,304
single,100,382,0,1,0,0,1,100
reflection,100,382,1,0,25,25,0,125
static_team,100,382,1,2,2,2,0,202
corpus_mesh,100,382,1,1,1,1,0,312
single,100,383,0,2,0,0,1,100
reflection,100,383,0,3,28,28,1,128
static_team,100,383,1,0,0,0,0,200
corpus_mesh,100,383,1,3,3,3,0,308
single,100,384,0,3,0,0,1,100
reflection,100,384,0,0,26,24,1,126
static_team,100,384,1,0,0,0,0,200
corpus_mesh,100,384,1,0,0,0,0,304
single,100,385,0,1,0,0,1,100
reflection,100,385,0,3,26,24,1,126
static_team,100,385,1,0,0,0,0,201
corpus_mesh,100,385,1,2,2,2,0,306
single,100,386,0,1,0,0,1,100
reflection,100,386,0,0,27,26,1,127
static_team,100,386,1,2,2,2,0,202
corpus_mesh,100,386,1,2,2,2,0,308
single,100,387,0,1,0,0,1,100
reflection,100,387,0,1,30,29,1,130
static_team,100,387,1,0,0,0,0,200
corpus_mesh,100,387,1,2,2,2,0,306
single,100,388,1,0,0,0,0,100
reflection,100,388,1,1,30,30,0,130
static_team,100,388,1,2,2,2,0,202
corpus_mesh,100,388,1,1,1,1,0,304
single,100,389,1,0,0,0,0,100
reflection,100,389,1,1,31,31,0,131
static_team,100,389,1,2,2,2,0,202
corpus_mesh,100,389,1,3,3,3,0,318
single,100,390,0,1,0,0,1,100
reflection,100,390,0,4,22,22,1,122
static_team,100,390,1,2,2,2,0,202
corpus_mesh,100,390,1,3,3,3,0,306
single,100,391,1,0,0,0,0,100
reflection,100,391,0,1,25,25,1,125
static_team,100,391,1,2,2,2,0,202
corpus_mesh,100,391,1,3,3,2,0,310
single,100,392,1,0,0,0,0,100
reflection,100,392,0,2,28,28,1,128
static_team,100,392,1,1,1,1,0,201
corpus_mesh,100,392,1,2,2,2,0,304
single,100,393,0,1,0,0,1,100
reflection,100,393,0,4,29,29,1,129
static_team,100,393,1,1,1,1,0,202
corpus_mesh,100,393,1,0,0,0,0,300
single,100,394,0,2,0,0,1,100
reflection,100,394,1,0,22,22,0,122
static_team,100,394,1,1,1,1,0,202
corpus_mesh,100,394,1,2,2,2,0,306
single,100,395,0,2,0,0,1,100
reflection,100,395,0,1,30,30,1,130
static_team,100,395,1,2,2,2,0,202
corpus_mesh,100,395,1,1,1,1,0,302
single,100,396,0,1,0,0,1,100
reflection,100,396,1,2,26,26,0,126
static_team,100,396,1,3,3,3,0,203
corpus_mesh,100,396,1,1,1,1,0,306
single,100,397,0,2,0,0,1,100
reflection,100,397,0,2,31,31,1,131
static_team,100,397,1,0,0,0,0,200
corpus_mesh,100,397,1,1,1,1,0,306
single,100,398,0,2,0,0,1,100
reflection,100,398,0,3,25,24,1,125
static_team,100,398,1,0,0,0,0,200
corpus_mesh,100,398,1,1,1,1,0,302
single,100,399,0,2,0,0,1,100
reflection,100,399,0,2,29,28,1,129
static_team,100,399,0,2,2,1,1,205
corpus_mesh,100,399,1,3,3,3,0,310
single,100,400,1,2,0,0,0,100
reflection,100,400,0,1,28,28,1,128
static_team,100,400,1,4,4,4,0,204
corpus_mesh,100,400,1,0,0,0,0,308
single,100,401,0,2,0,0,1,100
reflection,100,401,1,0,26,26,0,126
static_team,100,401,1,0,0,0,0,200
corpus_mesh,100,401,1,3,3,3,0,306
single,100,402,0,3,0,0,1,100
reflection,100,402,0,2,23,23,1,123
static_team,100,402,1,0,0,0,0,200
corpus_mesh,100,402,1,1,1,1,0,306
single,100,403,0,2,0,0,1,100
reflection,100,403,0,2,29,28,1,129
static_team,100,403,1,1,1,1,0,202
corpus_mesh,100,403,1,2,2,2,0,306
single,100,404,1,0,0,0,0,100
reflection,100,404,0,1,23,23,1,123
static_team,100,404,1,1,1,1,0,201
corpus_mesh,100,404,1,4,4,4,0,312
single,100,405,0,1,0,0,1,100
reflection,100,405,1,1,26,26,0,126
static_team,100,405,1,3,3,3,0,203
corpus_mesh,100,405,1,1,1,1,0,304
single,100,406,0,4,0,0,1,100
reflection,100,406,0,2,31,31,1,131
static_team,100,406,1,0,0,0,0,200
corpus_mesh,100,406,1,1,1,1,0,302
single,100,407,0,2,0,0,1,100
reflection,100,407,0,2,33,33,1,133
static_team,100,407,1,0,0,0,0,201
corpus_mesh,100,407,1,0,0,0,0,302
single,100,408,1,0,0,0,0,100
reflection,100,408,0,1,25,24,1,125
static_team,100,408,1,0,0,0,0,201
corpus_mesh,100,408,1,1,1,1,0,306
single,100,409,0,3,0,0,1,100
reflection,100,409,0,1,27,27,1,127
static_team,100,409,1,2,2,2,0,202
corpus_mesh,100,409,1,2,2,2,0,306
single,100,410,1,0,0,0,0,100
reflection,100,410,0,3,37,37,1,137
static_team,100,410,1,0,0,0,0,200
corpus_mesh,100,410,1,3,3,3,0,306
single,100,411,0,1,0,0,1,100
reflection,100,411,0,3,32,31,1,132
static_team,100,411,0,1,1,1,1,203
corpus_mesh,100,411,1,4,4,4,0,310
single,100,412,0,2,0,0,1,100
reflection,100,412,1,0,27,27,0,127
static_team,100,412,1,3,3,3,0,203
corpus_mesh,100,412,1,2,2,2,0,304
single,100,413,1,0,0,0,0,100
reflection,100,413,0,0,26,25,1,126
static_team,100,413,1,1,1,1,0,201
corpus_mesh,100,413,1,1,1,1,0,306
single,100,414,0,2,0,0,1,100
reflection,100,414,1,0,23,23,0,123
static_team,100,414,1,0,0,0,0,201
corpus_mesh,100,414,1,1,1,1,0,302
single,100,415,0,1,0,0,1,100
reflection,100,415,0,2,30,30,1,130
static_team,100,415,1,1,1,1,0,201
corpus_mesh,100,415,1,0,0,0,0,304
single,100,416,0,4,0,0,1,100
reflection,100,416,0,1,35,35,1,135
static_team,100,416,1,1,1,1,0,201
corpus_mesh,100,416,1,1,1,1,0,306
single,100,417,0,2,0,0,1,100
reflection,100,417,1,3,26,26,0,126
static_team,100,417,1,3,3,3,0,203
corpus_mesh,100,417,1,1,1,1,0,308
single,100,418,0,1,0,0,1,100
reflection,100,418,1,1,25,25,0,125
static_team,100,418,1,1,1,1,0,201
corpus_mesh,100,418,1,2,2,2,0,314
single,100,419,0,3,0,0,1,100
reflection,100,419,0,3,28,27,1,128
static_team,100,419,1,1,1,1,0,201
corpus_mesh,100,419,1,2,2,2,0,308
single,100,420,1,0,0,0,0,100
reflection,100,420,0,4,30,29,1,130
static_team,100,420,1,1,1,1,0,202
corpus_mesh,100,420,1,0,0,0,0,302
single,100,421,1,0,0,0,0,100
reflection,100,421,0,1,34,34,1,134
static_team,100,421,1,2,2,2,0,202
corpus_mesh,100,421,1,4,4,4,0,310
single,100,422,1,2,0,0,0,100
reflection,100,422,0,1,34,33,1,134
static_team,100,422,1,0,0,0,0,200
corpus_mesh,100,422,1,0,0,0,0,300
single,100,423,0,3,0,0,1,100
reflection,100,423,1,0,27,27,0,127
static_team,100,423,1,1,1,1,0,202
corpus_mesh,100,423,1,0,0,0,0,304
single,100,424,1,0,0,0,0,100
reflection,100,424,0,3,27,26,1,127
static_team,100,424,1,0,0,0,0,200
corpus_mesh,100,424,1,3,3,3,0,316
single,100,425,0,1,0,0,1,100
reflection,100,425,1,0,34,34,0,134
static_team,100,425,1,1,1,1,0,202
corpus_mesh,100,425,1,0,0,0,0,304
single,100,426,0,1,0,0,1,100
reflection,100,426,0,0,30,29,1,130
static_team,100,426,1,0,0,0,0,200
corpus_mesh,100,426,0,2,2,2,1,308
single,100,427,0,1,0,0,1,100
reflection,100,427,0,1,33,33,1,133
static_team,100,427,1,2,2,2,0,203
corpus_mesh,100,427,1,1,1,1,0,302
single,100,428,0,3,0,0,1,100
reflection,100,428,0,0,29,28,1,129
static_team,100,428,1,2,2,2,0,202
corpus_mesh,100,428,0,3,3,3,1,310
single,100,429,0,1,0,0,1,100
reflection,100,429,0,0,26,25,1,126
static_team,100,429,1,2,2,2,0,202
corpus_mesh,100,429,1,3,3,3,0,308
single,100,430,1,2,0,0,0,100
reflection,100,430,0,1,28,28,1,128
static_team,100,430,1,2,2,2,0,202
corpus_mesh,100,430,1,1,1,1,0,306
single,100,431,0,2,0,0,1,100
reflection,100,431,0,2,34,33,1,134
static_team,100,431,1,0,0,0,0,200
corpus_mesh,100,431,1,1,1,1,0,304
single,100,432,0,1,0,0,1,100
reflection,100,432,0,3,28,28,1,128
static_team,100,432,1,1,1,1,0,202
corpus_mesh,100,432,1,4,4,4,0,314
single,100,433,0,2,0,0,1,100
reflection,100,433,1,0,19,19,0,119
static_team,100,433,1,3,3,3,0,203
corpus_mesh,100,433,0,2,2,1,1,306
single,100,434,0,3,0,0,1,100
reflection,100,434,1,0,29,29,0,129
static_team,100,434,1,0,0,0,0,200
corpus_mesh,100,434,1,3,3,3,0,312
single,100,435,1,0,0,0,0,100
reflection,100,435,1,0,25,25,0,125
static_team,100,435,1,2,2,2,0,202
corpus_mesh,100,435,1,1,1,1,0,310
single,100,436,0,1,0,0,1,100
reflection,100,436,0,2,29,29,1,129
static_team,100,436,0,2,2,1,1,203
corpus_mesh,100,436,1,1,1,1,0,306
single,100,437,1,0,0,0,0,100
reflection,100,437,1,0,32,32,0,132
static_team,100,437,1,4,4,4,0,205
corpus_mesh,100,437,1,1,1,1,0,304
single,100,438,0,2,0,0,1,100
reflection,100,438,0,2,30,29,1,130
static_team,100,438,0,1,1,1,1,203
corpus_mesh,100,438,1,3,3,3,0,306
single,100,439,0,1,0,0,1,100
reflection,100,439,0,1,29,28,1,129
static_team,100,439,1,1,1,1,0,201
corpus_mesh,100,439,1,2,2,2,0,304
single,100,440,0,2,0,0,1,100
reflection,100,440,1,2,31,31,0,131
static_team,100,440,1,3,3,3,0,203
corpus_mesh,100,440,1,4,4,4,0,312
single,100,441,0,1,0,0,1,100
reflection,100,441,0,1,31,30,1,131
static_team,100,441,1,3,3,3,0,203
corpus_mesh,100,441,1,3,3,3,0,306
single,100,442,0,1,0,0,1,100
reflection,100,442,0,2,32,31,1,132
static_team,100,442,1,2,2,2,0,203
corpus_mesh,100,442,1,3,3,1,2,308
single,100,443,0,4,0,0,1,100
reflection,100,443,0,3,27,27,1,127
static_team,100,443,1,0,0,0,0,201
corpus_mesh,100,443,1,0,0,0,0,302
single,100,444,1,0,0,0,0,100
reflection,100,444,0,1,25,25,1,125
static_team,100,444,1,2,2,2,0,202
corpus_mesh,100,444,1,1,1,1,0,304
single,100,445,0,2,0,0,1,100
reflection,100,445,0,1,24,23,1,124
static_team,100,445,1,1,1,1,0,201
corpus_mesh,100,445,1,0,0,0,0,302
single,100,446,0,1,0,0,1,100
reflection,100,446,0,1,27,25,1,127
static_team,100,446,1,1,1,1,0,201
corpus_mesh,100,446,1,3,3,3,0,306
single,100,447,0,1,0,0,1,100
reflection,100,447,1,1,25,25,0,125
static_team,100,447,1,1,1,1,0,202
corpus_mesh,100,447,1,0,0,0,0,300
single,100,448,1,0,0,0,0,100
reflection,100,448,1,0,28,28,0,128
static_team,100,448,1,1,1,1,0,201
corpus_mesh,100,448,1,1,1,1,0,310
single,100,449,0,2,0,0,1,100
reflection,100,449,1,2,37,37,0,137
static_team,100,449,1,3,3,3,0,203
corpus_mesh,100,449,1,1,1,1,0,304
single,100,450,1,0,0,0,0,100
reflection,100,450,0,4,28,27,1,128
static_team,100,450,1,0,0,0,0,201
corpus_mesh,100,450,1,2,2,2,0,306
single,100,451,0,2,0,0,1,100
reflection,100,451,1,0,27,27,0,127
static_team,100,451,1,1,1,1,0,202
corpus_mesh,100,451,1,2,2,2,0,306
single,100,452,0,2,0,0,1,100
reflection,100,452,0,1,32,32,1,132
static_team,100,452,1,1,1,1,0,203
corpus_mesh,100,452,1,3,3,3,0,310
single,100,453,0,1,0,0,1,100
reflection,100,453,1,1,33,33,0,133
static_team,100,453,1,2,2,2,0,202
corpus_mesh,100,453,0,2,2,1,1,308
single,100,454,0,2,0,0,1,100
reflection,100,454,0,1,26,25,1,126
static_team,100,454,1,4,4,4,0,204
corpus_mesh,100,454,1,0,0,0,0,302
single,100,455,0,1,0,0,1,100
reflection,100,455,0,2,31,30,1,131
static_team,100,455,1,1,1,1,0,201
corpus_mesh,100,455,1,0,0,0,0,300
single,100,456,1,0,0,0,0,100
reflection,100,456,1,0,30,30,0,130
static_team,100,456,1,1,1,1,0,202
corpus_mesh,100,456,1,0,0,0,0,306
single,100,457,1,0,0,0,0,100
reflection,100,457,1,1,30,30,0,130
static_team,100,457,1,0,0,0,0,201
corpus_mesh,100,457,1,1,1,1,0,308
single,100,458,0,4,0,0,1,100
reflection,100,458,1,0,27,27,0,127
static_team,100,458,1,6,6,6,0,206
corpus_mesh,100,458,1,0,0,0,0,300
single,100,459,0,4,0,0,1,100
reflection,100,459,1,2,33,33,0,133
static_team,100,459,1,2,2,2,0,202
corpus_mesh,100,459,1,2,2,2,0,308
single,100,460,0,2,0,0,1,100
reflection,100,460,0,1,23,23,1,123
static_team,100,460,1,3,3,3,0,203
corpus_mesh,100,460,1,1,1,1,0,302
single,100,461,0,1,0,0,1,100
reflection,100,461,0,1,22,22,1,122
static_team,100,461,1,4,4,4,0,204
corpus_mesh,100,461,1,2,2,2,0,306
single,100,462,0,2,0,0,1,100
reflection,100,462,0,3,25,25,1,125
static_team,100,462,1,2,2,2,0,203
corpus_mesh,100,462,1,0,0,0,0,308
single,100,463,0,1,0,0,1,100
reflection,100,463,0,1,34,33,1,134
static_team,100,463,1,1,1,1,0,201
corpus_mesh,100,463,1,3,3,3,0,312
single,100,464,0,1,0,0,1,100
reflection,100,464,1,1,23,23,0,123
static_team,100,464,1,1,1,1,0,202
corpus_mesh,100,464,1,0,0,0,0,304
single,100,465,1,0,0,0,0,100
reflection,100,465,0,0,27,26,1,127
static_team,100,465,1,0,0,0,0,200
corpus_mesh,100,465,1,2,2,2,0,304
single,100,466,1,0,0,0,0,100
reflection,100,466,1,1,35,35,0,135
static_team,100,466,1,1,1,1,0,201
corpus_mesh,100,466,1,2,2,2,0,306
single,100,467,0,4,0,0,1,100
reflection,100,467,0,2,20,19,1,120
static_team,100,467,1,1,1,1,0,202
corpus_mesh,100,467,1,1,1,1,0,308
single,100,468,1,0,0,0,0,100
reflection,100,468,0,2,24,24,1,124
static_team,100,468,1,2,2,2,0,202
corpus_mesh,100,468,1,1,1,1,0,302
single,100,469,0,1,0,0,1,100
reflection,100,469,0,1,33,33,1,133
static_team,100,469,1,2,2,2,0,202
corpus_mesh,100,469,1,1,1,1,0,304
single,100,470,0,2,0,0,1,100
reflection,100,470,0,1,34,33,1,134
static_team,100,470,1,0,0,0,0,200
corpus_mesh,100,470,1,1,1,0,0,306
single,100,471,0,1,0,0,1,100
reflection,100,471,0,3,31,31,1,131
static_team,100,471,1,4,4,4,0,204
corpus_mesh,100,471,1,1,1,1,0,304
single,100,472,1,0,0,0,0,100
reflection,100,472,0,1,27,27,1,127
static_team,100,472,1,0,0,0,0,200
corpus_mesh,100,472,1,2,2,2,0,306
single,100,473,1,0,0,0,0,100
reflection,100,473,0,0,26,25,1,126
static_team,100,473,1,0,0,0,0,200
corpus_mesh,100,473,1,2,2,2,0,308
single,100,474,1,0,0,0,0,100
reflection,100,474,1,1,22,22,0,122
static_team,100,474,1,3,3,3,0,203
corpus_mesh,100,474,1,2,2,2,0,308
single,100,475,1,0,0,0,0,100
reflection,100,475,0,1,28,28,1,128
static_team,100,475,1,0,0,0,0,200
corpus_mesh,100,475,1,2,2,2,0,304
single,100,476,0,1,0,0,1,100
reflection,100,476,0,1,26,26,1,126
static_team,100,476,1,2,2,2,0,202
corpus_mesh,100,476,1,1,1,1,0,306
single,100,477,0,1,0,0,1,100
reflection,100,477,0,1,37,36,1,137
static_team,100,477,1,1,1,1,0,202
corpus_mesh,100,477,1,2,2,2,0,310
single,100,478,0,2,0,0,1,100
reflection,100,478,0,1,24,23,1,124
static_team,100,478,1,3,3,3,0,203
corpus_mesh,100,478,1,1,1,1,0,306
single,100,479,0,2,0,0,1,100
reflection,100,479,0,3,24,24,1,124
static_team,100,479,1,3,3,3,0,204
corpus_mesh,100,479,1,4,4,4,0,312
single,100,480,0,1,0,0,1,100
reflection,100,480,1,2,30,30,0,130
static_team,100,480,1,1,1,1,0,201
corpus_mesh,100,480,1,3,3,3,0,314
single,100,481,0,2,0,0,1,100
reflection,100,481,1,0,34,34,0,134
static_team,100,481,1,1,1,1,0,201
corpus_mesh,100,481,1,0,0,0,0,308
single,100,482,1,0,0,0,0,100
reflection,100,482,1,1,28,28,0,128
static_team,100,482,1,4,4,4,0,205
corpus_mesh,100,482,0,0,0,0,1,308
single,100,483,0,3,0,0,1,100
reflection,100,483,0,2,34,33,1,134
static_team,100,483,1,2,2,2,0,202
corpus_mesh,100,483,1,4,4,4,0,308
single,100,484,0,2,0,0,1,100
reflection,100,484,1,0,28,28,0,128
static_team,100,484,1,3,3,3,0,203
corpus_mesh,100,484,1,1,1,1,0,306
single,100,485,0,3,0,0,1,100
reflection,100,485,0,3,37,37,1,137
static_team,100,485,1,1,1,1,0,201
corpus_mesh,100,485,1,2,2,2,0,306
single,100,486,0,1,0,0,1,100
reflection,100,486,0,2,15,15,1,115
static_team,100,486,1,1,1,1,0,203
corpus_mesh,100,486,1,0,0,0,0,302
single,100,487,1,0,0,0,0,100
reflection,100,487,0,4,27,27,1,127
static_team,100,487,1,1,1,1,0,201
corpus_mesh,100,487,0,1,1,1,1,306
single,100,488,0,1,0,0,1,100
reflection,100,488,0,0,29,28,1,129
static_team,100,488,0,3,3,2,1,204
corpus_mesh,100,488,1,2,2,2,0,310
single,100,489,0,1,0,0,1,100
reflection,100,489,0,1,22,21,1,122
static_team,100,489,1,2,2,2,0,202
corpus_mesh,100,489,1,2,2,2,0,310
single,100,490,0,3,0,0,1,100
reflection,100,490,0,2,31,30,1,131
static_team,100,490,1,4,4,4,0,204
corpus_mesh,100,490,1,1,1,1,0,304
single,100,491,0,1,0,0,1,100
reflection,100,491,0,3,37,36,1,137
static_team,100,491,1,3,3,3,0,204
corpus_mesh,100,491,1,1,1,1,0,308
single,100,492,1,2,0,0,0,100
reflection,100,492,0,1,32,31,1,132
static_team,100,492,1,3,3,3,0,205
corpus_mesh,100,492,1,0,0,0,0,302
single,100,493,0,4,0,0,1,100
reflection,100,493,1,0,24,24,0,124
static_team,100,493,1,0,0,0,0,201
corpus_mesh,100,493,1,1,1,1,0,308
single,100,494,1,0,0,0,0,100
reflection,100,494,0,2,25,25,1,125
static_team,100,494,1,1,1,1,0,202
corpus_mesh,100,494,1,0,0,0,0,302
single,100,495,0,1,0,0,1,100
reflection,100,495,1,1,29,29,0,129
static_team,100,495,1,0,0,0,0,201
corpus_mesh,100,495,1,2,2,2,0,304
single,100,496,0,1,0,0,1,100
reflection,100,496,0,1,28,28,1,128
static_team,100,496,1,3,3,3,0,203
corpus_mesh,100,496,0,3,3,2,1,310
single,100,497,0,2,0,0,1,100
reflection,100,497,1,1,22,22,0,122
static_team,100,497,1,0,0,0,0,200
corpus_mesh,100,497,1,4,4,4,0,312
single,100,498,0,2,0,0,1,100
reflection,100,498,0,0,21,20,1,121
static_team,100,498,1,1,1,1,0,201
corpus_mesh,100,498,1,1,1,1,0,302
single,100,499,0,3,0,0,1,100
reflection,100,499,0,3,24,24,1,124
static_team,100,499,1,1,1,1,0,201
corpus_mesh,100,499,1,1,1,1,0,302
single,250,0,0,3,0,0,1,250
reflection,250,0,0,9,75,74,1,325
static_team,250,0,1,3,3,3,0,504
corpus_mesh,250,0,1,6,6,5,0,764
single,250,1,0,4,0,0,1,250
reflection,250,1,0,3,73,73,1,323
static_team,250,1,1,5,5,5,0,507
corpus_mesh,250,1,1,2,2,2,0,756
single,250,2,0,3,0,0,1,250
reflection,250,2,0,5,70,69,1,320
static_team,250,2,0,3,2,2,1,502
corpus_mesh,250,2,1,3,3,3,0,772
single,250,3,0,3,0,0,1,250
reflection,250,3,0,4,62,61,1,312
static_team,250,3,1,7,7,7,0,508
corpus_mesh,250,3,0,2,2,2,1,760
single,250,4,0,6,0,0,1,250
reflection,250,4,0,5,81,80,1,331
static_team,250,4,1,3,3,3,0,504
corpus_mesh,250,4,1,6,6,6,0,766
single,250,5,0,5,0,0,1,250
reflection,250,5,0,3,66,65,1,316
static_team,250,5,0,5,5,4,1,506
corpus_mesh,250,5,1,2,2,2,0,766
single,250,6,0,3,0,0,1,250
reflection,250,6,0,3,66,65,1,316
static_team,250,6,1,6,6,6,0,508
corpus_mesh,250,6,1,1,1,1,0,758
single,250,7,0,5,0,0,1,250
reflection,250,7,0,4,73,73,1,323
static_team,250,7,1,6,6,6,0,507
corpus_mesh,250,7,1,3,3,3,0,768
single,250,8,0,1,0,0,1,250
reflection,250,8,0,2,64,64,1,314
static_team,250,8,1,2,2,2,0,504
corpus_mesh,250,8,1,7,7,7,0,764
single,250,9,0,6,0,0,1,250
reflection,250,9,0,6,65,65,1,315
static_team,250,9,1,1,1,1,0,501
corpus_mesh,250,9,0,3,3,2,1,764
single,250,10,0,4,0,0,1,250
reflection,250,10,0,6,78,77,1,328
static_team,250,10,0,6,6,5,1,506
corpus_mesh,250,10,1,3,3,3,0,758
single,250,11,0,2,0,0,1,250
reflection,250,11,0,3,71,71,1,321
static_team,250,11,1,3,3,3,0,503
corpus_mesh,250,11,1,4,4,4,0,764
single,250,12,0,3,0,0,1,250
reflection,250,12,0,5,64,61,1,314
static_team,250,12,1,6,6,6,0,506
corpus_mesh,250,12,1,5,5,5,0,768
single,250,13,0,3,0,0,1,250
reflection,250,13,0,3,59,59,1,309
static_team,250,13,1,0,0,0,0,502
corpus_mesh,250,13,1,7,7,7,0,768
single,250,14,0,7,0,0,1,250
reflection,250,14,0,9,70,69,1,320
static_team,250,14,1,2,2,2,0,503
corpus_mesh,250,14,1,4,4,4,0,770
single,250,15,0,4,0,0,1,250
reflection,250,15,0,3,75,75,1,325
static_team,250,15,0,4,4,3,1,504
corpus_mesh,250,15,0,3,3,3,1,762
single,250,16,0,5,0,0,1,250
reflection,250,16,0,5,82,82,1,332
static_team,250,16,1,8,8,8,0,510
corpus_mesh,250,16,1,6,6,6,0,770
single,250,17,0,6,0,0,1,250
reflection,250,17,0,5,65,64,1,315
static_team,250,17,1,2,2,2,0,503
corpus_mesh,250,17,0,3,3,2,1,762
single,250,18,0,6,0,0,1,250
reflection,250,18,0,2,68,67,1,318
static_team,250,18,0,4,4,3,1,504
corpus_mesh,250,18,1,5,5,5,0,766
single,250,19,0,3,0,0,1,250
reflection,250,19,0,3,69,69,1,319
static_team,250,19,1,6,6,6,0,507
corpus_mesh,250,19,1,3,3,3,0,760
single,250,20,0,7,0,0,1,250
reflection,250,20,0,5,69,68,1,319
static_team,250,20,1,4,4,4,0,507
corpus_mesh,250,20,1,5,5,5,0,770
single,250,21,0,3,0,0,1,250
reflection,250,21,0,2,72,71,1,322
static_team,250,21,1,3,3,3,0,503
corpus_mesh,250,21,1,6,6,6,0,766
single,250,22,0,4,0,0,1,250
reflection,250,22,0,4,69,68,1,319
static_team,250,22,1,6,6,6,0,506
corpus_mesh,250,22,1,4,4,4,0,764
single,250,23,0,5,0,0,1,250
reflection,250,23,0,4,73,72,1,323
static_team,250,23,1,1,1,1,0,502
corpus_mesh,250,23,0,5,5,4,1,764
single,250,24,0,5,0,0,1,250
reflection,250,24,0,3,77,77,1,327
static_team,250,24,1,8,8,8,0,511
corpus_mesh,250,24,1,3,3,3,0,764
single,250,25,0,2,0,0,1,250
reflection,250,25,0,6,66,66,1,316
static_team,250,25,1,3,3,3,0,505
corpus_mesh,250,25,1,1,1,1,0,758
single,250,26,0,4,0,0,1,250
reflection,250,26,0,6,58,58,1,308
static_team,250,26,0,4,4,3,1,504
corpus_mesh,250,26,1,2,2,2,0,758
single,250,27,0,3,0,0,1,250
reflection,250,27,0,4,71,69,1,321
static_team,250,27,1,3,3,3,0,505
corpus_mesh,250,27,1,3,3,3,0,766
single,250,28,0,2,0,0,1,250
reflection,250,28,0,6,66,64,1,316
static_team,250,28,1,4,4,4,0,504
corpus_mesh,250,28,1,4,4,4,0,768
single,250,29,0,6,0,0,1,250
reflection,250,29,0,4,63,62,1,313
static_team,250,29,1,6,6,6,0,509
corpus_mesh,250,29,1,2,2,2,0,760
single,250,30,0,1,0,0,1,250
reflection,250,30,0,4,58,57,1,308
static_team,250,30,1,5,5,5,0,505
corpus_mesh,250,30,1,5,5,5,0,772
single,250,31,0,3,0,0,1,250
reflection,250,31,0,8,69,69,1,319
static_team,250,31,1,4,4,4,0,505
corpus_mesh,250,31,1,2,2,2,0,764
single,250,32,0,6,0,0,1,250
reflection,250,32,0,4,71,70,1,321
static_team,250,32,1,1,1,1,0,503
corpus_mesh,250,32,1,5,5,5,0,770
single,250,33,0,3,0,0,1,250
reflection,250,33,0,3,51,51,1,301
static_team,250,33,1,5,5,5,0,507
corpus_mesh,250,33,1,0,0,0,0,750
single,250,34,0,5,0,0,1,250
reflection,250,34,0,3,76,75,1,326
static_team,250,34,0,3,3,2,1,508
corpus_mesh,250,34,1,4,4,4,0,770
single,250,35,0,4,0,0,1,250
reflection,250,35,0,6,61,59,1,311
static_team,250,35,1,2,2,2,0,503
corpus_mesh,250,35,1,4,4,4,0,766
single,250,36,0,5,0,0,1,250
reflection,250,36,0,5,83,83,1,333
static_team,250,36,1,3,3,3,0,503
corpus_mesh,250,36,1,0,0,0,0,760
single,250,37,0,2,0,0,1,250
reflection,250,37,0,6,65,65,1,315
static_team,250,37,1,2,2,2,0,503
corpus_mesh,250,37,1,1,1,1,0,758
single,250,38,0,6,0,0,1,250
reflection,250,38,0,4,81,80,1,331
static_team,250,38,0,2,2,1,1,504
corpus_mesh,250,38,1,3,3,3,0,760
single,250,39,0,1,0,0,1,250
reflection,250,39,0,4,65,64,1,315
static_team,250,39,1,4,4,4,0,505
corpus_mesh,250,39,1,3,3,3,0,768
single,250,40,0,1,0,0,1,250
reflection,250,40,0,4,62,61,1,312
static_team,250,40,1,4,4,4,0,504
corpus_mesh,250,40,1,4,4,4,0,766
single,250,41,0,8,0,0,1,250
reflection,250,41,0,4,68,68,1,318
static_team,250,41,1,2,2,2,0,504
corpus_mesh,250,41,1,1,1,1,0,754
single,250,42,0,4,0,0,1,250
reflection,250,42,0,7,72,72,1,322
static_team,250,42,1,1,1,1,0,501
corpus_mesh,250,42,1,4,4,4,0,762
single,250,43,0,3,0,0,1,250
reflection,250,43,1,1,83,83,0,333
static_team,250,43,1,4,4,4,0,507
corpus_mesh,250,43,1,7,7,7,0,764
single,250,44,0,7,0,0,1,250
reflection,250,44,0,4,63,61,1,313
static_team,250,44,1,2,2,2,0,503
corpus_mesh,250,44,1,4,4,4,0,774
single,250,45,0,2,0,0,1,250
reflection,250,45,0,7,77,75,1,327
static_team,250,45,1,6,6,6,0,506
corpus_mesh,250,45,1,3,3,3,0,768
single,250,46,0,6,0,0,1,250
reflection,250,46,0,4,76,76,1,326
static_team,250,46,1,2,2,2,0,502
corpus_mesh,250,46,1,7,7,7,0,774
single,250,47,0,5,0,0,1,250
reflection,250,47,0,4,74,74,1,324
static_team,250,47,1,1,1,1,0,502
corpus_mesh,250,47,1,3,3,3,0,768
single,250,48,0,1,0,0,1,250
reflection,250,48,0,1,59,57,1,309
static_team,250,48,1,6,6,6,0,508
corpus_mesh,250,48,1,4,4,4,0,760
single,250,49,0,3,0,0,1,250
reflection,250,49,0,3,67,65,1,317
static_team,250,49,1,3,3,3,0,503
corpus_mesh,250,49,1,7,7,7,0,784
single,250,50,0,2,0,0,1,250
reflection,250,50,0,3,67,67,1,317
static_team,250,50,1,6,6,6,0,507
corpus_mesh,250,50,1,5,5,5,0,770
single,250,51,0,6,0,0,1,250
reflection,250,51,0,5,65,64,1,315
static_team,250,51,1,2,2,2,0,502
corpus_mesh,250,51,1,6,6,6,0,766
single,250,52,0,4,0,0,1,250
reflection,250,52,0,2,71,69,1,321
static_team,250,52,1,3,3,3,0,504
corpus_mesh,250,52,0,5,5,4,1,770
single,250,53,0,1,0,0,1,250
reflection,250,53,0,8,73,73,1,323
static_team,250,53,1,2,2,2,0,502
corpus_mesh,250,53,1,2,2,2,0,758
single,250,54,0,4,0,0,1,250
reflection,250,54,0,4,83,81,1,333
static_team,250,54,1,6,6,6,0,507
corpus_mesh,250,54,1,1,1,1,0,766
single,250,55,0,4,0,0,1,250
reflection,250,55,0,5,71,70,1,321
static_team,250,55,1,2,2,2,0,505
corpus_mesh,250,55,1,2,2,2,0,764
single,250,56,0,1,0,0,1,250
reflection,250,56,0,6,67,66,1,317
static_team,250,56,1,1,1,1,0,504
corpus_mesh,250,56,1,4,4,4,0,768
single,250,57,0,2,0,0,1,250
reflection,250,57,0,8,83,83,1,333
static_team,250,57,1,3,3,3,0,505
corpus_mesh,250,57,0,5,5,5,1,770
single,250,58,0,3,0,0,1,250
reflection,250,58,0,2,65,64,1,315
static_team,250,58,1,7,7,7,0,507
corpus_mesh,250,58,1,4,4,4,0,762
single,250,59,0,3,0,0,1,250
reflection,250,59,0,1,80,78,1,330
static_team,250,59,1,3,3,3,0,505
corpus_mesh,250,59,1,8,8,8,0,780
single,250,60,0,4,0,0,1,250
reflection,250,60,0,7,70,68,1,320
static_team,250,60,1,3,3,3,0,503
corpus_mesh,250,60,1,6,6,6,0,764
single,250,61,0,4,0,0,1,250
reflection,250,61,0,4,69,67,1,319
static_team,250,61,1,4,4,4,0,507
corpus_mesh,250,61,1,4,4,3,0,770
single,250,62,0,5,0,0,1,250
reflection,250,62,0,6,78,78,1,328
static_team,250,62,1,5,5,5,0,505
corpus_mesh,250,62,1,2,2,2,0,760
single,250,63,0,5,0,0,1,250
reflection,250,63,1,0,66,66,0,316
static_team,250,63,1,7,7,7,0,508
corpus_mesh,250,63,1,7,7,7,0,780
single,250,64,0,2,0,0,1,250
reflection,250,64,0,2,70,70,1,320
static_team,250,64,0,4,4,3,2,506
corpus_mesh,250,64,1,4,4,4,0,760
single,250,65,0,6,0,0,1,250
reflection,250,65,0,3,63,62,1,313
static_team,250,65,1,6,6,6,0,506
corpus_mesh,250,65,1,5,5,5,0,766
single,250,66,0,8,0,0,1,250
reflection,250,66,0,7,75,73,1,325
static_team,250,66,1,6,6,6,0,506
corpus_mesh,250,66,1,4,4,4,0,762
single,250,67,0,3,0,0,1,250
reflection,250,67,0,2,69,68,1,319
static_team,250,67,1,3,3,3,0,505
corpus_mesh,250,67,1,2,2,2,0,760
single,250,68,0,1,0,0,1,250
reflection,250,68,0,4,77,75,1,327
static_team,250,68,1,5,5,5,0,506
corpus_mesh,250,68,1,4,4,4,0,766
single,250,69,0,4,0,0,1,250
reflection,250,69,0,4,72,69,1,322
static_team,250,69,1,3,3,3,0,503
corpus_mesh,250,69,1,3,3,3,0,764
single,250,70,0,4,0,0,1,250
reflection,250,70,0,3,69,68,1,319
static_team,250,70,1,5,5,5,0,506
corpus_mesh,250,70,1,1,1,1,0,758
single,250,71,0,4,0,0,1,250
reflection,250,71,0,4,60,59,1,310
static_team,250,71,1,6,6,6,0,507
corpus_mesh,250,71,1,1,1,1,0,758
single,250,72,0,3,0,0,1,250
reflection,250,72,0,8,65,62,1,315
static_team,250,72,1,4,4,4,0,505
corpus_mesh,250,72,1,5,5,5,0,770
single,250,73,0,1,0,0,1,250
reflection,250,73,0,1,73,72,1,323
static_team,250,73,1,5,5,5,0,505
corpus_mesh,250,73,1,6,6,6,0,766
single,250,74,0,8,0,0,1,250
reflection,250,74,0,7,76,75,1,326
static_team,250,74,1,3,3,3,0,506
corpus_mesh,250,74,1,4,4,4,0,762
single,250,75,0,3,0,0,1,250
reflection,250,75,0,4,67,67,1,317
static_team,250,75,1,1,1,1,0,505
corpus_mesh,250,75,1,3,3,3,0,766
single,250,76,0,4,0,0,1,250
reflection,250,76,0,6,71,71,1,321
static_team,250,76,1,2,2,2,0,505
corpus_mesh,250,76,1,5,5,5,0,770
single,250,77,0,2,0,0,1,250
reflection,250,77,0,3,71,70,1,321
static_team,250,77,1,3,3,3,0,504
corpus_mesh,250,77,1,5,5,5,0,766
single,250,78,0,2,0,0,1,250
reflection,250,78,0,3,68,67,1,318
static_team,250,78,1,4,4,4,0,506
corpus_mesh,250,78,1,6,6,6,0,766
single,250,79,0,3,0,0,1,250
reflection,250,79,0,4,75,71,1,325
static_team,250,79,1,2,2,2,0,502
corpus_mesh,250,79,1,6,6,6,0,768
single,250,80,0,4,0,0,1,250
reflection,250,80,0,6,67,66,1,317
static_team,250,80,1,5,5,5,0,506
corpus_mesh,250,80,1,0,0,0,0,760
single,250,81,0,3,0,0,1,250
reflection,250,81,0,2,77,75,1,327
static_team,250,81,1,2,2,2,0,503
corpus_mesh,250,81,1,2,2,2,0,768
single,250,82,0,4,0,0,1,250
reflection,250,82,0,3,64,64,1,314
static_team,250,82,1,5,5,5,0,505
corpus_mesh,250,82,1,3,3,3,0,766
single,250,83,0,4,0,0,1,250
reflection,250,83,0,2,72,68,1,322
static_team,250,83,1,0,0,0,0,501
corpus_mesh,250,83,1,2,2,2,0,756
single,250,84,0,2,0,0,1,250
reflection,250,84,0,1,68,66,1,318
static_team,250,84,0,8,8,7,1,509
corpus_mesh,250,84,1,6,6,6,0,770
single,250,85,0,3,0,0,1,250
reflection,250,85,1,2,76,76,0,326
static_team,250,85,1,4,4,4,0,505
corpus_mesh,250,85,1,4,4,4,0,766
single,250,86,0,5,0,0,1,250
reflection,250,86,0,4,71,70,1,321
static_team,250,86,1,0,0,0,0,503
corpus_mesh,250,86,1,4,4,4,0,766
single,250,87,0,6,0,0,1,250
reflection,250,87,0,2,72,70,1,322
static_team,250,87,1,1,1,1,0,502
corpus_mesh,250,87,1,4,4,4,0,764
single,250,88,0,7,0,0,1,250
reflection,250,88,0,1,63,61,1,313
static_team,250,88,1,3,3,3,0,504
corpus_mesh,250,88,1,7,7,7,0,774
single,250,89,0,3,0,0,1,250
reflection,250,89,0,3,69,68,1,319
static_team,250,89,1,3,3,3,0,503
corpus_mesh,250,89,1,4,4,4,0,776
single,250,90,0,5,0,0,1,250
reflection,250,90,0,4,60,58,1,310
static_team,250,90,1,4,4,4,0,504
corpus_mesh,250,90,1,7,7,7,0,766
single,250,91,0,5,0,0,1,250
reflection,250,91,0,3,76,75,1,326
static_team,250,91,1,1,1,1,0,506
corpus_mesh,250,91,1,5,5,5,0,762
single,250,92,0,4,0,0,1,250
reflection,250,92,0,0,78,76,1,328
static_team,250,92,1,4,4,4,0,504
corpus_mesh,250,92,1,3,3,3,0,774
single,250,93,0,5,0,0,1,250
reflection,250,93,0,4,75,73,1,325
static_team,250,93,1,7,7,7,0,507
corpus_mesh,250,93,1,2,2,2,0,758
single,250,94,0,4,0,0,1,250
reflection,250,94,1,3,67,67,0,317
static_team,250,94,1,4,4,4,0,507
corpus_mesh,250,94,1,1,1,1,0,758
single,250,95,0,1,0,0,1,250
reflection,250,95,0,5,54,53,1,304
static_team,250,95,1,3,3,3,0,505
corpus_mesh,250,95,1,1,1,1,0,762
single,250,96,0,4,0,0,1,250
reflection,250,96,1,2,59,59,0,309
static_team,250,96,1,7,7,7,0,509
corpus_mesh,250,96,1,2,2,2,0,762
single,250,97,0,2,0,0,1,250
reflection,250,97,0,3,87,87,1,337
static_team,250,97,1,3,3,3,0,503
corpus_mesh,250,97,1,4,4,4,0,764
single,250,98,0,2,0,0,1,250
reflection,250,98,0,6,62,62,1,312
static_team,250,98,1,4,4,4,0,504
corpus_mesh,250,98,1,3,3,3,0,770
single,250,99,1,2,0,0,0,250
reflection,250,99,0,5,74,73,1,324
static_team,250,99,1,7,7,7,0,509
corpus_mesh,250,99,1,5,5,5,0,766
single,250,100,0,9,0,0,1,250
reflection,250,100,0,4,96,94,1,346
static_team,250,100,1,5,5,5,0,506
corpus_mesh,250,100,1,9,9,9,0,772
single,250,101,0,3,0,0,1,250
reflection,250,101,0,2,69,67,1,319
static_team,250,101,1,6,6,6,0,508
corpus_mesh,250,101,1,3,3,3,0,762
single,250,102,0,2,0,0,1,250
reflection,250,102,0,3,71,71,1,321
static_team,250,102,1,5,5,5,0,505
corpus_mesh,250,102,1,2,2,2,0,768
single,250,103,0,4,0,0,1,250
reflection,250,103,0,1,68,67,1,318
static_team,250,103,1,2,2,2,0,504
corpus_mesh,250,103,1,5,5,5,0,766
single,250,104,0,6,0,0,1,250
reflection,250,104,0,4,70,68,1,320
static_team,250,104,1,1,1,1,0,501
corpus_mesh,250,104,1,7,7,7,0,768
single,250,105,0,4,0,0,1,250
reflection,250,105,0,2,76,75,1,326
static_team,250,105,1,2,2,2,0,502
corpus_mesh,250,105,1,4,4,4,0,770
single,250,106,0,3,0,0,1,250
reflection,250,106,1,1,62,62,0,312
static_team,250,106,1,4,4,4,0,505
corpus_mesh,250,106,1,2,2,2,0,768
single,250,107,0,3,0,0,1,250
reflection,250,107,0,1,76,73,1,326
static_team,250,107,1,5,5,5,0,508
corpus_mesh,250,107,1,4,4,4,0,764
single,250,108,0,1,0,0,1,250
reflection,250,108,0,8,69,69,1,319
static_team,250,108,1,4,4,4,0,505
corpus_mesh,250,108,1,3,3,3,0,766
single,250,109,0,4,0,0,1,250
reflection,250,109,0,3,66,66,1,316
static_team,250,109,0,8,8,7,1,508
corpus_mesh,250,109,1,3,3,3,0,764
single,250,110,0,6,0,0,1,250
reflection,250,110,0,4,78,77,1,328
static_team,250,110,1,2,2,2,0,503
corpus_mesh,250,110,1,3,3,3,0,756
single,250,111,0,3,0,0,1,250
reflection,250,111,0,4,60,60,1,310
static_team,250,111,1,4,4,4,0,507
corpus_mesh,250,111,1,3,3,3,0,760
single,250,112,0,6,0,0,1,250
reflection,250,112,0,6,56,55,1,306
static_team,250,112,0,2,2,2,1,507
corpus_mesh,250,112,1,4,4,4,0,764
single,250,113,0,2,0,0,1,250
reflection,250,113,0,7,64,62,1,314
static_team,250,113,1,6,6,6,0,509
corpus_mesh,250,113,1,2,2,2,0,760
single,250,114,0,8,0,0,1,250
reflection,250,114,0,4,64,64,1,314
static_team,250,114,1,4,4,4,0,505
corpus_mesh,250,114,1,3,3,3,0,766
single,250,115,0,3,0,0,1,250
reflection,250,115,0,7,80,78,1,330
static_team,250,115,1,5,5,5,0,505
corpus_mesh,250,115,1,2,2,2,0,758
single,250,116,0,4,0,0,1,250
reflection,250,116,0,7,61,61,1,311
static_team,250,116,1,4,4,4,0,506
corpus_mesh,250,116,1,0,0,0,0,758
single,250,117,0,5,0,0,1,250
reflection,250,117,0,3,68,67,1,318
static_team,250,117,1,2,2,2,0,504
corpus_mesh,250,117,1,2,2,2,0,766
single,250,118,0,3,0,0,1,250
reflection,250,118,1,5,65,65,0,315
static_team,250,118,1,4,4,4,0,504
corpus_mesh,250,118,1,2,2,2,0,768
single,250,119,0,2,0,0,1,250
reflection,250,119,0,3,91,90,1,341
static_team,250,119,1,3,3,3,0,503
corpus_mesh,250,119,1,6,6,6,0,766
single,250,120,0,4,0,0,1,250
reflection,250,120,0,7,65,64,1,315
static_team,250,120,1,1,1,1,0,504
corpus_mesh,250,120,1,4,4,4,0,762
single,250,121,0,2,0,0,1,250
reflection,250,121,0,6,65,64,1,315
static_team,250,121,1,1,1,1,0,501
corpus_mesh,250,121,1,4,4,4,0,762
single,250,122,0,4,0,0,1,250
reflection,250,122,0,3,74,73,1,324
static_team,250,122,1,5,5,5,0,506
corpus_mesh,250,122,1,4,4,4,0,766
single,250,123,0,4,0,0,1,250
reflection,250,123,0,4,82,80,1,332
static_team,250,123,1,6,6,6,0,509
corpus_mesh,250,123,1,5,5,5,0,772
single,250,124,0,3,0,0,1,250
reflection,250,124,0,2,65,64,1,315
static_team,250,124,1,4,4,4,0,506
corpus_mesh,250,124,1,3,3,3,0,764
single,250,125,0,5,0,0,1,250
reflection,250,125,0,2,70,69,1,320
static_team,250,125,1,3,3,3,0,506
corpus_mesh,250,125,1,1,1,1,0,758
single,250,126,0,5,0,0,1,250
reflection,250,126,0,2,59,59,1,309
static_team,250,126,1,5,5,5,0,506
corpus_mesh,250,126,1,6,6,6,0,768
single,250,127,0,5,0,0,1,250
reflection,250,127,0,2,69,68,1,319
static_team,250,127,0,5,5,4,1,505
corpus_mesh,250,127,0,4,4,4,1,764
single,250,128,0,4,0,0,1,250
reflection,250,128,0,5,70,70,1,320
static_team,250,128,1,6,6,6,0,507
corpus_mesh,250,128,1,2,2,2,0,764
single,250,129,0,4,0,0,1,250
reflection,250,129,0,2,62,60,1,312
static_team,250,129,1,6,6,6,0,508
corpus_mesh,250,129,1,2,2,2,0,770
single,250,130,0,4,0,0,1,250
reflection,250,130,0,6,72,71,1,322
static_team,250,130,1,0,0,0,0,500
corpus_mesh,250,130,1,7,7,7,0,778
single,250,131,0,6,0,0,1,250
reflection,250,131,0,3,73,73,1,323
static_team,250,131,1,2,2,2,0,503
corpus_mesh,250,131,0,2,2,2,1,762
single,250,132,0,4,0,0,1,250
reflection,250,132,0,5,73,72,1,323
static_team,250,132,0,3,2,2,1,503
corpus_mesh,250,132,1,3,3,3,0,772
single,250,133,0,3,0,0,1,250
reflection,250,133,1,1,63,63,0,313
static_team,250,133,1,2,2,2,0,504
corpus_mesh,250,133,1,3,3,3,0,760
single,250,134,0,3,0,0,1,250
reflection,250,134,0,7,77,74,1,327
static_team,250,134,0,6,6,5,1,507
corpus_mesh,250,134,1,2,2,2,0,758
single,250,135,0,6,0,0,1,250
reflection,250,135,0,5,63,62,1,313
static_team,250,135,1,4,4,4,0,505
corpus_mesh,250,135,1,3,3,3,0,756
single,250,136,0,2,0,0,1,250
reflection,250,136,0,1,61,59,1,311
static_team,250,136,1,4,4,4,0,505
corpus_mesh,250,136,1,2,2,2,0,762
single,250,137,0,5,0,0,1,250
reflection,250,137,0,0,72,71,1,322
static_team,250,137,1,4,4,4,0,505
corpus_mesh,250,137,1,1,1,1,0,758
single,250,138,0,4,0,0,1,250
reflection,250,138,0,2,72,69,1,322
static_team,250,138,0,7,7,6,1,509
corpus_mesh,250,138,1,1,1,1,0,762
single,250,139,0,5,0,0,1,250
reflection,250,139,0,3,63,62,1,313
static_team,250,139,1,4,4,4,0,506
corpus_mesh,250,139,1,4,4,4,0,762
single,250,140,0,3,0,0,1,250
reflection,250,140,0,4,74,73,1,324
static_team,250,140,1,7,7,7,0,508
corpus_mesh,250,140,1,7,7,7,0,770
single,250,141,0,4,0,0,1,250
reflection,250,141,0,1,71,69,1,321
static_team,250,141,1,5,5,5,0,506
corpus_mesh,250,141,1,3,3,3,0,760
single,250,142,0,2,0,0,1,250
reflection,250,142,0,6,65,65,1,315
static_team,250,142,0,3,3,2,1,504
corpus_mesh,250,142,1,2,2,2,0,756
single,250,143,1,0,0,0,0,250
reflection,250,143,0,4,80,75,1,330
static_team,250,143,1,5,5,5,0,505
corpus_mesh,250,143,1,3,3,3,0,760
single,250,144,0,5,0,0,1,250
reflection,250,144,0,4,83,82,1,333
static_team,250,144,1,1,1,1,0,502
corpus_mesh,250,144,1,3,3,3,0,760
single,250,145,0,7,0,0,1,250
reflection,250,145,0,3,58,58,1,308
static_team,250,145,1,1,1,1,0,502
corpus_mesh,250,145,1,3,3,3,0,766
single,250,146,0,4,0,0,1,250
reflection,250,146,0,7,47,46,1,297
static_team,250,146,1,2,2,2,0,503
corpus_mesh,250,146,1,5,5,5,0,764
single,250,147,0,3,0,0,1,250
reflection,250,147,0,4,75,73,1,325
static_team,250,147,1,4,4,4,0,505
corpus_mesh,250,147,0,8,8,7,1,772
single,250,148,0,3,0,0,1,250
reflection,250,148,0,5,51,51,1,301
static_team,250,148,1,3,3,3,0,503
corpus_mesh,250,148,1,5,5,5,0,768
single,250,149,0,4,0,0,1,250
reflection,250,149,0,6,61,60,1,311
static_team,250,149,1,5,5,5,0,505
corpus_mesh,250,149,1,4,4,4,0,768
single,250,150,0,3,0,0,1,250
reflection,250,150,0,5,60,60,1,310
static_team,250,150,1,9,9,9,0,509
corpus_mesh,250,150,1,3,3,3,0,766
single,250,151,0,5,0,0,1,250
reflection,250,151,0,7,72,71,1,322
static_team,250,151,1,3,3,3,0,504
corpus_mesh,250,151,1,3,3,3,0,768
single,250,152,0,3,0,0,1,250
reflection,250,152,0,3,67,65,1,317
static_team,250,152,0,2,2,1,1,503
corpus_mesh,250,152,1,4,4,4,0,766
single,250,153,0,7,0,0,1,250
reflection,250,153,0,2,75,75,1,325
static_team,250,153,1,10,10,10,0,513
corpus_mesh,250,153,1,3,3,3,0,766
single,250,154,0,3,0,0,1,250
reflection,250,154,0,3,62,60,1,312
static_team,250,154,1,7,7,7,0,508
corpus_mesh,250,154,1,3,3,3,0,762
single,250,155,0,5,0,0,1,250
reflection,250,155,0,2,58,58,1,308
static_team,250,155,1,4,4,4,0,506
corpus_mesh,250,155,1,3,3,3,0,762
single,250,156,0,6,0,0,1,250
reflection,250,156,0,4,66,65,1,316
static_team,250,156,1,2,2,2,0,504
corpus_mesh,250,156,1,6,6,6,0,762
single,250,157,0,6,0,0,1,250
reflection,250,157,0,4,68,66,1,318
static_team,250,157,1,4,4,4,0,505
corpus_mesh,250,157,1,3,3,3,0,768
single,250,158,0,2,0,0,1,250
reflection,250,158,0,6,73,73,1,323
static_team,250,158,1,3,3,3,0,503
corpus_mesh,250,158,1,1,1,1,0,756
single,250,159,0,1,0,0,1,250
reflection,250,159,0,5,66,63,1,316
static_team,250,159,1,3,3,3,0,504
corpus_mesh,250,159,1,2,2,2,0,766
single,250,160,0,6,0,0,1,250
reflection,250,160,0,4,55,55,1,305
static_team,250,160,1,3,3,3,0,503
corpus_mesh,250,160,0,5,5,5,1,764
single,250,161,0,3,0,0,1,250
reflection,250,161,0,5,68,68,1,318
static_team,250,161,1,3,3,3,0,503
corpus_mesh,250,161,0,4,4,3,1,770
single,250,162,0,6,0,0,1,250
reflection,250,162,0,2,69,69,1,319
static_team,250,162,1,4,4,4,0,504
corpus_mesh,250,162,1,5,5,4,0,772
single,250,163,1,0,0,0,0,250
reflection,250,163,0,6,70,70,1,320
static_team,250,163,1,2,2,2,0,503
corpus_mesh,250,163,1,9,9,9,0,774
single,250,164,0,2,0,0,1,250
reflection,250,164,0,3,74,72,1,324
static_team,250,164,1,3,3,3,0,503
corpus_mesh,250,164,1,1,1,1,0,754
single,250,165,0,4,0,0,1,250
reflection,250,165,0,5,62,61,1,312
static_team,250,165,1,2,2,2,0,503
corpus_mesh,250,165,1,4,4,4,0,768
single,250,166,0,8,0,0,1,250
reflection,250,166,0,2,77,75,1,327
static_team,250,166,1,0,0,0,0,501
corpus_mesh,250,166,0,5,5,4,2,768
single,250,167,0,2,0,0,1,250
reflection,250,167,0,2,78,78,1,328
static_team,250,167,1,4,4,4,0,505
corpus_mesh,250,167,1,3,3,3,0,762
single,250,168,0,4,0,0,1,250
reflection,250,168,0,5,72,72,1,322
static_team,250,168,1,2,2,2,0,505
corpus_mesh,250,168,1,2,2,2,0,756
single,250,169,0,6,0,0,1,250
reflection,250,169,0,3,70,68,1,320
static_team,250,169,1,6,6,6,0,506
corpus_mesh,250,169,1,3,3,3,0,764
single,250,170,0,4,0,0,1,250
reflection,250,170,0,0,69,68,1,319
static_team,250,170,1,4,4,4,0,505
corpus_mesh,250,170,1,4,4,4,0,762
single,250,171,0,3,0,0,1,250
reflection,250,171,0,1,68,67,1,318
static_team,250,171,1,4,4,4,0,506
corpus_mesh,250,171,0,6,6,5,1,766
single,250,172,0,6,0,0,1,250
reflection,250,172,0,5,66,64,1,316
static_team,250,172,1,4,4,4,0,504
corpus_mesh,250,172,1,3,3,3,0,762
single,250,173,0,1,0,0,1,250
reflection,250,173,0,4,76,74,1,326
static_team,250,173,1,5,5,5,0,505
corpus_mesh,250,173,1,4,4,4,0,762
single,250,174,0,8,0,0,1,250
reflection,250,174,0,3,68,66,1,318
static_team,250,174,1,3,3,3,0,503
corpus_mesh,250,174,1,3,3,3,0,766
single,250,175,0,3,0,0,1,250
reflection,250,175,0,1,59,57,1,309
static_team,250,175,1,1,1,1,0,502
corpus_mesh,250,175,1,4,4,4,0,766
single,250,176,0,4,0,0,1,250
reflection,250,176,0,6,71,71,1,321
static_team,250,176,1,6,6,6,0,508
corpus_mesh,250,176,1,0,0,0,0,758
single,250,177,0,3,0,0,1,250
reflection,250,177,0,5,65,65,1,315
static_team,250,177,1,4,4,4,0,504
corpus_mesh,250,177,1,1,1,1,0,758
single,250,178,0,4,0,0,1,250
reflection,250,178,0,5,65,63,1,315
static_team,250,178,1,2,2,2,0,503
corpus_mesh,250,178,1,5,5,5,0,764
single,250,179,0,6,0,0,1,250
reflection,250,179,0,6,83,82,1,333
static_team,250,179,1,2,2,2,0,503
corpus_mesh,250,179,1,5,5,5,0,772
single,250,180,0,5,0,0,1,250
reflection,250,180,0,0,62,61,1,312
static_team,250,180,1,7,7,7,0,508
corpus_mesh,250,180,1,4,4,4,0,758
single,250,181,0,4,0,0,1,250
reflection,250,181,0,3,71,71,1,321
static_team,250,181,1,2,2,2,0,503
corpus_mesh,250,181,1,1,1,1,0,766
single,250,182,0,1,0,0,1,250
reflection,250,182,0,2,77,72,1,327
static_team,250,182,1,3,3,3,0,503
corpus_mesh,250,182,1,1,1,1,0,762
single,250,183,0,5,0,0,1,250
reflection,250,183,0,3,68,67,1,318
static_team,250,183,1,3,3,3,0,503
corpus_mesh,250,183,1,1,1,1,0,754
single,250,184,0,3,0,0,1,250
reflection,250,184,0,6,63,63,1,313
static_team,250,184,1,2,2,2,0,502
corpus_mesh,250,184,1,3,3,3,0,762
single,250,185,0,2,0,0,1,250
reflection,250,185,0,6,75,75,1,325
static_team,250,185,1,3,3,3,0,503
corpus_mesh,250,185,1,3,3,3,0,762
single,250,186,0,3,0,0,1,250
reflection,250,186,0,3,76,73,1,326
static_team,250,186,1,2,2,2,0,502
corpus_mesh,250,186,1,3,3,3,0,762
single,250,187,0,2,0,0,1,250
reflection,250,187,0,5,67,67,1,317
static_team,250,187,1,1,1,1,0,505
corpus_mesh,250,187,1,5,5,5,0,768
single,250,188,0,2,0,0,1,250
reflection,250,188,0,6,70,69,1,320
static_team,250,188,1,1,1,1,0,501
corpus_mesh,250,188,1,4,4,4,0,766
single,250,189,0,4,0,0,1,250
reflection,250,189,0,5,80,77,1,330
static_team,250,189,1,4,4,4,0,505
corpus_mesh,250,189,1,4,4,4,0,764
single,250,190,0,4,0,0,1,250
reflection,250,190,0,5,80,77,1,330
static_team,250,190,1,7,7,7,0,507
corpus_mesh,250,190,1,1,1,1,0,754
single,250,191,1,2,0,0,0,250
reflection,250,191,0,4,65,63,1,315
static_team,250,191,1,3,3,3,0,503
corpus_mesh,250,191,1,6,6,6,0,764
single,250,192,0,1,0,0,1,250
reflection,250,192,0,5,67,67,1,317
static_team,250,192,1,2,2,2,0,502
corpus_mesh,250,192,1,5,5,5,0,766
single,250,193,0,4,0,0,1,250
reflection,250,193,0,5,66,66,1,316
static_team,250,193,1,3,3,3,0,503
corpus_mesh,250,193,1,1,1,1,0,758
single,250,194,0,2,0,0,1,250
reflection,250,194,0,0,60,59,1,310
static_team,250,194,1,3,3,3,0,506
corpus_mesh,250,194,1,4,4,4,0,766
single,250,195,0,6,0,0,1,250
reflection,250,195,0,1,68,67,1,318
static_team,250,195,1,3,3,3,0,506
corpus_mesh,250,195,1,4,4,4,0,764
single,250,196,0,2,0,0,1,250
reflection,250,196,1,2,68,68,0,318
static_team,250,196,1,5,5,5,0,508
corpus_mesh,250,196,1,3,3,3,0,766
single,250,197,0,1,0,0,1,250
reflection,250,197,0,4,66,65,1,316
static_team,250,197,1,8,8,8,0,510
corpus_mesh,250,197,1,4,4,4,0,768
single,250,198,0,6,0,0,1,250
reflection,250,198,0,2,71,69,1,321
static_team,250,198,1,5,5,5,0,506
corpus_mesh,250,198,1,3,3,3,0,762
single,250,199,0,3,0,0,1,250
reflection,250,199,0,5,54,52,1,304
static_team,250,199,1,4,4,4,0,505
corpus_mesh,250,199,1,7,7,7,0,764
single,250,200,0,6,0,0,1,250
reflection,250,200,0,9,65,64,1,315
static_team,250,200,1,3,3,3,0,504
corpus_mesh,250,200,1,5,5,5,0,764
single,250,201,0,2,0,0,1,250
reflection,250,201,0,3,74,74,1,324
static_team,250,201,0,3,3,2,1,505
corpus_mesh,250,201,1,6,6,6,0,776
single,250,202,0,3,0,0,1,250
reflection,250,202,0,2,67,67,1,317
static_team,250,202,1,6,6,6,0,506
corpus_mesh,250,202,1,3,3,3,0,764
single,250,203,0,2,0,0,1,250
reflection,250,203,0,9,77,75,1,327
static_team,250,203,1,3,3,3,0,503
corpus_mesh,250,203,1,4,4,4,0,762
single,250,204,0,6,0,0,1,250
reflection,250,204,0,7,60,59,1,310
static_team,250,204,1,3,3,3,0,506
corpus_mesh,250,204,1,2,2,2,0,758
single,250,205,0,2,0,0,1,250
reflection,250,205,0,5,75,75,1,325
static_team,250,205,1,3,3,3,0,505
corpus_mesh,250,205,1,3,3,3,0,770
single,250,206,0,1,0,0,1,250
reflection,250,206,0,3,63,63,1,313
static_team,250,206,0,6,6,5,1,506
corpus_mesh,250,206,1,7,7,7,0,774
single,250,207,0,3,0,0,1,250
reflection,250,207,0,4,71,70,1,321
static_team,250,207,1,2,2,2,0,504
corpus_mesh,250,207,1,3,3,3,0,762
single,250,208,0,7,0,0,1,250
reflection,250,208,0,2,69,68,1,319
static_team,250,208,1,1,1,1,0,503
corpus_mesh,250,208,1,7,7,7,0,776
single,250,209,0,3,0,0,1,250
reflection,250,209,0,4,70,70,1,320
static_team,250,209,1,2,2,2,0,503
corpus_mesh,250,209,1,3,3,3,0,766
single,250,210,0,3,0,0,1,250
reflection,250,210,0,2,59,58,1,309
static_team,250,210,1,5,5,5,0,507
corpus_mesh,250,210,1,0,0,0,0,752
single,250,211,0,4,0,0,1,250
reflection,250,211,0,2,67,64,1,317
static_team,250,211,1,4,4,4,0,506
corpus_mesh,250,211,1,3,3,3,0,760
single,250,212,0,5,0,0,1,250
reflection,250,212,0,5,72,72,1,322
static_team,250,212,0,5,5,4,1,506
corpus_mesh,250,212,1,3,3,3,0,762
single,250,213,0,7,0,0,1,250
reflection,250,213,0,2,77,76,1,327
static_team,250,213,1,2,2,2,0,502
corpus_mesh,250,213,1,2,2,2,0,762
single,250,214,0,4,0,0,1,250
reflection,250,214,0,6,78,77,1,328
static_team,250,214,1,1,1,1,0,503
corpus_mesh,250,214,0,1,1,1,1,772
single,250,215,0,6,0,0,1,250
reflection,250,215,0,3,82,82,1,332
static_team,250,215,1,4,4,4,0,507
corpus_mesh,250,215,1,3,3,3,0,760
single,250,216,0,6,0,0,1,250
reflection,250,216,0,1,48,48,1,298
static_team,250,216,1,5,5,5,0,505
corpus_mesh,250,216,1,3,3,3,0,766
single,250,217,0,3,0,0,1,250
reflection,250,217,0,3,78,76,1,328
static_team,250,217,1,3,3,3,0,504
corpus_mesh,250,217,1,1,1,1,0,760
single,250,218,0,5,0,0,1,250
reflection,250,218,0,3,84,83,1,334
static_team,250,218,1,2,2,2,0,502
corpus_mesh,250,218,1,3,3,3,0,764
single,250,219,0,3,0,0,1,250
reflection,250,219,0,7,76,74,1,326
static_team,250,219,1,3,3,3,0,509
corpus_mesh,250,219,1,4,4,4,0,766
single,250,220,0,5,0,0,1,250
reflection,250,220,0,5,65,64,1,315
static_team,250,220,1,4,4,4,0,505
corpus_mesh,250,220,1,4,4,4,0,764
single,250,221,0,6,0,0,1,250
reflection,250,221,0,2,63,61,1,313
static_team,250,221,1,6,6,6,0,509
corpus_mesh,250,221,1,0,0,0,0,754
single,250,222,0,4,0,0,1,250
reflection,250,222,1,5,71,71,0,321
static_team,250,222,1,3,3,3,0,503
corpus_mesh,250,222,1,2,2,2,0,762
single,250,223,0,5,0,0,1,250
reflection,250,223,0,5,73,73,1,323
static_team,250,223,1,4,4,4,0,505
corpus_mesh,250,223,1,4,4,4,0,764
single,250,224,0,3,0,0,1,250
reflection,250,224,0,3,58,58,1,308
static_team,250,224,1,3,3,3,0,504
corpus_mesh,250,224,1,2,2,2,0,762
single,250,225,0,1,0,0,1,250
reflection,250,225,0,2,75,73,1,325
static_team,250,225,1,4,4,4,0,505
corpus_mesh,250,225,1,5,5,5,0,768
single,250,226,0,2,0,0,1,250
reflection,250,226,0,6,73,72,1,323
static_team,250,226,1,0,0,0,0,502
corpus_mesh,250,226,1,3,3,3,0,758
single,250,227,0,3,0,0,1,250
reflection,250,227,0,2,74,72,1,324
static_team,250,227,1,1,1,1,0,503
corpus_mesh,250,227,1,2,2,2,0,756
single,250,228,0,4,0,0,1,250
reflection,250,228,0,3,65,65,1,315
static_team,250,228,1,5,5,5,0,506
corpus_mesh,250,228,1,0,0,0,0,756
single,250,229,0,2,0,0,1,250
reflection,250,229,0,3,64,64,1,314
static_team,250,229,1,5,5,5,0,505
corpus_mesh,250,229,1,2,2,2,0,770
single,250,230,0,5,0,0,1,250
reflection,250,230,0,7,60,59,1,310
static_team,250,230,1,4,4,4,0,507
corpus_mesh,250,230,1,4,4,4,0,764
single,250,231,0,2,0,0,1,250
reflection,250,231,1,2,67,67,0,317
static_team,250,231,1,1,1,1,0,502
corpus_mesh,250,231,1,5,5,5,0,764
single,250,232,0,5,0,0,1,250
reflection,250,232,0,4,62,62,1,312
static_team,250,232,1,1,1,1,0,501
corpus_mesh,250,232,1,2,2,2,0,760
single,250,233,1,0,0,0,0,250
reflection,250,233,0,3,67,65,1,317
static_team,250,233,1,1,1,1,0,503
corpus_mesh,250,233,1,2,2,2,0,764
single,250,234,0,8,0,0,1,250
reflection,250,234,0,5,85,85,1,335
static_team,250,234,1,3,3,3,0,503
corpus_mesh,250,234,1,2,2,2,0,762
single,250,235,0,4,0,0,1,250
reflection,250,235,0,2,67,66,1,317
static_team,250,235,0,3,2,2,1,503
corpus_mesh,250,235,1,5,5,5,0,766
single,250,236,1,0,0,0,0,250
reflection,250,236,0,2,75,75,1,325
static_team,250,236,1,3,3,3,0,503
corpus_mesh,250,236,0,3,3,2,1,756
single,250,237,0,1,0,0,1,250
reflection,250,237,0,3,71,71,1,321
static_team,250,237,1,5,5,5,0,506
corpus_mesh,250,237,1,1,1,1,0,768
single,250,238,0,3,0,0,1,250
reflection,250,238,0,0,67,65,1,317
static_team,250,238,1,4,4,4,0,505
corpus_mesh,250,238,1,3,3,3,0,762
single,250,239,0,3,0,0,1,250
reflection,250,239,0,3,84,81,1,334
static_team,250,239,1,4,4,4,0,508
corpus_mesh,250,239,1,3,3,3,0,758
single,250,240,0,4,0,0,1,250
reflection,250,240,0,6,63,61,1,313
static_team,250,240,1,1,1,1,0,501
corpus_mesh,250,240,1,11,11,11,0,776
single,250,241,0,1,0,0,1,250
reflection,250,241,1,3,79,78,0,329
static_team,250,241,1,6,6,6,0,509
corpus_mesh,250,241,1,4,4,4,0,764
single,250,242,0,4,0,0,1,250
reflection,250,242,0,2,74,74,1,324
static_team,250,242,1,5,5,5,0,508
corpus_mesh,250,242,1,2,2,2,0,760
single,250,243,0,7,0,0,1,250
reflection,250,243,0,5,59,59,1,309
static_team,250,243,1,1,1,1,0,505
corpus_mesh,250,243,1,4,4,4,0,760
single,250,244,0,4,0,0,1,250
reflection,250,244,0,2,59,57,1,309
static_team,250,244,1,4,4,4,0,505
corpus_mesh,250,244,1,2,2,2,0,758
single,250,245,0,3,0,0,1,250
reflection,250,245,0,3,81,81,1,331
static_team,250,245,1,4,4,4,0,506
corpus_mesh,250,245,1,4,4,4,0,760
single,250,246,0,7,0,0,1,250
reflection,250,246,0,6,69,68,1,319
static_team,250,246,1,3,3,3,0,504
corpus_mesh,250,246,1,1,1,1,0,754
single,250,247,0,3,0,0,1,250
reflection,250,247,0,9,64,64,1,314
static_team,250,247,1,4,4,4,0,507
corpus_mesh,250,247,1,4,4,4,0,762
single,250,248,0,4,0,0,1,250
reflection,250,248,0,4,68,67,1,318
static_team,250,248,1,3,3,3,0,504
corpus_mesh,250,248,1,2,2,2,0,760
single,250,249,0,7,0,0,1,250
reflection,250,249,0,4,75,75,1,325
static_team,250,249,1,7,7,7,0,508
corpus_mesh,250,249,0,7,7,6,1,778
single,250,250,0,5,0,0,1,250
reflection,250,250,0,4,66,66,1,316
static_team,250,250,1,5,5,5,0,506
corpus_mesh,250,250,1,4,4,4,0,762
single,250,251,0,6,0,0,1,250
reflection,250,251,0,2,69,68,1,319
static_team,250,251,1,6,6,6,0,508
corpus_mesh,250,251,1,4,4,4,0,770
single,250,252,0,5,0,0,1,250
reflection,250,252,0,6,66,65,1,316
static_team,250,252,1,3,3,3,0,504
corpus_mesh,250,252,1,3,3,3,0,770
single,250,253,0,2,0,0,1,250
reflection,250,253,0,5,75,74,1,325
static_team,250,253,1,4,4,4,0,507
corpus_mesh,250,253,1,7,7,7,0,770
single,250,254,0,1,0,0,1,250
reflection,250,254,0,4,66,65,1,316
static_team,250,254,1,2,2,2,0,504
corpus_mesh,250,254,1,5,5,5,0,766
single,250,255,0,2,0,0,1,250
reflection,250,255,0,3,67,67,1,317
static_team,250,255,1,3,3,3,0,503
corpus_mesh,250,255,1,2,2,2,0,760
single,250,256,0,4,0,0,1,250
reflection,250,256,0,7,76,76,1,326
static_team,250,256,1,7,7,7,0,507
corpus_mesh,250,256,1,6,6,6,0,762
single,250,257,0,5,0,0,1,250
reflection,250,257,0,4,63,63,1,313
static_team,250,257,1,3,3,3,0,503
corpus_mesh,250,257,1,2,2,2,0,762
single,250,258,0,4,0,0,1,250
reflection,250,258,0,4,54,54,1,304
static_team,250,258,1,7,7,7,0,507
corpus_mesh,250,258,1,5,5,5,0,764
single,250,259,0,8,0,0,1,250
reflection,250,259,0,3,64,64,1,314
static_team,250,259,1,3,3,3,0,505
corpus_mesh,250,259,1,3,3,3,0,758
single,250,260,0,2,0,0,1,250
reflection,250,260,0,6,62,62,1,312
static_team,250,260,1,0,0,0,0,500
corpus_mesh,250,260,1,6,6,6,0,772
single,250,261,0,4,0,0,1,250
reflection,250,261,0,2,67,65,1,317
static_team,250,261,1,3,3,3,0,503
corpus_mesh,250,261,1,4,4,4,0,766
single,250,262,0,2,0,0,1,250
reflection,250,262,0,6,71,71,1,321
static_team,250,262,1,3,3,3,0,504
corpus_mesh,250,262,1,3,3,3,0,768
single,250,263,0,6,0,0,1,250
reflection,250,263,0,4,68,68,1,318
static_team,250,263,1,2,2,2,0,504
corpus_mesh,250,263,1,8,8,8,0,768
single,250,264,0,4,0,0,1,250
reflection,250,264,0,2,60,59,1,310
static_team,250,264,1,1,1,1,0,502
corpus_mesh,250,264,1,6,6,6,0,768
single,250,265,0,5,0,0,1,250
reflection,250,265,0,4,62,62,1,312
static_team,250,265,1,3,3,3,0,504
corpus_mesh,250,265,1,6,6,6,0,772
single,250,266,0,4,0,0,1,250
reflection,250,266,0,5,74,74,1,324
static_team,250,266,1,3,3,3,0,503
corpus_mesh,250,266,1,8,8,8,0,770
single,250,267,0,2,0,0,1,250
reflection,250,267,0,4,75,75,1,325
static_team,250,267,1,1,1,1,0,501
corpus_mesh,250,267,1,1,1,1,0,762
single,250,268,0,4,0,0,1,250
reflection,250,268,0,3,73,73,1,323
static_team,250,268,1,3,3,3,0,505
corpus_mesh,250,268,1,4,4,4,0,758
single,250,269,0,3,0,0,1,250
reflection,250,269,0,2,68,67,1,318
static_team,250,269,1,4,4,4,0,505
corpus_mesh,250,269,1,4,4,4,0,766
single,250,270,0,1,0,0,1,250
reflection,250,270,0,2,57,54,1,307
static_team,250,270,1,4,4,4,0,504
corpus_mesh,250,270,1,3,3,3,0,768
single,250,271,0,1,0,0,1,250
reflection,250,271,0,6,73,73,1,323
static_team,250,271,1,0,0,0,0,500
corpus_mesh,250,271,1,3,3,3,0,768
single,250,272,0,5,0,0,1,250
reflection,250,272,0,5,70,70,1,320
static_team,250,272,1,2,2,2,0,502
corpus_mesh,250,272,1,2,2,2,0,760
single,250,273,0,6,0,0,1,250
reflection,250,273,0,3,76,75,1,326
static_team,250,273,1,4,4,4,0,505
corpus_mesh,250,273,1,2,2,2,0,758
single,250,274,0,4,0,0,1,250
reflection,250,274,0,3,57,57,1,307
static_team,250,274,1,2,2,2,0,503
corpus_mesh,250,274,1,3,3,3,0,766
single,250,275,0,3,0,0,1,250
reflection,250,275,0,2,74,71,1,324
static_team,250,275,1,5,5,5,0,510
corpus_mesh,250,275,1,2,2,2,0,764
single,250,276,0,5,0,0,1,250
reflection,250,276,0,2,67,67,1,317
static_team,250,276,0,3,3,2,1,504
corpus_mesh,250,276,1,5,5,5,0,764
single,250,277,0,5,0,0,1,250
reflection,250,277,0,1,61,61,1,311
static_team,250,277,1,5,5,5,0,505
corpus_mesh,250,277,0,4,4,4,1,770
single,250,278,0,6,0,0,1,250
reflection,250,278,0,4,64,62,1,314
static_team,250,278,1,0,0,0,0,503
corpus_mesh,250,278,1,4,4,4,0,764
single,250,279,0,6,0,0,1,250
reflection,250,279,0,5,68,67,1,318
static_team,250,279,1,2,2,2,0,504
corpus_mesh,250,279,1,5,5,5,0,764
single,250,280,1,0,0,0,0,250
reflection,250,280,0,3,60,58,1,310
static_team,250,280,0,4,4,3,1,506
corpus_mesh,250,280,1,7,7,7,0,768
single,250,281,0,2,0,0,1,250
reflection,250,281,1,1,67,67,0,317
static_team,250,281,1,5,5,5,0,505
corpus_mesh,250,281,1,3,3,3,0,768
single,250,282,0,3,0,0,1,250
reflection,250,282,0,1,79,78,1,329
static_team,250,282,1,2,2,2,0,504
corpus_mesh,250,282,1,4,4,4,0,768
single,250,283,0,2,0,0,1,250
reflection,250,283,1,1,67,67,0,317
static_team,250,283,1,2,2,2,0,505
corpus_mesh,250,283,1,1,1,1,0,756
single,250,284,0,6,0,0,1,250
reflection,250,284,0,3,87,83,1,337
static_team,250,284,1,2,2,2,0,503
corpus_mesh,250,284,1,4,4,4,0,762
single,250,285,0,4,0,0,1,250
reflection,250,285,0,5,69,69,1,319
static_team,250,285,1,5,5,5,0,506
corpus_mesh,250,285,1,7,7,7,0,766
single,250,286,0,4,0,0,1,250
reflection,250,286,0,3,66,65,1,316
static_team,250,286,1,3,3,3,0,504
corpus_mesh,250,286,0,4,4,4,1,766
single,250,287,0,4,0,0,1,250
reflection,250,287,0,5,65,64,1,315
static_team,250,287,1,1,1,1,0,504
corpus_mesh,250,287,1,2,2,2,0,762
single,250,288,0,7,0,0,1,250
reflection,250,288,0,3,69,66,1,319
static_team,250,288,1,3,3,3,0,505
corpus_mesh,250,288,1,4,4,4,0,760
single,250,289,0,4,0,0,1,250
reflection,250,289,0,2,76,74,1,326
static_team,250,289,1,3,3,3,0,504
corpus_mesh,250,289,1,5,5,5,0,762
single,250,290,0,7,0,0,1,250
reflection,250,290,0,1,64,63,1,314
static_team,250,290,0,11,11,10,1,511
corpus_mesh,250,290,1,4,4,4,0,762
single,250,291,0,5,0,0,1,250
reflection,250,291,0,8,76,74,1,326
static_team,250,291,1,4,4,4,0,504
corpus_mesh,250,291,1,4,4,4,0,774
single,250,292,0,3,0,0,1,250
reflection,250,292,0,5,78,76,1,328
static_team,250,292,1,2,2,2,0,507
corpus_mesh,250,292,1,4,4,4,0,764
single,250,293,0,5,0,0,1,250
reflection,250,293,0,2,69,69,1,319
static_team,250,293,0,4,4,3,1,506
corpus_mesh,250,293,1,0,0,0,0,752
single,250,294,0,1,0,0,1,250
reflection,250,294,0,4,74,73,1,324
static_team,250,294,1,2,2,2,0,503
corpus_mesh,250,294,1,4,4,4,0,766
single,250,295,0,1,0,0,1,250
reflection,250,295,0,4,75,74,1,325
static_team,250,295,1,4,4,4,0,505
corpus_mesh,250,295,1,8,8,8,0,772
single,250,296,1,2,0,0,0,250
reflection,250,296,0,4,68,68,1,318
static_team,250,296,1,1,1,1,0,501
corpus_mesh,250,296,0,6,6,6,1,764
single,250,297,0,4,0,0,1,250
reflection,250,297,0,3,63,61,1,313
static_team,250,297,1,4,4,4,0,508
corpus_mesh,250,297,1,4,4,4,0,768
single,250,298,0,3,0,0,1,250
reflection,250,298,0,2,72,71,1,322
static_team,250,298,1,2,2,2,0,504
corpus_mesh,250,298,0,1,1,1,1,760
single,250,299,1,5,0,0,0,250
reflection,250,299,0,7,77,76,1,327
static_team,250,299,1,7,7,7,0,507
corpus_mesh,250,299,1,4,4,4,0,762
single,250,300,0,9,0,0,1,250
reflection,250,300,0,4,61,60,1,311
static_team,250,300,1,4,4,4,0,507
corpus_mesh,250,300,1,4,4,4,0,766
single,250,301,0,3,0,0,1,250
reflection,250,301,0,7,84,84,1,334
static_team,250,301,1,4,4,4,0,504
corpus_mesh,250,301,1,3,3,3,0,762
single,250,302,0,2,0,0,1,250
reflection,250,302,0,6,68,66,1,318
static_team,250,302,1,3,3,3,0,504
corpus_mesh,250,302,1,6,6,6,0,766
single,250,303,0,10,0,0,1,250
reflection,250,303,0,4,74,73,1,324
static_team,250,303,1,7,7,7,0,509
corpus_mesh,250,303,1,4,4,4,0,764
single,250,304,0,7,0,0,1,250
reflection,250,304,0,2,73,73,1,323
static_team,250,304,1,5,5,5,0,507
corpus_mesh,250,304,0,6,6,5,2,770
single,250,305,0,4,0,0,1,250
reflection,250,305,0,1,71,68,1,321
static_team,250,305,1,2,2,2,0,502
corpus_mesh,250,305,1,2,2,2,0,758
single,250,306,0,2,0,0,1,250
reflection,250,306,0,4,68,65,1,318
static_team,250,306,1,6,6,6,0,507
corpus_mesh,250,306,1,7,7,7,0,780
single,250,307,0,4,0,0,1,250
reflection,250,307,0,3,60,60,1,310
static_team,250,307,1,2,2,2,0,503
corpus_mesh,250,307,1,1,1,1,0,766
single,250,308,0,3,0,0,1,250
reflection,250,308,0,4,78,74,1,328
static_team,250,308,1,5,5,5,0,506
corpus_mesh,250,308,1,6,6,6,0,778
single,250,309,0,3,0,0,1,250
reflection,250,309,0,2,81,80,1,331
static_team,250,309,0,3,3,2,1,506
corpus_mesh,250,309,1,2,2,2,0,762
single,250,310,0,3,0,0,1,250
reflection,250,310,0,1,64,63,1,314
static_team,250,310,0,6,6,5,1,506
corpus_mesh,250,310,1,4,4,4,0,762
single,250,311,0,3,0,0,1,250
reflection,250,311,0,5,66,66,1,316
static_team,250,311,1,3,3,3,0,508
corpus_mesh,250,311,1,2,2,2,0,756
single,250,312,0,4,0,0,1,250
reflection,250,312,0,3,74,72,1,324
static_team,250,312,1,3,3,3,0,503
corpus_mesh,250,312,1,8,8,8,0,780
single,250,313,0,2,0,0,1,250
reflection,250,313,0,2,76,76,1,326
static_team,250,313,0,8,8,7,1,508
corpus_mesh,250,313,1,10,10,10,0,776
single,250,314,0,3,0,0,1,250
reflection,250,314,0,0,75,74,1,325
static_team,250,314,1,6,6,6,0,507
corpus_mesh,250,314,1,3,3,3,0,766
single,250,315,0,2,0,0,1,250
reflection,250,315,0,3,74,73,1,324
static_team,250,315,0,6,6,4,2,507
corpus_mesh,250,315,1,4,4,4,0,768
single,250,316,1,0,0,0,0,250
reflection,250,316,0,4,76,75,1,326
static_team,250,316,1,7,7,7,0,508
corpus_mesh,250,316,1,2,2,2,0,764
single,250,317,0,4,0,0,1,250
reflection,250,317,0,1,84,84,1,334
static_team,250,317,1,1,1,1,0,502
corpus_mesh,250,317,1,6,6,6,0,766
single,250,318,0,2,0,0,1,250
reflection,250,318,1,4,70,70,0,320
static_team,250,318,1,4,4,4,0,506
corpus_mesh,250,318,1,5,5,5,0,772
single,250,319,0,6,0,0,1,250
reflection,250,319,0,4,64,63,1,314
static_team,250,319,1,4,4,4,0,505
corpus_mesh,250,319,1,4,4,4,0,764
single,250,320,0,4,0,0,1,250
reflection,250,320,0,4,75,75,1,325
static_team,250,320,0,3,3,3,1,505
corpus_mesh,250,320,1,3,3,3,0,770
single,250,321,0,4,0,0,1,250
reflection,250,321,1,0,76,76,0,326
static_team,250,321,1,3,3,3,0,504
corpus_mesh,250,321,1,1,1,1,0,754
single,250,322,0,4,0,0,1,250
reflection,250,322,0,2,71,69,1,321
static_team,250,322,1,2,2,2,0,502
corpus_mesh,250,322,1,3,3,3,0,760
single,250,323,0,5,0,0,1,250
reflection,250,323,0,4,71,71,1,321
static_team,250,323,1,2,2,2,0,502
corpus_mesh,250,323,1,6,6,6,0,774
single,250,324,0,3,0,0,1,250
reflection,250,324,0,3,68,68,1,318
static_team,250,324,1,3,3,3,0,505
corpus_mesh,250,324,1,1,1,1,0,758
single,250,325,0,1,0,0,1,250
reflection,250,325,0,6,62,61,1,312
static_team,250,325,1,2,2,2,0,502
corpus_mesh,250,325,1,1,1,1,0,758
single,250,326,0,6,0,0,1,250
reflection,250,326,0,1,70,68,1,320
static_team,250,326,1,5,5,5,0,507
corpus_mesh,250,326,1,6,6,6,0,766
single,250,327,0,4,0,0,1,250
reflection,250,327,0,7,69,69,1,319
static_team,250,327,1,4,4,4,0,506
corpus_mesh,250,327,1,1,1,1,0,754
single,250,328,0,2,0,0,1,250
reflection,250,328,0,1,67,67,1,317
static_team,250,328,1,4,4,4,0,506
corpus_mesh,250,328,1,3,3,3,0,760
single,250,329,0,2,0,0,1,250
reflection,250,329,0,1,72,70,1,322
static_team,250,329,1,5,5,5,0,506
corpus_mesh,250,329,1,4,4,4,0,766
single,250,330,0,7,0,0,1,250
reflection,250,330,0,4,70,70,1,320
static_team,250,330,1,7,7,7,0,509
corpus_mesh,250,330,1,3,3,3,0,762
single,250,331,0,2,0,0,1,250
reflection,250,331,0,5,76,76,1,326
static_team,250,331,1,3,3,3,0,503
corpus_mesh,250,331,1,4,4,4,0,762
single,250,332,0,3,0,0,1,250
reflection,250,332,0,3,75,74,1,325
static_team,250,332,1,4,4,4,0,504
corpus_mesh,250,332,1,7,7,7,0,764
single,250,333,0,3,0,0,1,250
reflection,250,333,0,4,65,65,1,315
static_team,250,333,1,1,1,1,0,503
corpus_mesh,250,333,1,0,0,0,0,756
single,250,334,0,2,0,0,1,250
reflection,250,334,0,3,78,78,1,328
static_team,250,334,1,4,4,4,0,506
corpus_mesh,250,334,1,4,4,4,0,764
single,250,335,0,3,0,0,1,250
reflection,250,335,0,4,66,64,1,316
static_team,250,335,0,7,7,6,1,508
corpus_mesh,250,335,1,3,3,3,0,764
single,250,336,0,2,0,0,1,250
reflection,250,336,0,5,57,57,1,307
static_team,250,336,1,4,4,4,0,507
corpus_mesh,250,336,1,6,6,6,0,770
single,250,337,0,1,0,0,1,250
reflection,250,337,1,1,60,60,0,310
static_team,250,337,1,2,2,2,0,505
corpus_mesh,250,337,1,4,4,4,0,772
single,250,338,0,1,0,0,1,250
reflection,250,338,0,3,72,71,1,322
static_team,250,338,1,4,4,4,0,505
corpus_mesh,250,338,1,1,1,1,0,756
single,250,339,0,4,0,0,1,250
reflection,250,339,0,2,68,67,1,318
static_team,250,339,1,5,5,5,0,505
corpus_mesh,250,339,1,0,0,0,0,756
single,250,340,0,7,0,0,1,250
reflection,250,340,0,10,77,75,1,327
static_team,250,340,1,4,4,4,0,509
corpus_mesh,250,340,1,3,3,3,0,762
single,250,341,0,3,0,0,1,250
reflection,250,341,0,4,68,67,1,318
static_team,250,341,1,4,4,4,0,505
corpus_mesh,250,341,1,2,2,2,0,762
single,250,342,0,2,0,0,1,250
reflection,250,342,0,2,53,51,1,303
static_team,250,342,1,4,4,4,0,505
corpus_mesh,250,342,1,1,1,1,0,758
single,250,343,0,3,0,0,1,250
reflection,250,343,0,2,62,59,1,312
static_team,250,343,1,0,0,0,0,504
corpus_mesh,250,343,1,3,3,3,0,762
single,250,344,0,3,0,0,1,250
reflection,250,344,0,3,70,70,1,320
static_team,250,344,1,4,4,4,0,504
corpus_mesh,250,344,1,4,4,4,0,764
single,250,345,0,3,0,0,1,250
reflection,250,345,0,4,77,77,1,327
static_team,250,345,0,8,7,7,1,507
corpus_mesh,250,345,0,3,3,2,1,762
single,250,346,0,5,0,0,1,250
reflection,250,346,0,2,76,74,1,326
static_team,250,346,1,6,6,6,0,509
corpus_mesh,250,346,1,4,4,4,0,764
single,250,347,0,8,0,0,1,250
reflection,250,347,0,7,73,73,1,323
static_team,250,347,1,4,4,4,0,505
corpus_mesh,250,347,1,4,4,4,0,768
single,250,348,0,5,0,0,1,250
reflection,250,348,0,5,76,76,1,326
static_team,250,348,1,1,1,1,0,501
corpus_mesh,250,348,1,4,4,4,0,766
single,250,349,0,4,0,0,1,250
reflection,250,349,0,7,62,61,1,312
static_team,250,349,1,4,4,4,0,504
corpus_mesh,250,349,1,5,5,4,0,768
single,250,350,0,3,0,0,1,250
reflection,250,350,0,5,77,76,1,327
static_team,250,350,1,4,4,4,0,508
corpus_mesh,250,350,1,6,6,6,0,764
single,250,351,0,3,0,0,1,250
reflection,250,351,0,1,75,72,1,325
static_team,250,351,1,3,3,3,0,503
corpus_mesh,250,351,1,0,0,0,0,758
single,250,352,0,6,0,0,1,250
reflection,250,352,0,4,73,73,1,323
static_team,250,352,1,6,6,6,0,506
corpus_mesh,250,352,0,4,4,3,1,764
single,250,353,0,3,0,0,1,250
reflection,250,353,0,6,60,59,1,310
static_team,250,353,1,4,4,4,0,507
corpus_mesh,250,353,1,8,8,8,0,772
single,250,354,0,3,0,0,1,250
reflection,250,354,0,5,63,61,1,313
static_team,250,354,1,6,6,6,0,507
corpus_mesh,250,354,1,5,5,5,0,770
single,250,355,0,3,0,0,1,250
reflection,250,355,0,2,71,70,1,321
static_team,250,355,1,2,2,2,0,503
corpus_mesh,250,355,1,4,4,4,0,766
single,250,356,0,6,0,0,1,250
reflection,250,356,0,5,74,72,1,324
static_team,250,356,1,7,7,7,0,507
corpus_mesh,250,356,1,1,1,1,0,758
single,250,357,0,2,0,0,1,250
reflection,250,357,0,3,58,57,1,308
static_team,250,357,1,1,1,1,0,502
corpus_mesh,250,357,1,3,3,3,0,764
single,250,358,0,1,0,0,1,250
reflection,250,358,0,5,62,60,1,312
static_team,250,358,1,6,6,6,0,506
corpus_mesh,250,358,0,3,3,3,1,766
single,250,359,0,2,0,0,1,250
reflection,250,359,0,4,78,78,1,328
static_team,250,359,1,2,2,2,0,503
corpus_mesh,250,359,1,4,4,4,0,762
single,250,360,0,5,0,0,1,250
reflection,250,360,0,7,73,73,1,323
static_team,250,360,1,4,4,4,0,507
corpus_mesh,250,360,1,6,6,6,0,774
single,250,361,0,4,0,0,1,250
reflection,250,361,0,4,80,79,1,330
static_team,250,361,1,2,2,2,0,504
corpus_mesh,250,361,1,3,3,3,0,766
single,250,362,0,5,0,0,1,250
reflection,250,362,0,3,62,61,1,312
static_team,250,362,0,8,8,8,1,511
corpus_mesh,250,362,1,4,4,4,0,762
single,250,363,0,2,0,0,1,250
reflection,250,363,1,4,66,61,0,316
static_team,250,363,0,10,10,9,1,510
corpus_mesh,250,363,1,5,5,5,0,772
single,250,364,0,1,0,0,1,250
reflection,250,364,0,6,73,73,1,323
static_team,250,364,1,3,3,3,0,504
corpus_mesh,250,364,1,5,5,5,0,764
single,250,365,0,4,0,0,1,250
reflection,250,365,0,6,71,70,1,321
static_team,250,365,1,4,4,4,0,504
corpus_mesh,250,365,1,5,5,5,0,768
single,250,366,0,5,0,0,1,250
reflection,250,366,0,4,64,61,1,314
static_team,250,366,1,2,2,2,0,505
corpus_mesh,250,366,1,6,6,6,0,768
single,250,367,0,3,0,0,1,250
reflection,250,367,0,2,71,71,1,321
static_team,250,367,1,6,6,6,0,506
corpus_mesh,250,367,1,2,2,2,0,760
single,250,368,0,2,0,0,1,250
reflection,250,368,0,2,74,72,1,324
static_team,250,368,1,5,5,5,0,506
corpus_mesh,250,368,1,2,2,2,0,762
single,250,369,0,3,0,0,1,250
reflection,250,369,0,4,76,74,1,326
static_team,250,369,1,4,4,4,0,504
corpus_mesh,250,369,1,5,5,5,0,760
single,250,370,0,4,0,0,1,250
reflection,250,370,0,2,82,81,1,332
static_team,250,370,1,3,3,3,0,505
corpus_mesh,250,370,1,1,1,1,0,762
single,250,371,0,6,0,0,1,250
reflection,250,371,0,5,69,69,1,319
static_team,250,371,1,1,1,1,0,502
corpus_mesh,250,371,1,2,2,2,0,764
single,250,372,0,3,0,0,1,250
reflection,250,372,0,3,63,62,1,313
static_team,250,372,1,3,3,3,0,504
corpus_mesh,250,372,1,1,1,1,0,760
single,250,373,0,4,0,0,1,250
reflection,250,373,0,3,84,83,1,334
static_team,250,373,1,6,6,6,0,507
corpus_mesh,250,373,1,4,4,4,0,766
single,250,374,0,3,0,0,1,250
reflection,250,374,0,4,69,68,1,319
static_team,250,374,1,1,1,1,0,502
corpus_mesh,250,374,0,4,4,4,1,768
single,250,375,0,4,0,0,1,250
reflection,250,375,0,2,72,71,1,322
static_team,250,375,1,1,1,1,0,501
corpus_mesh,250,375,0,7,7,7,1,772
single,250,376,1,0,0,0,0,250
reflection,250,376,0,4,76,75,1,326
static_team,250,376,1,6,6,6,0,510
corpus_mesh,250,376,1,1,1,1,0,760
single,250,377,0,1,0,0,1,250
reflection,250,377,0,4,71,71,1,321
static_team,250,377,1,1,1,1,0,503
corpus_mesh,250,377,1,3,3,3,0,768
single,250,378,0,5,0,0,1,250
reflection,250,378,0,5,73,73,1,323
static_team,250,378,1,3,3,3,0,505
corpus_mesh,250,378,1,4,4,4,0,770
single,250,379,0,5,0,0,1,250
reflection,250,379,0,6,68,68,1,318
static_team,250,379,1,4,4,4,0,505
corpus_mesh,250,379,1,0,0,0,0,754
single,250,380,0,4,0,0,1,250
reflection,250,380,0,8,76,76,1,326
static_team,250,380,1,3,3,3,0,506
corpus_mesh,250,380,1,3,3,3,0,756
single,250,381,0,1,0,0,1,250
reflection,250,381,0,2,66,64,1,316
static_team,250,381,1,4,4,4,0,504
corpus_mesh,250,381,0,2,2,2,1,762
single,250,382,0,1,0,0,1,250
reflection,250,382,0,4,68,67,1,318
static_team,250,382,1,7,7,7,0,507
corpus_mesh,250,382,1,6,6,6,0,766
single,250,383,0,1,0,0,1,250
reflection,250,383,0,2,73,73,1,323
static_team,250,383,1,0,0,0,0,500
corpus_mesh,250,383,1,1,1,1,0,762
single,250,384,0,3,0,0,1,250
reflection,250,384,0,4,69,68,1,319
static_team,250,384,1,4,4,4,0,507
corpus_mesh,250,384,1,2,2,2,0,764
single,250,385,0,3,0,0,1,250
reflection,250,385,0,6,83,80,1,333
static_team,250,385,0,3,3,2,1,504
corpus_mesh,250,385,1,1,1,1,0,762
single,250,386,0,3,0,0,1,250
reflection,250,386,0,4,68,67,1,318
static_team,250,386,1,7,7,7,0,507
corpus_mesh,250,386,1,8,8,8,0,776
single,250,387,0,5,0,0,1,250
reflection,250,387,0,2,60,59,1,310
static_team,250,387,1,4,4,4,0,505
corpus_mesh,250,387,1,3,3,3,0,766
single,250,388,0,4,0,0,1,250
reflection,250,388,0,3,75,74,1,325
static_team,250,388,1,1,1,1,0,503
corpus_mesh,250,388,1,5,5,5,0,762
single,250,389,0,4,0,0,1,250
reflection,250,389,0,4,60,58,1,310
static_team,250,389,1,0,0,0,0,500
corpus_mesh,250,389,1,6,6,6,0,766
single,250,390,0,1,0,0,1,250
reflection,250,390,0,2,63,61,1,313
static_team,250,390,1,3,3,3,0,503
corpus_mesh,250,390,1,2,2,2,0,764
single,250,391,0,6,0,0,1,250
reflection,250,391,0,2,80,78,1,330
static_team,250,391,1,2,2,2,0,502
corpus_mesh,250,391,1,2,2,2,0,768
single,250,392,0,5,0,0,1,250
reflection,250,392,0,4,73,72,1,323
static_team,250,392,1,1,1,1,0,502
corpus_mesh,250,392,1,1,1,1,0,756
single,250,393,0,1,0,0,1,250
reflection,250,393,1,0,74,74,0,324
static_team,250,393,1,3,3,3,0,507
corpus_mesh,250,393,0,5,5,4,1,768
single,250,394,0,4,0,0,1,250
reflection,250,394,0,4,82,82,1,332
static_team,250,394,1,4,4,4,0,506
corpus_mesh,250,394,1,2,2,2,0,760
single,250,395,0,4,0,0,1,250
reflection,250,395,0,8,73,72,1,323
static_team,250,395,1,3,3,3,0,504
corpus_mesh,250,395,1,5,5,5,0,764
single,250,396,0,3,0,0,1,250
reflection,250,396,0,5,65,63,1,315
static_team,250,396,1,4,4,4,0,504
corpus_mesh,250,396,1,2,2,2,0,758
single,250,397,0,4,0,0,1,250
reflection,250,397,0,4,78,78,1,328
static_team,250,397,1,4,4,4,0,508
corpus_mesh,250,397,1,6,6,6,0,770
single,250,398,0,3,0,0,1,250
reflection,250,398,1,1,65,65,0,315
static_team,250,398,1,4,4,4,0,506
corpus_mesh,250,398,1,4,4,4,0,760
single,250,399,0,7,0,0,1,250
reflection,250,399,0,2,63,61,1,313
static_team,250,399,1,5,5,5,0,506
corpus_mesh,250,399,1,2,2,2,0,760
single,250,400,0,5,0,0,1,250
reflection,250,400,0,5,67,67,1,317
static_team,250,400,1,6,6,6,0,506
corpus_mesh,250,400,1,2,2,2,0,758
single,250,401,0,6,0,0,1,250
reflection,250,401,0,2,62,61,1,312
static_team,250,401,1,0,0,0,0,502
corpus_mesh,250,401,0,6,6,5,1,764
single,250,402,0,3,0,0,1,250
reflection,250,402,0,4,88,86,1,338
static_team,250,402,1,4,4,4,0,505
corpus_mesh,250,402,1,7,7,7,0,768
single,250,403,0,4,0,0,1,250
reflection,250,403,0,5,80,80,1,330
static_team,250,403,1,8,8,8,0,510
corpus_mesh,250,403,1,4,4,4,0,766
single,250,404,0,2,0,0,1,250
reflection,250,404,0,4,85,81,1,335
static_team,250,404,1,5,5,5,0,505
corpus_mesh,250,404,0,5,5,5,1,766
single,250,405,0,3,0,0,1,250
reflection,250,405,0,1,59,58,1,309
static_team,250,405,1,4,4,4,0,507
corpus_mesh,250,405,1,6,6,6,0,764
single,250,406,0,7,0,0,1,250
reflection,250,406,0,3,69,65,1,319
static_team,250,406,1,1,1,1,0,501
corpus_mesh,250,406,0,3,3,3,1,766
single,250,407,0,3,0,0,1,250
reflection,250,407,0,4,63,62,1,313
static_team,250,407,1,3,3,3,0,505
corpus_mesh,250,407,1,2,2,2,0,766
single,250,408,0,7,0,0,1,250
reflection,250,408,0,6,67,67,1,317
static_team,250,408,1,3,3,3,0,503
corpus_mesh,250,408,0,4,4,3,1,770
single,250,409,0,3,0,0,1,250
reflection,250,409,0,5,81,81,1,331
static_team,250,409,1,4,4,4,0,507
corpus_mesh,250,409,1,3,3,3,0,770
single,250,410,1,0,0,0,0,250
reflection,250,410,0,4,78,77,1,328
static_team,250,410,1,6,6,6,0,509
corpus_mesh,250,410,1,3,3,3,0,760
single,250,411,0,3,0,0,1,250
reflection,250,411,0,3,77,77,1,327
static_team,250,411,1,3,3,3,0,505
corpus_mesh,250,411,1,1,1,1,0,764
single,250,412,0,3,0,0,1,250
reflection,250,412,0,5,65,62,1,315
static_team,250,412,1,4,4,4,0,504
corpus_mesh,250,412,1,4,4,4,0,770
single,250,413,0,2,0,0,1,250
reflection,250,413,0,11,77,75,1,327
static_team,250,413,1,5,5,5,0,507
corpus_mesh,250,413,1,2,2,2,0,764
single,250,414,0,1,0,0,1,250
reflection,250,414,0,4,72,71,1,322
static_team,250,414,1,5,5,5,0,506
corpus_mesh,250,414,1,5,5,5,0,764
single,250,415,0,3,0,0,1,250
reflection,250,415,0,3,77,76,1,327
static_team,250,415,1,5,5,5,0,506
corpus_mesh,250,415,1,4,4,4,0,766
single,250,416,0,3,0,0,1,250
reflection,250,416,0,1,63,62,1,313
static_team,250,416,1,6,6,6,0,506
corpus_mesh,250,416,1,1,1,1,0,772
single,250,417,0,1,0,0,1,250
reflection,250,417,0,2,74,70,1,324
static_team,250,417,1,2,2,2,0,502
corpus_mesh,250,417,1,7,7,7,0,768
single,250,418,0,3,0,0,1,250
reflection,250,418,0,5,77,76,1,327
static_team,250,418,1,2,2,2,0,502
corpus_mesh,250,418,1,2,2,2,0,758
single,250,419,0,4,0,0,1,250
reflection,250,419,0,4,75,74,1,325
static_team,250,419,1,5,5,5,0,505
corpus_mesh,250,419,1,7,7,7,0,770
single,250,420,0,4,0,0,1,250
reflection,250,420,0,3,67,66,1,317
static_team,250,420,1,1,1,1,0,502
corpus_mesh,250,420,0,1,1,1,1,764
single,250,421,1,0,0,0,0,250
reflection,250,421,0,2,72,71,1,322
static_team,250,421,1,2,2,2,0,503
corpus_mesh,250,421,1,4,4,4,0,762
single,250,422,0,2,0,0,1,250
reflection,250,422,0,4,76,75,1,326
static_team,250,422,1,1,1,1,0,503
corpus_mesh,250,422,1,5,5,5,0,768
single,250,423,0,4,0,0,1,250
reflection,250,423,0,6,68,67,1,318
static_team,250,423,1,4,4,4,0,506
corpus_mesh,250,423,1,4,4,3,0,762
single,250,424,0,2,0,0,1,250
reflection,250,424,0,3,72,71,1,322
static_team,250,424,1,4,4,4,0,505
corpus_mesh,250,424,1,3,3,3,0,766
single,250,425,0,5,0,0,1,250
reflection,250,425,0,4,72,72,1,322
static_team,250,425,1,7,7,7,0,509
corpus_mesh,250,425,1,3,3,3,0,766
single,250,426,0,3,0,0,1,250
reflection,250,426,0,4,57,55,1,307
static_team,250,426,1,1,1,1,0,501
corpus_mesh,250,426,1,4,4,4,0,768
single,250,427,0,5,0,0,1,250
reflection,250,427,0,2,62,62,1,312
static_team,250,427,1,3,3,3,0,503
corpus_mesh,250,427,1,2,2,2,0,760
single,250,428,1,0,0,0,0,250
reflection,250,428,0,3,73,72,1,323
static_team,250,428,1,4,4,4,0,504
corpus_mesh,250,428,0,4,4,4,1,772
single,250,429,0,2,0,0,1,250
reflection,250,429,0,4,69,68,1,319
static_team,250,429,1,0,0,0,0,500
corpus_mesh,250,429,1,4,4,4,0,762
single,250,430,0,4,0,0,1,250
reflection,250,430,0,3,66,64,1,316
static_team,250,430,1,3,3,3,0,506
corpus_mesh,250,430,1,2,2,2,0,764
single,250,431,0,5,0,0,1,250
reflection,250,431,0,3,73,70,1,323
static_team,250,431,1,2,2,2,0,502
corpus_mesh,250,431,1,3,3,3,0,764
single,250,432,0,2,0,0,1,250
reflection,250,432,0,6,78,76,1,328
static_team,250,432,1,6,6,6,0,507
corpus_mesh,250,432,1,3,3,3,0,762
single,250,433,0,2,0,0,1,250
reflection,250,433,0,1,66,64,1,316
static_team,250,433,1,1,1,1,0,502
corpus_mesh,250,433,1,3,3,3,0,762
single,250,434,0,2,0,0,1,250
reflection,250,434,0,6,75,75,1,325
static_team,250,434,1,2,2,2,0,502
corpus_mesh,250,434,1,2,2,2,0,766
single,250,435,0,5,0,0,1,250
reflection,250,435,1,3,62,62,0,312
static_team,250,435,1,1,1,1,0,502
corpus_mesh,250,435,1,1,1,1,0,758
single,250,436,0,3,0,0,1,250
reflection,250,436,0,5,69,66,1,319
static_team,250,436,1,8,8,8,0,509
corpus_mesh,250,436,1,5,5,5,0,776
single,250,437,0,1,0,0,1,250
reflection,250,437,0,3,75,73,1,325
static_team,250,437,1,3,3,3,0,506
corpus_mesh,250,437,1,4,4,4,0,770
single,250,438,0,3,0,0,1,250
reflection,250,438,0,1,67,67,1,317
static_team,250,438,1,5,5,5,0,505
corpus_mesh,250,438,1,4,4,4,0,768
single,250,439,0,3,0,0,1,250
reflection,250,439,1,1,66,66,0,316
static_team,250,439,1,6,6,6,0,506
corpus_mesh,250,439,1,4,4,3,0,766
single,250,440,0,11,0,0,1,250
reflection,250,440,0,3,71,69,1,321
static_team,250,440,1,2,2,2,0,505
corpus_mesh,250,440,1,4,4,4,0,762
single,250,441,0,4,0,0,1,250
reflection,250,441,0,2,71,70,1,321
static_team,250,441,1,2,2,2,0,503
corpus_mesh,250,441,1,2,2,2,0,760
single,250,442,0,2,0,0,1,250
reflection,250,442,0,1,83,82,1,333
static_team,250,442,1,1,1,1,0,501
corpus_mesh,250,442,1,0,0,0,0,758
single,250,443,0,4,0,0,1,250
reflection,250,443,1,2,82,81,0,332
static_team,250,443,1,5,5,5,0,505
corpus_mesh,250,443,1,1,1,1,0,758
single,250,444,0,2,0,0,1,250
reflection,250,444,0,6,74,74,1,324
static_team,250,444,1,2,2,2,0,504
corpus_mesh,250,444,1,1,1,1,0,758
single,250,445,0,4,0,0,1,250
reflection,250,445,0,3,72,72,1,322
static_team,250,445,0,5,5,4,1,505
corpus_mesh,250,445,1,3,3,3,0,764
single,250,446,0,1,0,0,1,250
reflection,250,446,0,2,75,73,1,325
static_team,250,446,1,2,2,2,0,504
corpus_mesh,250,446,1,3,3,3,0,766
single,250,447,0,4,0,0,1,250
reflection,250,447,0,3,76,75,1,326
static_team,250,447,0,6,6,5,1,506
corpus_mesh,250,447,1,2,2,2,0,772
single,250,448,0,2,0,0,1,250
reflection,250,448,0,3,69,68,1,319
static_team,250,448,1,3,3,3,0,503
corpus_mesh,250,448,1,7,7,7,0,770
single,250,449,0,7,0,0,1,250
reflection,250,449,0,5,63,63,1,313
static_team,250,449,1,2,2,2,0,504
corpus_mesh,250,449,1,2,2,2,0,764
single,250,450,0,4,0,0,1,250
reflection,250,450,0,5,75,73,1,325
static_team,250,450,1,2,2,2,0,505
corpus_mesh,250,450,0,2,2,1,1,758
single,250,451,0,4,0,0,1,250
reflection,250,451,0,2,77,77,1,327
static_team,250,451,1,6,6,6,0,507
corpus_mesh,250,451,0,6,6,5,1,770
single,250,452,0,3,0,0,1,250
reflection,250,452,0,5,78,78,1,328
static_team,250,452,1,7,7,7,0,508
corpus_mesh,250,452,1,3,3,3,0,760
single,250,453,0,7,0,0,1,250
reflection,250,453,0,6,71,68,1,321
static_team,250,453,0,4,4,3,2,507
corpus_mesh,250,453,1,2,2,2,0,764
single,250,454,0,5,0,0,1,250
reflection,250,454,0,3,64,62,1,314
static_team,250,454,1,5,5,5,0,507
corpus_mesh,250,454,1,4,4,4,0,772
single,250,455,0,2,0,0,1,250
reflection,250,455,0,3,73,72,1,323
static_team,250,455,1,6,6,6,0,507
corpus_mesh,250,455,1,4,4,4,0,768
single,250,456,0,6,0,0,1,250
reflection,250,456,0,1,73,73,1,323
static_team,250,456,1,3,3,3,0,504
corpus_mesh,250,456,1,2,2,2,0,768
single,250,457,0,2,0,0,1,250
reflection,250,457,0,4,53,52,1,303
static_team,250,457,1,2,2,2,0,503
corpus_mesh,250,457,0,6,6,5,1,774
single,250,458,0,5,0,0,1,250
reflection,250,458,0,5,72,71,1,322
static_team,250,458,1,4,4,4,0,504
corpus_mesh,250,458,1,2,2,2,0,760
single,250,459,0,3,0,0,1,250
reflection,250,459,0,3,64,62,1,314
static_team,250,459,1,3,3,3,0,504
corpus_mesh,250,459,1,4,4,4,0,766
single,250,460,0,6,0,0,1,250
reflection,250,460,0,4,57,55,1,307
static_team,250,460,1,3,3,3,0,503
corpus_mesh,250,460,0,7,7,6,1,768
single,250,461,0,3,0,0,1,250
reflection,250,461,0,2,73,72,1,323
static_team,250,461,1,1,1,1,0,502
corpus_mesh,250,461,1,3,3,3,0,764
single,250,462,0,3,0,0,1,250
reflection,250,462,0,5,69,66,1,319
static_team,250,462,1,4,4,4,0,505
corpus_mesh,250,462,1,2,2,2,0,758
single,250,463,0,8,0,0,1,250
reflection,250,463,0,4,70,68,1,320
static_team,250,463,1,2,2,2,0,502
corpus_mesh,250,463,1,5,5,5,0,766
single,250,464,0,6,0,0,1,250
reflection,250,464,0,4,87,86,1,337
static_team,250,464,1,5,5,5,0,506
corpus_mesh,250,464,1,2,2,2,0,766
single,250,465,0,6,0,0,1,250
reflection,250,465,0,5,75,74,1,325
static_team,250,465,1,4,4,4,0,506
corpus_mesh,250,465,1,5,5,5,0,770
single,250,466,0,7,0,0,1,250
reflection,250,466,0,4,76,73,1,326
static_team,250,466,1,1,1,1,0,503
corpus_mesh,250,466,1,5,5,5,0,762
single,250,467,0,1,0,0,1,250
reflection,250,467,0,2,70,70,1,320
static_team,250,467,1,7,7,7,0,509
corpus_mesh,250,467,1,1,1,1,0,760
single,250,468,0,4,0,0,1,250
reflection,250,468,0,5,56,56,1,306
static_team,250,468,1,2,2,2,0,503
corpus_mesh,250,468,1,1,1,1,0,760
single,250,469,0,4,0,0,1,250
reflection,250,469,0,5,65,63,1,315
static_team,250,469,1,7,7,7,0,508
corpus_mesh,250,469,1,6,6,6,0,768
single,250,470,0,3,0,0,1,250
reflection,250,470,0,3,71,71,1,321
static_team,250,470,1,1,1,1,0,502
corpus_mesh,250,470,1,4,4,4,0,770
single,250,471,0,3,0,0,1,250
reflection,250,471,0,2,73,73,1,323
static_team,250,471,0,4,3,3,1,505
corpus_mesh,250,471,1,3,3,3,0,766
single,250,472,0,2,0,0,1,250
reflection,250,472,1,1,77,77,0,327
static_team,250,472,1,5,5,5,0,507
corpus_mesh,250,472,1,1,1,1,0,762
single,250,473,0,2,0,0,1,250
reflection,250,473,0,3,56,55,1,306
static_team,250,473,1,4,4,4,0,505
corpus_mesh,250,473,1,3,3,3,0,762
single,250,474,0,3,0,0,1,250
reflection,250,474,0,3,72,70,1,322
static_team,250,474,1,3,3,3,0,503
corpus_mesh,250,474,1,6,6,6,0,772
single,250,475,0,2,0,0,1,250
reflection,250,475,0,2,79,74,1,329
static_team,250,475,1,3,3,3,0,504
corpus_mesh,250,475,1,3,3,3,0,768
single,250,476,0,5,0,0,1,250
reflection,250,476,0,2,74,74,1,324
static_team,250,476,1,4,4,4,0,504
corpus_mesh,250,476,1,5,5,5,0,770
single,250,477,0,4,0,0,1,250
reflection,250,477,0,3,83,82,1,333
static_team,250,477,1,2,2,2,0,506
corpus_mesh,250,477,1,3,3,3,0,766
single,250,478,0,4,0,0,1,250
reflection,250,478,0,5,67,66,1,317
static_team,250,478,1,4,4,4,0,506
corpus_mesh,250,478,1,2,2,2,0,768
single,250,479,0,5,0,0,1,250
reflection,250,479,0,2,77,77,1,327
static_team,250,479,1,4,4,4,0,506
corpus_mesh,250,479,1,2,2,2,0,762
single,250,480,0,7,0,0,1,250
reflection,250,480,0,4,76,76,1,326
static_team,250,480,1,2,2,2,0,503
corpus_mesh,250,480,1,2,2,2,0,756
single,250,481,0,3,0,0,1,250
reflection,250,481,0,1,58,57,1,308
static_team,250,481,1,3,3,3,0,505
corpus_mesh,250,481,1,1,1,1,0,756
single,250,482,0,4,0,0,1,250
reflection,250,482,0,7,67,65,1,317
static_team,250,482,1,3,3,3,0,504
corpus_mesh,250,482,1,4,4,4,0,762
single,250,483,0,1,0,0,1,250
reflection,250,483,0,1,54,54,1,304
static_team,250,483,1,3,3,3,0,503
corpus_mesh,250,483,1,4,4,4,0,766
single,250,484,0,4,0,0,1,250
reflection,250,484,0,1,58,57,1,308
static_team,250,484,1,2,2,2,0,502
corpus_mesh,250,484,1,4,4,4,0,762
single,250,485,0,7,0,0,1,250
reflection,250,485,0,1,75,75,1,325
static_team,250,485,1,1,1,1,0,502
corpus_mesh,250,485,1,2,2,2,0,762
single,250,486,0,4,0,0,1,250
reflection,250,486,0,6,69,67,1,319
static_team,250,486,1,5,5,5,0,507
corpus_mesh,250,486,1,3,3,3,0,766
single,250,487,0,2,0,0,1,250
reflection,250,487,0,4,85,82,1,335
static_team,250,487,1,4,4,4,0,505
corpus_mesh,250,487,0,4,4,4,1,768
single,250,488,0,4,0,0,1,250
reflection,250,488,0,3,85,81,1,335
static_team,250,488,1,4,4,4,0,505
corpus_mesh,250,488,1,5,5,5,0,772
single,250,489,0,5,0,0,1,250
reflection,250,489,0,5,62,61,1,312
static_team,250,489,1,4,4,4,0,505
corpus_mesh,250,489,0,3,3,2,1,760
single,250,490,0,4,0,0,1,250
reflection,250,490,0,2,69,68,1,319
static_team,250,490,1,4,4,4,0,505
corpus_mesh,250,490,1,2,2,2,0,762
single,250,491,0,4,0,0,1,250
reflection,250,491,0,1,68,67,1,318
static_team,250,491,1,2,2,2,0,502
corpus_mesh,250,491,1,5,5,5,0,772
single,250,492,0,4,0,0,1,250
reflection,250,492,0,3,65,64,1,315
static_team,250,492,1,0,0,0,0,500
corpus_mesh,250,492,1,1,1,1,0,760
single,250,493,1,0,0,0,0,250
reflection,250,493,0,3,75,73,1,325
static_team,250,493,1,1,1,1,0,501
corpus_mesh,250,493,1,3,3,3,0,758
single,250,494,0,4,0,0,1,250
reflection,250,494,0,1,71,69,1,321
static_team,250,494,1,1,1,1,0,501
corpus_mesh,250,494,1,7,7,7,0,766
single,250,495,0,8,0,0,1,250
reflection,250,495,0,4,70,68,1,320
static_team,250,495,1,3,3,3,0,504
corpus_mesh,250,495,0,5,5,5,1,764
single,250,496,0,6,0,0,1,250
reflection,250,496,0,3,71,70,1,321
static_team,250,496,1,3,3,3,0,504
corpus_mesh,250,496,1,5,5,5,0,764
single,250,497,0,4,0,0,1,250
reflection,250,497,0,3,74,71,1,324
static_team,250,497,1,2,2,2,0,502
corpus_mesh,250,497,1,3,3,2,0,758
single,250,498,0,1,0,0,1,250
reflection,250,498,0,3,72,71,1,322
static_team,250,498,1,7,7,7,0,508
corpus_mesh,250,498,1,3,3,3,0,762
single,250,499,0,4,0,0,1,250
reflection,250,499,0,2,62,61,1,312
static_team,250,499,1,2,2,2,0,505
corpus_mesh,250,499,1,2,2,2,0,766
